{"train": {"dream_mean": [0.30536332726478577, 0.187836155295372, 0.16387110948562622, 0.14680933952331543, 0.13443075120449066, 0.12516768276691437, 0.11939520388841629, 0.11750303953886032, 0.11077215522527695, 0.10526750981807709, 0.10331586748361588, 0.10094904899597168, 0.10223135352134705, 0.10260412842035294, 0.09617640823125839, 0.09607788175344467, 0.08947335928678513, 0.09501540660858154, 0.08649788796901703, 0.08753569424152374, 0.08317315578460693, 0.082077756524086, 0.08065378665924072, 0.07907610386610031, 0.07926884293556213], "dream_std": [0.32039451599121094, 0.21523049473762512, 0.19244852662086487, 0.17594584822654724, 0.16648809611797333, 0.15855801105499268, 0.15475265681743622, 0.1518721878528595, 0.14589069783687592, 0.14240320026874542, 0.13936811685562134, 0.13945667445659637, 0.13934451341629028, 0.13957160711288452, 0.13365842401981354, 0.13354447484016418, 0.12994666397571564, 0.133853018283844, 0.12359756231307983, 0.1265406310558319, 0.12170976400375366, 0.1221216693520546, 0.12061022967100143, 0.11749636381864548, 0.11782035231590271], "arctander": [0.4300895631313324, 0.40267983078956604, 0.3923586905002594, 0.38567954301834106, 0.3775327205657959, 0.3751070201396942, 0.37504586577415466, 0.37216493487358093, 0.37695518136024475, 0.3786538243293762, 0.37934690713882446, 0.38596490025520325, 0.3808553218841553, 0.38597849011421204, 0.38745296001434326, 0.3896884024143219, 0.3876431882381439, 0.3862502872943878, 0.3905853033065796, 0.38938263058662415, 0.3974275290966034, 0.3962860405445099, 0.39682960510253906, 0.4043513238430023, 0.4071711003780365], "ifra_2019": [0.3926876187324524, 0.3703096807003021, 0.3595162630081177, 0.35369575023651123, 0.34925973415374756, 0.3503616750240326, 0.347451388835907, 0.34651899337768555, 0.3501073718070984, 0.350192129611969, 0.35157662630081177, 0.35205695033073425, 0.3486098647117615, 0.3541760742664337, 0.35883814096450806, 0.3527633249759674, 0.3560691773891449, 0.35386526584625244, 0.36369800567626953, 0.36437612771987915, 0.3732764422893524, 0.37214624881744385, 0.37751469016075134, 0.37395456433296204, 0.3769778609275818], "leffingwell": [0.4277893900871277, 0.4173087477684021, 0.41308197379112244, 0.41378241777420044, 0.4141782522201538, 0.4171552360057831, 0.4228861331939697, 0.42723286151885986, 0.427674263715744, 0.4312269687652588, 0.4312317669391632, 0.4328845739364624, 0.4289672374725342, 0.43417277932167053, 0.43691226840019226, 0.4371713697910309, 0.44172438979148865, 0.43565046787261963, 0.4471050500869751, 0.4425088167190552, 0.44381141662597656, 0.4439745247364044, 0.44830209016799927, 0.4448453187942505, 0.4488178491592407], "sigma_2014": [0.4016309976577759, 0.3722877502441406, 0.35721567273139954, 0.34073588252067566, 0.3296199142932892, 0.31775155663490295, 0.31051892042160034, 0.3082132041454315, 0.3004465699195862, 0.3025095760822296, 0.30340760946273804, 0.30564048886299133, 0.30423280596733093, 0.3064657151699066, 0.31088295578956604, 0.30818891525268555, 0.3105917274951935, 0.299742728471756, 0.31821271777153015, 0.3116353452205658, 0.3215377926826477, 0.3169991672039032, 0.3217805027961731, 0.31940197944641113, 0.3273627460002899]}, "val": {"dream_mean": [0.0, 0.0, 0.0, 0.0, 0.0, 0.0, 0.0, 0.0, 0.0, 0.0, 0.0, 0.0, 0.0, 0.0, 0.0, 0.0, 0.0, 0.0, 0.0, 0.0, 0.0, 0.0, 0.0, 0.0, 0.0], "dream_std": [0.0, 0.0, 0.0, 0.0, 0.0, 0.0, 0.0, 0.0, 0.0, 0.0, 0.0, 0.0, 0.0, 0.0, 0.0, 0.0, 0.0, 0.0, 0.0, 0.0, 0.0, 0.0, 0.0, 0.0, 0.0], "arctander": [0.0, 0.0, 0.0, 0.0, 0.0, 0.0, 0.0, 0.0, 0.0, 0.0, 0.0, 0.0, 0.0, 0.0, 0.0, 0.0, 0.0, 0.0, 0.0, 0.0, 0.0, 0.0, 0.0, 0.0, 0.0], "ifra_2019": [0.0, 0.0, 0.0, 0.0, 0.0, 0.0, 0.0, 0.0, 0.0, 0.0, 0.0, 0.0, 0.0, 0.0, 0.0, 0.0, 0.0, 0.0, 0.0, 0.0, 0.0, 0.0, 0.0, 0.0, 0.0], "leffingwell": [0.0, 0.0, 0.0, 0.0, 0.0, 0.0, 0.0, 0.0, 0.0, 0.0, 0.0, 0.0, 0.0, 0.0, 0.0, 0.0, 0.0, 0.0, 0.0, 0.0, 0.0, 0.0, 0.0, 0.0, 0.0], "sigma_2014": [0.0, 0.0, 0.0, 0.0, 0.0, 0.0, 0.0, 0.0, 0.0, 0.0, 0.0, 0.0, 0.0, 0.0, 0.0, 0.0, 0.0, 0.0, 0.0, 0.0, 0.0, 0.0, 0.0, 0.0, 0.0]}}