{"train": {"dream_mean": [0.16882775723934174, 0.05899123102426529, 0.04775536432862282, 0.04170907288789749, 0.03859129548072815, 0.036783695220947266, 0.03706817328929901, 0.039045751094818115, 0.03585151955485344, 0.0356408916413784, 0.03686095029115677, 0.037271786481142044, 0.03960011526942253, 0.04282842576503754, 0.035544466227293015, 0.03808588907122612, 0.03352556750178337, 0.040785808116197586, 0.033749207854270935, 0.037305720150470734, 0.03443221002817154, 0.03538329899311066, 0.035488735884428024, 0.035355791449546814, 0.03685248643159866], "dream_std": [0.179549440741539, 0.0723298117518425, 0.05792519077658653, 0.049012575298547745, 0.04551011323928833, 0.04241027683019638, 0.042544569820165634, 0.04207848012447357, 0.03973131626844406, 0.03961938992142677, 0.03942490741610527, 0.04044906049966812, 0.04086791351437569, 0.04275120422244072, 0.03838085010647774, 0.039271969348192215, 0.037425193935632706, 0.04115154221653938, 0.03535807877779007, 0.0384029746055603, 0.035910721868276596, 0.03699663281440735, 0.03688976913690567, 0.03530331701040268, 0.036729179322719574], "arctander": [0.12276595085859299, 0.06064872816205025, 0.05083258077502251, 0.046088557690382004, 0.04326106980443001, 0.041423846036195755, 0.039957445114851, 0.03893972188234329, 0.0382893905043602, 0.037363167852163315, 0.03667628765106201, 0.03601795434951782, 0.035823024809360504, 0.03559020161628723, 0.03539571166038513, 0.035044461488723755, 0.03404170274734497, 0.03462047129869461, 0.03362487629055977, 0.03333849832415581, 0.03288865089416504, 0.03217056766152382, 0.03189021721482277, 0.03175446018576622, 0.030990682542324066], "ifra_2019": [0.19361941516399384, 0.08743710815906525, 0.07394613325595856, 0.06477432698011398, 0.058731622993946075, 0.056351058185100555, 0.053554706275463104, 0.05172593891620636, 0.050437867641448975, 0.04797713831067085, 0.048127468675374985, 0.04812076315283775, 0.047910332679748535, 0.04620147868990898, 0.04550720378756523, 0.045818064361810684, 0.04370125010609627, 0.045262571424245834, 0.042768314480781555, 0.04252152144908905, 0.04210765287280083, 0.04060967639088631, 0.041127510368824005, 0.03970697522163391, 0.03921078145503998], "leffingwell": [0.09427350759506226, 0.04535357654094696, 0.038626886904239655, 0.03588179126381874, 0.034353435039520264, 0.033365048468112946, 0.03255156800150871, 0.03183286637067795, 0.031232208013534546, 0.030666228383779526, 0.030239226296544075, 0.029901418834924698, 0.030065344646573067, 0.02978103794157505, 0.029329001903533936, 0.029128845781087875, 0.028540274128317833, 0.028709273785352707, 0.02798737958073616, 0.02770775929093361, 0.02737543173134327, 0.027180025354027748, 0.026847202330827713, 0.026468204334378242, 0.025948846712708473], "sigma_2014": [0.16977208852767944, 0.08254541456699371, 0.06939871609210968, 0.061718765646219254, 0.056637633591890335, 0.0533139705657959, 0.05189111828804016, 0.05016420781612396, 0.048779211938381195, 0.047854918986558914, 0.04691226780414581, 0.04641708731651306, 0.04628982022404671, 0.04590638354420662, 0.04511909931898117, 0.044894859194755554, 0.04375233128666878, 0.04431920498609543, 0.043460506945848465, 0.042887672781944275, 0.04229290410876274, 0.04232586547732353, 0.04160448908805847, 0.0411519855260849, 0.04086702689528465]}, "val": {"dream_mean": [0.0, 0.0, 0.0, 0.0, 0.0, 0.0, 0.0, 0.0, 0.0, 0.0, 0.0, 0.0, 0.0, 0.0, 0.0, 0.0, 0.0, 0.0, 0.0, 0.0, 0.0, 0.0, 0.0, 0.0, 0.0], "dream_std": [0.0, 0.0, 0.0, 0.0, 0.0, 0.0, 0.0, 0.0, 0.0, 0.0, 0.0, 0.0, 0.0, 0.0, 0.0, 0.0, 0.0, 0.0, 0.0, 0.0, 0.0, 0.0, 0.0, 0.0, 0.0], "arctander": [0.0, 0.0, 0.0, 0.0, 0.0, 0.0, 0.0, 0.0, 0.0, 0.0, 0.0, 0.0, 0.0, 0.0, 0.0, 0.0, 0.0, 0.0, 0.0, 0.0, 0.0, 0.0, 0.0, 0.0, 0.0], "ifra_2019": [0.0, 0.0, 0.0, 0.0, 0.0, 0.0, 0.0, 0.0, 0.0, 0.0, 0.0, 0.0, 0.0, 0.0, 0.0, 0.0, 0.0, 0.0, 0.0, 0.0, 0.0, 0.0, 0.0, 0.0, 0.0], "leffingwell": [0.0, 0.0, 0.0, 0.0, 0.0, 0.0, 0.0, 0.0, 0.0, 0.0, 0.0, 0.0, 0.0, 0.0, 0.0, 0.0, 0.0, 0.0, 0.0, 0.0, 0.0, 0.0, 0.0, 0.0, 0.0], "sigma_2014": [0.0, 0.0, 0.0, 0.0, 0.0, 0.0, 0.0, 0.0, 0.0, 0.0, 0.0, 0.0, 0.0, 0.0, 0.0, 0.0, 0.0, 0.0, 0.0, 0.0, 0.0, 0.0, 0.0, 0.0, 0.0]}}