{"lambda_history": {"dream_mean": [0.9987199435637759, 1.0491713259124236, 1.1169034048184963, 1.2052385919532214, 1.3099269536525084, 1.431709302659219, 1.5429266729794668, 1.6121782526094863, 1.7351545385863976, 1.8589049140628924, 1.9556456870225145, 2.043900972343017, 2.086655890320793, 2.064786721405406, 2.185386708182942, 2.2453943340220004, 2.4198099219368125, 2.4204196688699042, 2.588594467170333, 2.6472350170490264, 2.792132040577499, 2.9001102826904726, 3.003687515158626, 3.101335901051365, 3.1294587945016623], "dream_std": [0.9928249433572911, 0.9923411168222143, 1.004428188134617, 1.0358322922570433, 1.0708520390489105, 1.1178417333971626, 1.1538115414026346, 1.1864932341126535, 1.234190655323811, 1.2745914724796128, 1.3136428370822677, 1.337616678570647, 1.3587498185832563, 1.3580424776846618, 1.3957765723699764, 1.4225081559395154, 1.457891626237458, 1.459203889548961, 1.519727557157487, 1.5343689173882131, 1.5777256465294205, 1.5982124297436593, 1.616263019410827, 1.6530205102525128, 1.6584278037063294], "arctander": [1.0357596837731011, 1.0203871000861233, 1.0066516596241366, 0.9928385402434827, 0.9798974325166148, 0.9685094595235346, 0.95990310028946, 0.9530395314196082, 0.9450179298433674, 0.9381409601443415, 0.9334755926151875, 0.9312894269435192, 0.9311690995054429, 0.9316960711810072, 0.9277042062191916, 0.9260162825990688, 0.9235623330414077, 0.9235523524130059, 0.9203042821348599, 0.9191827555352929, 0.9170673382006587, 0.9175273842397702, 0.9181527598309807, 0.9165502469027562, 0.9174845988880217], "ifra_2019": [0.986079521790468, 0.9565257430420917, 0.9288503626536865, 0.9086910801040111, 0.8961016799208588, 0.884765608732492, 0.8785744615635702, 0.8754469215558005, 0.8726673418978824, 0.8753889056695501, 0.8753990789488797, 0.873995968780888, 0.8741808118266945, 0.880754220545291, 0.8845873599041011, 0.8867883932008584, 0.8916864946600965, 0.894783232109988, 0.9001590008639143, 0.9066223503387203, 0.9107829427037504, 0.9204648532889593, 0.925017374160434, 0.9339788802896374, 0.9425028293498388], "leffingwell": [1.0767905649406389, 1.0968099067176944, 1.112045718603821, 1.1174933439271821, 1.1164403624552504, 1.112049977389813, 1.107256824377859, 1.103243386220332, 1.0977822940268442, 1.0916026114249968, 1.0868047521282187, 1.0832094855346537, 1.0792463324045045, 1.077135093227466, 1.0719240387773985, 1.0688040313534903, 1.062326987016077, 1.0621483839061452, 1.0566873428406411, 1.0543965137596012, 1.0504024736695377, 1.0457719268791907, 1.0425541123701239, 1.039337880906344, 1.0381770978067593], "sigma_2014": [0.9981708289696238, 0.9638750188064912, 0.9330345096650796, 0.9076264871192514, 0.8881615696081082, 0.8736976516227889, 0.8606512728235146, 0.8509082991554792, 0.8425791771520313, 0.8346274382986318, 0.8288876973185466, 0.8241027717168745, 0.8207166776528488, 0.818360258040878, 0.814779718266446, 0.812246969668101, 0.808828055110028, 0.8079482731842271, 0.8034325207634825, 0.8013603580634054, 0.7987785177982992, 0.7948669140024623, 0.7926406892752135, 0.7900782393922352, 0.7869710895856767]}, "lambda_history_scaled": {"dream_mean": [733.0604385758115, 770.091753219719, 819.8070991367763, 884.6451264936645, 961.4863839809412, 1050.8746281518668, 1132.5081779669288, 1183.338837415363, 1273.6034313224159, 1364.436206922163, 1435.4439342745256, 1500.2233136997745, 1531.605423495462, 1515.5534535115678, 1604.0738438062795, 1648.1194411721483, 1776.1404827016204, 1776.5880369505096, 1900.0283389030246, 1943.0705025139855, 2049.424917783884, 2128.680947494807, 2204.7066361264315, 2276.3805513717016, 2297.02275516422], "dream_std": [728.7335084242517, 728.3783797475053, 737.2502900908089, 760.3009025166698, 786.0053966619002, 820.4958323135173, 846.8976713895338, 870.8860338386877, 905.8959410076772, 935.5501408000358, 964.2138424183845, 981.8106420708549, 997.3223668401101, 996.8031786205418, 1024.5000041195626, 1044.1209864596044, 1070.092453658294, 1071.0556549289374, 1115.4800269535956, 1126.2267853629485, 1158.0506245525946, 1173.0879234318459, 1186.337056247547, 1213.3170545253445, 1217.2860079204459], "arctander": [2674.331503502147, 2634.6394924223705, 2599.1745851495207, 2563.5091109086725, 2530.0951707578993, 2500.691424489766, 2478.469804947386, 2460.7480701254285, 2440.036294855575, 2422.2799590926898, 2410.233980132414, 2404.5893003681667, 2404.2786149230537, 2405.6392557893605, 2395.3322604579525, 2390.9740416707955, 2384.6379439129146, 2384.6121739303812, 2376.2256564722084, 2373.3298747921262, 2367.8678672341007, 2369.0557061070867, 2370.670425883592, 2366.5327375029165, 2368.945234328872], "ifra_2019": [1090.6039511002575, 1057.9174718045533, 1027.3085010949771, 1005.0123345950364, 991.0884579924698, 978.5507632581362, 971.7033544893087, 968.2442952407154, 965.170080139058, 968.1801296705224, 968.1913813174609, 966.6395414716621, 966.8439778803241, 974.1141679230918, 978.3536200539359, 980.7879628801494, 986.2052630940667, 989.6302547136468, 995.5758549554893, 1002.7243194746246, 1007.3259346303479, 1018.034127737589, 1023.0692158214399, 1032.980641600339, 1042.4081292609217], "leffingwell": [4007.8144827090578, 4082.3264728032586, 4139.034164643422, 4159.310226096972, 4155.391029058442, 4139.050015844884, 4121.209900334392, 4106.271883512075, 4085.9456983679142, 4062.944919723838, 4045.08728742123, 4031.705705159981, 4016.954849209566, 4009.096816992628, 3989.7012723294774, 3978.088604697691, 3953.9810456738387, 3953.316284898672, 3932.9902900528664, 3924.4638242132355, 3909.598006998019, 3892.3631118443477, 3880.386406241601, 3868.4155927334127, 3864.0951580367578], "sigma_2014": [979.205583219201, 945.5613934491679, 915.306853981443, 890.3815838639856, 871.2864997855542, 857.097396241956, 844.2988986398678, 834.741041471525, 826.5701727861427, 818.7695169709579, 813.1388310694942, 808.4448190542539, 805.1230607774447, 802.8114131381013, 799.2989036193835, 796.814277244407, 793.4603220629374, 792.5972559937268, 788.1673028689763, 786.1345112602007, 783.6017259601315, 779.7644426364155, 777.5805161789845, 775.0667528437828, 772.0186388835489]}, "l_hat": [0.16666666666666666, 0.060804662411160205, 0.0509638997802375, 0.04577836368275664, 0.04278453139644726, 0.04096710942560912, 0.039851861751875176, 0.039049543823488755, 0.03795759960705229, 0.03710932534772576, 0.036767654895906415, 0.036524522509635594, 0.03670361472190013, 0.03668600972619039, 0.035440537438079234, 0.035541096226307405, 0.03422812205131065, 0.03549300468131826, 0.033639285819989845, 0.0338655111498663, 0.033117148649234276, 0.03284220571437658, 0.03262934180677318, 0.0321183153198117, 0.03185578356082764], "r": {"dream_mean": [1.0, 0.7780280407205729, 0.7121747276325285, 0.6453335033680729, 0.588236989670147, 0.5360574016705403, 0.5072818632175978, 0.506020553881223, 0.4546067578513581, 0.42882272959142237, 0.4184313168347976, 0.40558625466270487, 0.4111772883300045, 0.43803735290224827, 0.37536563672599704, 0.38082213466729165, 0.33630234747863974, 0.37133928041043424, 0.3193697128485978, 0.3311552302164418, 0.30381598482851535, 0.29945951921738745, 0.2916992771059421, 0.2845818731657214, 0.2918017830186664], "dream_std": [1.0, 0.9023103988738949, 0.8587704441359961, 0.7928987184753747, 0.7589519245811344, 0.7108933533693064, 0.7011753004348834, 0.6856849596741209, 0.6436782871714625, 0.6301627409659034, 0.6137256822770198, 0.6161466968014317, 0.6096816207014031, 0.6313911902071736, 0.5794537048044426, 0.5781132886656352, 0.5572055994278861, 0.5847412632202434, 0.5218591378976384, 0.5459830121544351, 0.5140346060033998, 0.5210342369819219, 0.5173572790832299, 0.496551948341037, 0.5130535886387585],