{"train": {"dream_mean": [0.32566502690315247, 0.19147714972496033, 0.15888741612434387, 0.14317911863327026, 0.1314331293106079, 0.12336540222167969, 0.1232873797416687, 0.1164366751909256, 0.11326158046722412, 0.10866285115480423, 0.10707855969667435, 0.10272356122732162, 0.0995464101433754, 0.09563890099525452, 0.09407853335142136, 0.09619984775781631, 0.09147785604000092, 0.08837828040122986, 0.09253665804862976, 0.08877098560333252, 0.0837232694029808, 0.08510991185903549, 0.08670293539762497, 0.0850178524851799, 0.0815783441066742, 0.07773338258266449, 0.07705879956483841, 0.07566548138856888, 0.07406698167324066, 0.07298040390014648], "dream_std": [0.3323795199394226, 0.21743439137935638, 0.19079311192035675, 0.17545701563358307, 0.16709987819194794, 0.15901245176792145, 0.1592666059732437, 0.15334615111351013, 0.15086786448955536, 0.14463375508785248, 0.14470738172531128, 0.1402951180934906, 0.13679224252700806, 0.13315406441688538, 0.13258154690265656, 0.13358350098133087, 0.1304294466972351, 0.12727828323841095, 0.13182620704174042, 0.12793810665607452, 0.12291191518306732, 0.124125175178051, 0.12498072534799576, 0.12401160597801208, 0.11963451653718948, 0.11625535786151886, 0.11669537425041199, 0.11518354713916779, 0.11301468312740326, 0.11281266063451767], "arctander": [0.4260796308517456, 0.40148448944091797, 0.3836437165737152, 0.3723616600036621, 0.36466261744499207, 0.3653643727302551, 0.36264505982398987, 0.36572200059890747, 0.3648178279399872, 0.37248313426971436, 0.3649190366268158, 0.3713427782058716, 0.37045884132385254, 0.37636977434158325, 0.38155871629714966, 0.3814305067062378, 0.38025641441345215, 0.3842172622680664, 0.38271254301071167, 0.39095816016197205, 0.39058029651641846, 0.38985830545425415, 0.3901214599609375, 0.3865249752998352, 0.3949190378189087, 0.39480432868003845, 0.4030701816082001, 0.4037044644355774, 0.3989068865776062, 0.3947705924510956], "ifra_2019": [0.38306725025177, 0.3673573434352875, 0.3528645932674408, 0.3464107811450958, 0.34318387508392334, 0.340947687625885, 0.33689990639686584, 0.346807062625885, 0.3429291248321533, 0.3472033441066742, 0.3446274995803833, 0.3483355939388275, 0.3515058755874634, 0.35430818796157837, 0.3569406569004059, 0.35170403122901917, 0.3617244064807892, 0.36166781187057495, 0.3661401867866516, 0.3641021251678467, 0.36580049991607666, 0.36693274974823, 0.36732903122901917, 0.3675837814807892, 0.3684329688549042, 0.37664175033569336, 0.38145381212234497, 0.3795289993286133, 0.37964221835136414, 0.3823312819004059], "leffingwell": [0.42617496848106384, 0.4138040244579315, 0.40945249795913696, 0.4111700654029846, 0.4123719036579132, 0.41701850295066833, 0.41760382056236267, 0.41978919506073, 0.4222576320171356, 0.4228213429450989, 0.42835313081741333, 0.42471885681152344, 0.42706015706062317, 0.43048572540283203, 0.4340696334838867, 0.4359743297100067, 0.43315327167510986, 0.43565046787261963, 0.439951628446579, 0.43868502974510193, 0.43931594491004944, 0.43881458044052124, 0.4412374198436737, 0.44072166085243225, 0.44613590836524963, 0.4476567804813385, 0.4482804834842682, 0.44746968150138855, 0.4459823966026306, 0.4405297636985779], "sigma_2014": [0.39653414487838745, 0.37204504013061523, 0.34051746129989624, 0.3225086033344269, 0.3050094544887543, 0.30034950375556946, 0.2912965416908264, 0.29746130108833313, 0.289233535528183, 0.300665020942688, 0.2952041029930115, 0.3018057346343994, 0.30362603068351746, 0.30117470026016235, 0.30804330110549927, 0.3052036166191101, 0.30794620513916016, 0.31061598658561707, 0.3132372200489044, 0.3139653503894806, 0.3161497116088867, 0.31799426674842834, 0.3165137469768524, 0.31413522362709045, 0.32335808873176575, 0.32651329040527344, 0.32707148790359497, 0.3334546983242035, 0.331027626991272, 0.3308577239513397]}, "val": {"dream_mean": [0.0, 0.0, 0.0, 0.0, 0.0, 0.0, 0.0, 0.0, 0.0, 0.0, 0.0, 0.0, 0.0, 0.0, 0.0, 0.0, 0.0, 0.0, 0.0, 0.0, 0.0, 0.0, 0.0, 0.0, 0.0, 0.0, 0.0, 0.0, 0.0, 0.0], "dream_std": [0.0, 0.0, 0.0, 0.0, 0.0, 0.0, 0.0, 0.0, 0.0, 0.0, 0.0, 0.0, 0.0, 0.0, 0.0, 0.0, 0.0, 0.0, 0.0, 0.0, 0.0, 0.0, 0.0, 0.0, 0.0, 0.0, 0.0, 0.0, 0.0, 0.0], "arctander": [0.0, 0.0, 0.0, 0.0, 0.0, 0.0, 0.0, 0.0, 0.0, 0.0, 0.0, 0.0, 0.0, 0.0, 0.0, 0.0, 0.0, 0.0, 0.0, 0.0, 0.0, 0.0, 0.0, 0.0, 0.0, 0.0, 0.0, 0.0, 0.0, 0.0], "ifra_2019": [0.0, 0.0, 0.0, 0.0, 0.0, 0.0, 0.0, 0.0, 0.0, 0.0, 0.0, 0.0, 0.0, 0.0, 0.0, 0.0, 0.0, 0.0, 0.0, 0.0, 0.0, 0.0, 0.0, 0.0, 0.0, 0.0, 0.0, 0.0, 0.0, 0.0], "leffingwell": [0.0, 0.0, 0.0, 0.0, 0.0, 0.0, 0.0, 0.0, 0.0, 0.0, 0.0, 0.0, 0.0, 0.0, 0.0, 0.0, 0.0, 0.0, 0.0, 0.0, 0.0, 0.0, 0.0, 0.0, 0.0, 0.0, 0.0, 0.0, 0.0, 0.0], "sigma_2014": [0.0, 0.0, 0.0, 0.0, 0.0, 0.0, 0.0, 0.0, 0.0, 0.0, 0.0, 0.0, 0.0, 0.0, 0.0, 0.0, 0.0, 0.0, 0.0, 0.0, 0.0, 0.0, 0.0, 0.0, 0.0, 0.0, 0.0, 0.0, 0.0, 0.0]}}