{"train": {"dream_mean": [0.1997232735157013, 0.060243576765060425, 0.0458817183971405, 0.04282713308930397, 0.04070339724421501, 0.04023813083767891, 0.044232502579689026, 0.04220686852931976, 0.04255183786153793, 0.04319316893815994, 0.04125573858618736, 0.04081450775265694, 0.04240794852375984, 0.03962736576795578, 0.04150573909282684, 0.04688525199890137, 0.04122588038444519, 0.03797278180718422, 0.044667165726423264, 0.04154917597770691, 0.03814447298645973, 0.04242363199591637, 0.04490575194358826, 0.04321131855249405, 0.0398353710770607, 0.038589514791965485, 0.03803333640098572, 0.03890388086438179, 0.03856392204761505, 0.03951519727706909], "dream_std": [0.1934347301721573, 0.07400041073560715, 0.05655623599886894, 0.049117520451545715, 0.04574982076883316, 0.043744221329689026, 0.04614465311169624, 0.04384967312216759, 0.0435960479080677, 0.042953044176101685, 0.04209389537572861, 0.041298311203718185, 0.04148150235414505, 0.03925436735153198, 0.0414162240922451, 0.04267290607094765, 0.041262127459049225, 0.038623400032520294, 0.04233761131763458, 0.039951857179403305, 0.037765100598335266, 0.04015461355447769, 0.04077117517590523, 0.041212160140275955, 0.03774857521057129, 0.03672148659825325, 0.03731704503297806, 0.03743647038936615, 0.036333534866571426, 0.03680656850337982], "arctander": [0.12800152599811554, 0.06010299175977707, 0.05028168857097626, 0.04566800221800804, 0.04371154308319092, 0.04200068488717079, 0.0411427766084671, 0.04010465368628502, 0.03936595842242241, 0.03900618106126785, 0.03835420683026314, 0.037582091987133026, 0.03683538734912872, 0.03663799166679382, 0.035823214799165726, 0.0355074368417263, 0.03521530330181122, 0.03473329171538353, 0.035009030252695084, 0.03436603769659996, 0.03443126752972603, 0.03370870277285576, 0.033730387687683105, 0.033671434968709946, 0.033072128891944885, 0.03213426098227501, 0.03185563534498215, 0.03176460787653923, 0.031001770868897438, 0.030889026820659637], "ifra_2019": [0.18558675050735474, 0.08703483641147614, 0.06974947452545166, 0.06255420297384262, 0.05838921293616295, 0.05426578223705292, 0.053857047110795975, 0.052081670612096786, 0.04936044290661812, 0.04899712651968002, 0.04864431917667389, 0.047334201633930206, 0.0454091876745224, 0.04547668620944023, 0.04507908225059509, 0.04442563280463219, 0.04292720556259155, 0.04287366196513176, 0.044272564351558685, 0.04227963089942932, 0.041997671127319336, 0.04126007482409477, 0.04307400807738304, 0.041402917355298996, 0.04007377848029137, 0.03920707851648331, 0.03872570022940636, 0.038547441363334656, 0.03711121901869774, 0.037401046603918076], "leffingwell": [0.09223233908414841, 0.04432269558310509, 0.037708837538957596, 0.03523832932114601, 0.03412193804979324, 0.032910991460084915, 0.03253260999917984, 0.03194395452737808, 0.03126503527164459, 0.03083142265677452, 0.030620131641626358, 0.030078688636422157, 0.029446320608258247, 0.02927275560796261, 0.02882682904601097, 0.028690358623862267, 0.028228124603629112, 0.02798554301261902, 0.028315873816609383, 0.027887169271707535, 0.027600696310400963, 0.027158299461007118, 0.027383925393223763, 0.02683599293231964, 0.026585685089230537, 0.026146404445171356, 0.025868017226457596, 0.02554856613278389, 0.025371128693223, 0.024926602840423584], "sigma_2014": [0.1762816160917282, 0.0820300504565239, 0.06670574098825455, 0.06036768853664398, 0.0561395063996315, 0.0534871369600296, 0.052442241460084915, 0.0513969250023365, 0.04981490597128868, 0.049152933061122894, 0.04821405187249184, 0.04759982228279114, 0.04710851237177849, 0.046148981899023056, 0.04580700024962425, 0.04516778141260147, 0.04489292949438095, 0.0443202406167984, 0.04451686888933182, 0.043853193521499634, 0.04363308846950531, 0.04316416382789612, 0.04328332096338272, 0.04290338233113289, 0.04231943562626839, 0.041833020746707916, 0.041663385927677155, 0.040799591690301895, 0.04034683108329773, 0.03986617922782898]}, "val": {"dream_mean": [0.0, 0.0, 0.0, 0.0, 0.0, 0.0, 0.0, 0.0, 0.0, 0.0, 0.0, 0.0, 0.0, 0.0, 0.0, 0.0, 0.0, 0.0, 0.0, 0.0, 0.0, 0.0, 0.0, 0.0, 0.0, 0.0, 0.0, 0.0, 0.0, 0.0], "dream_std": [0.0, 0.0, 0.0, 0.0, 0.0, 0.0, 0.0, 0.0, 0.0, 0.0, 0.0, 0.0, 0.0, 0.0, 0.0, 0.0, 0.0, 0.0, 0.0, 0.0, 0.0, 0.0, 0.0, 0.0, 0.0, 0.0, 0.0, 0.0, 0.0, 0.0], "arctander": [0.0, 0.0, 0.0, 0.0, 0.0, 0.0, 0.0, 0.0, 0.0, 0.0, 0.0, 0.0, 0.0, 0.0, 0.0, 0.0, 0.0, 0.0, 0.0, 0.0, 0.0, 0.0, 0.0, 0.0, 0.0, 0.0, 0.0, 0.0, 0.0, 0.0], "ifra_2019": [0.0, 0.0, 0.0, 0.0, 0.0, 0.0, 0.0, 0.0, 0.0, 0.0, 0.0, 0.0, 0.0, 0.0, 0.0, 0.0, 0.0, 0.0, 0.0, 0.0, 0.0, 0.0, 0.0, 0.0, 0.0, 0.0, 0.0, 0.0, 0.0, 0.0], "leffingwell": [0.0, 0.0, 0.0, 0.0, 0.0, 0.0, 0.0, 0.0, 0.0, 0.0, 0.0, 0.0, 0.0, 0.0, 0.0, 0.0, 0.0, 0.0, 0.0, 0.0, 0.0, 0.0, 0.0, 0.0, 0.0, 0.0, 0.0, 0.0, 0.0, 0.0], "sigma_2014": [0.0, 0.0, 0.0, 0.0, 0.0, 0.0, 0.0, 0.0, 0.0, 0.0, 0.0, 0.0, 0.0, 0.0, 0.0, 0.0, 0.0, 0.0, 0.0, 0.0, 0.0, 0.0, 0.0, 0.0, 0.0, 0.0, 0.0, 0.0, 0.0, 0.0]}}