{"lambda_history": {"dream_mean": [0.9834487957927267, 1.0582376133888638, 1.179958199942806, 1.3054808280198904, 1.4517456037135297, 1.5960877946015999, 1.6787546898426313, 1.787295833353372, 1.8802538507138864, 1.9600913651272682, 2.0791574414676175, 2.204066138867939, 2.2818391239774636, 2.4323255928725245, 2.5322154596660154, 2.5069495169056832, 2.5958088193913778, 2.7856630791706003, 2.80773420502216, 2.8914252682233856, 3.098200276547625, 3.1507798319739124, 3.1454925603691963, 3.170737424417265, 3.285167192427091, 3.430186290891421, 3.605027011568848, 3.744279302387435, 3.882798419865698, 3.9757744564882014], "dream_std": [0.986161707630441, 0.9870713096500988, 1.0084378124999258, 1.0465589581354573, 1.0942473996984714, 1.1448057105932987, 1.1730842822102248, 1.2127045090757993, 1.2458588034668492, 1.2822125648487295, 1.3229116622623134, 1.3653492768105449, 1.3978468318433879, 1.455453986123187, 1.480098540512285, 1.489516734243616, 1.505149369658413, 1.5497614302885603, 1.556498893035171, 1.5817897472244176, 1.6363230139596312, 1.6492411085416188, 1.6605945706713294, 1.6566308209525475, 1.6923833989067358, 1.7340065558320121, 1.7605534123886135, 1.7806975573737183, 1.810223038909377, 1.827025045324374], "arctander": [1.0302067810262827, 1.0190477240611309, 1.0052320148907758, 0.9940405819097726, 0.9829053127996662, 0.9722670417036301, 0.9660674350768081, 0.9604748965957982, 0.954418490234682, 0.9487429202918671, 0.9442253002716058, 0.940440904758572, 0.9374822108654167, 0.9333037458332611, 0.9323456001102643, 0.933417841848099, 0.9314743075640861, 0.9291200069437962, 0.9303794364401551, 0.9300674043022826, 0.9268879084981061, 0.9268760561662885, 0.9293701896659734, 0.9287175032368566, 0.9269670302339958, 0.9268958231952276, 0.9269268968090986, 0.92596622074771, 0.9265139504781924, 0.9263973104292526], "ifra_2019": [0.9898052615345845, 0.9536641229444739, 0.925691475293448, 0.9036821292907204, 0.887279473470026, 0.8776433118079487, 0.8695142817505788, 0.86357625868781, 0.8636000187683738, 0.8632813386733559, 0.8619190788381561, 0.8622843472340063, 0.8671596137344529, 0.8691148853399786, 0.8709833439553226, 0.8755954664283341, 0.8824028940134847, 0.8857405416471398, 0.887278681191644, 0.8928840353899068, 0.8970912923149013, 0.9032832303447782, 0.9027120423722027, 0.9071196759819389, 0.913278182444611, 0.9192110868335052, 0.9257445617404608, 0.9312744268721413, 0.9413166279978668, 0.9474579877208495], "leffingwell": [1.0807030682747922, 1.0980790033181187, 1.1048757681007626, 1.1049901689987873, 1.1007281311428967, 1.0952004611461896, 1.0922342066467756, 1.0875730923250169, 1.0828583783039103, 1.079678602461235, 1.0748733938251087, 1.070169010339633, 1.066759099793524, 1.0618164308183307, 1.0589634496769267, 1.0576116362574097, 1.0547542503784897, 1.0499668690996475, 1.0487333456221288, 1.044820976748791, 1.0407106088759335, 1.0391884393267667, 1.0387898958915673, 1.0396541903951875, 1.0367474612529544, 1.0327616690438555, 1.0296100758997588, 1.0278850149219132, 1.0235431772538746, 1.0222547102791189], "sigma_2014": [0.9945456879519085, 0.9624757584669531, 0.9358388427467228, 0.9136018686198291, 0.8976699029626247, 0.8843762228846415, 0.874958340800094, 0.865612896305879, 0.858535530574833, 0.8527394345382017, 0.8484414665788739, 0.8436128850947746, 0.8380878227285866, 0.8343907505518567, 0.8308387817407898, 0.8298844901295054, 0.8264785049635259, 0.8228295688644489, 0.8225944826734859, 0.8207227240287405, 0.817963151101218, 0.8160126913396009, 0.8157013661083761, 0.8143591956969127, 0.8116650202729372, 0.8077627572138887, 0.8036160849491409, 0.8018018158237611, 0.7992279995802257, 0.7976710397938516]}, "lambda_history_scaled": {"dream_mean": [719.884518520276, 774.6299330006483, 863.7294023581339, 955.6119661105598, 1062.6777819183037, 1168.3362656483712, 1228.848432964806, 1308.3005500146683, 1376.345818722565, 1434.7868792731604, 1521.943247154296, 1613.3764136513314, 1670.3062387515033, 1780.4623339826878, 1853.5817164755233, 1835.0870463749602, 1900.1320557944885, 2039.1053739528795, 2055.261438076221, 2116.5232963395183, 2267.8826024328614, 2306.370837004904, 2302.500554190252, 2320.979794673438, 2404.742384856631, 2510.89636493252, 2638.879772468397, 2740.812449347602, 2842.208443341691, 2910.2669021493634], "dream_std": [721.8703699854827, 722.5361986638724, 738.1764787499457, 766.0811573551547, 800.9890965792811, 837.9977801542947, 858.6976945778845, 887.6997006434851, 911.9686441377336, 938.57959746927, 968.3713367760134, 999.4356706253188, 1023.2238809093599, 1065.3923178421728, 1083.4321316549926, 1090.326249466327, 1101.7693385899584, 1134.4253669712261, 1139.3571897017453, 1157.8700949682736, 1197.78844621845, 1207.244491452465, 1215.5552257314132, 1212.653760937265, 1238.8246479997306, 1269.2927988690328, 1288.7250978684651, 1303.4706119975617, 1325.083264481664, 1337.3823331774418], "arctander": [2678.537630668335, 2649.5240825589403, 2613.603238716017, 2584.505512965409, 2555.553813279132, 2527.8943084294383, 2511.775331199701, 2497.2347311490753, 2481.488074610173, 2466.7315927588547, 2454.985780706175, 2445.1463523722873, 2437.4537482500837, 2426.589739166479, 2424.098560286687, 2426.8863888050573, 2421.833199666624, 2415.71201805387, 2418.9865347444033, 2418.175251185935, 2409.908562095076, 2409.8777460323504, 2416.3624931315308, 2414.6655084158274, 2410.114278608389, 2409.9291403075918, 2410.009931703656, 2407.512173944046, 2408.9362712433003, 2408.6330071160564], "ifra_2019": [1092.7450087341813, 1052.845191730699, 1021.9633887239665, 997.6650707369554, 979.5565387109087, 968.9182162359754, 959.9437670526389, 953.3881895913422, 953.4144207202846, 953.0625978953849, 951.5586630373243, 951.9619193463429, 957.344213562836, 959.5028334153363, 961.5656117266761, 966.6573949368808, 974.1727949908872, 977.8575579784423, 979.555664035575, 985.743975070457, 990.388786715651, 997.2246863006351, 996.5940947789118, 1001.4601222840605, 1008.2591134188506, 1014.8090398641897, 1022.0219961614688, 1028.126967266844, 1039.2135573096448, 1045.993618443818], "leffingwell": [4022.376820118777, 4087.050050350038, 4112.347608871039, 4112.773409013486, 4096.910104113861, 4076.3361163861177, 4065.2957171392986, 4047.9470496337126, 4030.3988840471543, 4018.5637583607167, 4000.6787718170544, 3983.169056484114, 3970.477369431496, 3952.080755505827, 3941.4619596975213, 3936.430510150079, 3925.7953199087387, 3907.976686788888, 3903.3855124055635, 3888.8236754590002, 3873.5248862362246, 3867.859371174226, 3866.3759925084137, 3869.5928966508877, 3858.774050783496, 3843.93893218123, 3832.2087024989023, 3825.788025539361, 3809.627705738921, 3804.83203165888], "sigma_2014": [975.6493198808222, 944.188719056081, 918.0579047345351, 896.2434331160523, 880.6141748063349, 867.5730746498333, 858.3341323248923, 849.1662512760673, 842.2233554939112, 836.5373852819758, 832.3210787138753, 827.5842402779739, 822.1641540967435, 818.5373262913714, 815.0528448877149, 814.1166848170448, 810.7754133692189, 807.1958070560244, 806.9651875026897, 805.1289922721944, 802.4218512302948, 800.5084502041484, 800.2030401523169, 798.8863709786714, 796.2433848877514, 792.4152648268248, 788.3473793351072, 786.5675813231096, 784.0426675882014, 782.5152900377684]}, "l_hat": [0.16666666666666666, 0.06038510680603239, 0.04948951656448117, 0.045129966207030525, 0.042900432365792766, 0.041085186673598305, 0.04104120053162981, 0.039922949509388905, 0.03901758254375963, 0.038652771644021776, 0.03806122105631673, 0.037354400365783885, 0.03678689943102884, 0.036210294414763394, 0.03604869489292825, 0.03626956888620293, 0.03529912763407389, 0.03458087666033974, 0.0357259261699152, 0.03469792256802969, 0.03413903189360908, 0.034147326599852965, 0.034682618958113004, 0.034142875275345826, 0.03317675225360453, 0.03245025397135051, 0.032204117705582624, 0.03202731794714565, 0.031446855516751214, 0.031339813122306354],