{"train": {"dream_mean": [0.3214171826839447, 0.19227980077266693, 0.16410823166370392, 0.14513100683689117, 0.1339704990386963, 0.12519040703773499, 0.12100919336080551, 0.11598649621009827, 0.11410960555076599, 0.11216579377651215, 0.1060589998960495, 0.10722240805625916, 0.10562450438737869, 0.10128971934318542, 0.0957033559679985, 0.09745798259973526, 0.09297854453325272, 0.09263161569833755, 0.08930950611829758, 0.08832432329654694, 0.08609362691640854, 0.08844200521707535, 0.08475062251091003, 0.08310646563768387, 0.08262111246585846, 0.0784430280327797, 0.08267117291688919, 0.07878962904214859, 0.07514970749616623, 0.07644763588905334], "dream_std": [0.3344685137271881, 0.22057759761810303, 0.1901618391275406, 0.17796817421913147, 0.16922296583652496, 0.16075851023197174, 0.15735472738742828, 0.1542559713125229, 0.15242259204387665, 0.15071621537208557, 0.14370417594909668, 0.1453191339969635, 0.14481320977210999, 0.13788998126983643, 0.13428907096385956, 0.1357453167438507, 0.1320306956768036, 0.13215628266334534, 0.12841901183128357, 0.12822896242141724, 0.12609614431858063, 0.1268128603696823, 0.124661386013031, 0.1231466755270958, 0.12172278016805649, 0.11821098625659943, 0.12074799835681915, 0.11630012094974518, 0.11456961929798126, 0.11546044051647186], "arctander": [0.4256801903247833, 0.4057613015174866, 0.3910416066646576, 0.37643080949783325, 0.3731642961502075, 0.3727763891220093, 0.3668762743473053, 0.3695915639400482, 0.3769547939300537, 0.37272194027900696, 0.3793434202671051, 0.37477031350135803, 0.3776489198207855, 0.379561185836792, 0.3869040310382843, 0.3844473361968994, 0.38840797543525696, 0.3897213935852051, 0.38959208130836487, 0.39435574412345886, 0.39310359954833984, 0.390762597322464, 0.39219167828559875, 0.3959481716156006, 0.3987995684146881, 0.39968425035476685, 0.39898329973220825, 0.4059314429759979, 0.4022634029388428, 0.4101370573043823], "ifra_2019": [0.38610419631004333, 0.3731916844844818, 0.35824480652809143, 0.35389354825019836, 0.3531023859977722, 0.3455583155155182, 0.3434109389781952, 0.34445637464523315, 0.3491184413433075, 0.3507572412490845, 0.3510963022708893, 0.3520286977291107, 0.35330018401145935, 0.3565777540206909, 0.36115506291389465, 0.3605334460735321, 0.36016613245010376, 0.3613811135292053, 0.3638392984867096, 0.3646586835384369, 0.3687273859977722, 0.370705246925354, 0.37090301513671875, 0.372259259223938, 0.37601718306541443, 0.3786448836326599, 0.38288313150405884, 0.38390031456947327, 0.3860759437084198, 0.3924615681171417], "leffingwell": [0.425592839717865, 0.4167218804359436, 0.41159993410110474, 0.410613477230072, 0.416349858045578, 0.419587641954422, 0.4205165207386017, 0.42457038164138794, 0.42834579944610596, 0.42802900075912476, 0.43305012583732605, 0.4358319044113159, 0.4323444664478302, 0.4383160471916199, 0.44118183851242065, 0.4427131414413452, 0.44190189242362976, 0.4427035450935364, 0.44365400075912476, 0.4405073821544647, 0.44254031777381897, 0.4434475898742676, 0.443454772233963, 0.44147464632987976, 0.44756385684013367, 0.4433227777481079, 0.4461573660373688, 0.45165130496025085, 0.4441748261451721, 0.44559812545776367], "sigma_2014": [0.4017275869846344, 0.36994078755378723, 0.3510987162590027, 0.3302256166934967, 0.3155190050601959, 0.3086428940296173, 0.30132627487182617, 0.302035927772522, 0.30673420429229736, 0.29745998978614807, 0.3034307360649109, 0.2956247329711914, 0.29834091663360596, 0.31055155396461487, 0.31446680426597595, 0.3087162971496582, 0.3111877739429474, 0.30519258975982666, 0.3163754642009735, 0.31123673915863037, 0.3117261230945587, 0.31987470388412476, 0.3164243996143341, 0.3210737407207489, 0.3247932195663452, 0.32672637701034546, 0.32746046781539917, 0.3339695632457733, 0.33693045377731323, 0.3411882817745209]}, "val": {"dream_mean": [0.0, 0.0, 0.0, 0.0, 0.0, 0.0, 0.0, 0.0, 0.0, 0.0, 0.0, 0.0, 0.0, 0.0, 0.0, 0.0, 0.0, 0.0, 0.0, 0.0, 0.0, 0.0, 0.0, 0.0, 0.0, 0.0, 0.0, 0.0, 0.0, 0.0], "dream_std": [0.0, 0.0, 0.0, 0.0, 0.0, 0.0, 0.0, 0.0, 0.0, 0.0, 0.0, 0.0, 0.0, 0.0, 0.0, 0.0, 0.0, 0.0, 0.0, 0.0, 0.0, 0.0, 0.0, 0.0, 0.0, 0.0, 0.0, 0.0, 0.0, 0.0], "arctander": [0.0, 0.0, 0.0, 0.0, 0.0, 0.0, 0.0, 0.0, 0.0, 0.0, 0.0, 0.0, 0.0, 0.0, 0.0, 0.0, 0.0, 0.0, 0.0, 0.0, 0.0, 0.0, 0.0, 0.0, 0.0, 0.0, 0.0, 0.0, 0.0, 0.0], "ifra_2019": [0.0, 0.0, 0.0, 0.0, 0.0, 0.0, 0.0, 0.0, 0.0, 0.0, 0.0, 0.0, 0.0, 0.0, 0.0, 0.0, 0.0, 0.0, 0.0, 0.0, 0.0, 0.0, 0.0, 0.0, 0.0, 0.0, 0.0, 0.0, 0.0, 0.0], "leffingwell": [0.0, 0.0, 0.0, 0.0, 0.0, 0.0, 0.0, 0.0, 0.0, 0.0, 0.0, 0.0, 0.0, 0.0, 0.0, 0.0, 0.0, 0.0, 0.0, 0.0, 0.0, 0.0, 0.0, 0.0, 0.0, 0.0, 0.0, 0.0, 0.0, 0.0], "sigma_2014": [0.0, 0.0, 0.0, 0.0, 0.0, 0.0, 0.0, 0.0, 0.0, 0.0, 0.0, 0.0, 0.0, 0.0, 0.0, 0.0, 0.0, 0.0, 0.0, 0.0, 0.0, 0.0, 0.0, 0.0, 0.0, 0.0, 0.0, 0.0, 0.0, 0.0]}}