{"lambda_history": {"dream_mean": [0.9851425304504201, 1.0512095271445867, 1.139294299529399, 1.248224896739426, 1.3594801210616763, 1.4953293594071382, 1.6060785270425897, 1.7161143520072857, 1.80158605561159, 1.8617880801030795, 1.9680338818182548, 2.0294598052473884, 2.0699765292180254, 2.1321227302911603, 2.2858027291797467, 2.346635425979139, 2.4814853820838985, 2.5467568300862444, 2.650328554656884, 2.7288809845059863, 2.8386083289584585, 2.861572322612882, 2.960458238915723, 2.996718533206097, 3.092971568974439, 3.278489850798489, 3.1909286803740593, 3.300219629280499, 3.5162419473653213, 3.3755322239569026], "dream_std": [0.9843076541012593, 0.9855659087679001, 1.0086213327560327, 1.035232414964783, 1.0654740278254493, 1.1131768587275805, 1.155676980576286, 1.1892719727897982, 1.2206953819801072, 1.2415570560451858, 1.285379353373623, 1.307736683295906, 1.3242895099506695, 1.3678149808824367, 1.4103362856437132, 1.4322214964095796, 1.468184506243162, 1.4812607294840643, 1.5169531013598718, 1.5411927431652184, 1.5671038440555571, 1.5849143457109836, 1.60350890400036, 1.6124248296113133, 1.6398601020944068, 1.67979753693063, 1.6773504376244448, 1.7225910425077706, 1.7519951122037283, 1.7254199766115699], "arctander": [1.024330600570504, 1.0180468226741919, 1.0096869460423514, 1.000859239924692, 0.993000600659226, 0.9839339980839474, 0.976709395200104, 0.9704876291118947, 0.96509678614339, 0.9621250855039675, 0.9559973870082165, 0.9544946175530953, 0.9533071426788808, 0.9501426562947506, 0.947979236385601, 0.9467447096884543, 0.9450558872521, 0.9461277638209635, 0.9462415756512454, 0.9464411939917104, 0.9454566232068509, 0.9455913113367265, 0.9450429557490384, 0.9453131390368996, 0.9467570701766322, 0.9452962758402893, 0.9465782106880684, 0.9464480120961091, 0.9460154375353483, 0.9524211838472627], "ifra_2019": [0.9900616670496801, 0.9538532364650993, 0.9209936790113452, 0.8968487747941831, 0.8809705094312605, 0.8687083666739962, 0.8603610518363273, 0.855684568811883, 0.8533639338365833, 0.85166357975263, 0.853660830876794, 0.8519775043836726, 0.8545466575675309, 0.857191254762262, 0.8587872578397007, 0.8614509790033961, 0.8612211331083065, 0.8645451688462137, 0.8700677997608814, 0.8775375270221454, 0.8808293833623926, 0.8841335926935743, 0.8907415666825412, 0.8968005021577938, 0.8983803661478418, 0.9030555422842621, 0.9119631938357508, 0.916376906920819, 0.9202443989586891, 0.934707538367487], "leffingwell": [1.073263571297101, 1.0917250673065493, 1.1028052566338296, 1.1064230798973567, 1.1043973932714342, 1.0995282918861113, 1.0945164552272941, 1.0900094739243067, 1.0857976673401146, 1.0824623339523183, 1.077667979341386, 1.07501089434197, 1.071663368942976, 1.0678769187668122, 1.061719260429408, 1.0594704552113852, 1.0560146208133359, 1.0529486180304275, 1.0476634884995364, 1.0436508724888436, 1.0411598150699852, 1.0403310424574015, 1.0371379064287414, 1.0354304822859153, 1.03227108689868, 1.028381523739009, 1.0284640524368878, 1.025173463696223, 1.021870794177444, 1.0210143042361495], "sigma_2014": [0.9957744690713587, 0.9586241730045327, 0.9288420141727115, 0.9054814752025769, 0.8869800923001637, 0.872364886265841, 0.861303600347164, 0.8515417800117543, 0.8446074526807057, 0.8393602487069868, 0.8331339362540748, 0.8290421687631555, 0.8258044840545088, 0.8216719608807173, 0.8175634236468277, 0.8145288253661247, 0.8117414881475844, 0.8089530106398478, 0.8053253713622348, 0.8015850178807895, 0.7991612398009545, 0.7976966220083586, 0.7952527533558497, 0.7937294886288512, 0.7914846174679615, 0.7889804668433102, 0.789289204733258, 0.7858108648470832, 0.7824552217103096, 0.7797216703312115]}, "lambda_history_scaled": {"dream_mean": [721.1243322897075, 769.4853738698374, 833.9634272555202, 913.7006244132599, 995.139448617147, 1094.5810910860253, 1175.6494817951757, 1256.1957056693332, 1318.7609927076837, 1362.8288746354542, 1440.6008014909626, 1485.5645774410884, 1515.2228193875947, 1560.7138385731294, 1673.2075977595746, 1717.7371318167297, 1816.4472996854138, 1864.225999623131, 1940.040502008839, 1997.5408806583819, 2077.8612967975914, 2094.6709401526296, 2167.0554308863093, 2193.597966306863, 2264.0551884892893, 2399.8545707844937, 2335.7597940338114, 2415.7607686333254, 2573.889105471415, 2470.8895879364527], "dream_std": [720.5132028021218, 721.4342452181029, 738.310815577416, 757.7901277542211, 779.9269883682289, 814.8454605885889, 845.9555497818415, 870.5470840821323, 893.5490196094385, 908.8197650250761, 940.8976866694921, 957.2632521726033, 969.3799212838901, 1001.2405660059436, 1032.3661610911981, 1048.3861353718123, 1074.7110585699945, 1084.2828539823352, 1110.409670195426, 1128.1530879969398, 1147.120013848668, 1160.15730106044, 1173.7685177282635, 1180.2949752754814, 1200.3775947331058, 1229.6117970332211, 1227.8205203410937, 1260.9366431156882, 1282.460422133129, 1263.007422879669], "arctander": [2640.724288270759, 2624.524708854067, 2602.972946897182, 2580.215120525856, 2559.955548499485, 2536.5818470604163, 2517.9568208258684, 2501.9171078504646, 2488.0195146776596, 2480.358470429228, 2464.561263707182, 2460.6871240518794, 2457.6258138261546, 2449.467767927867, 2443.8904714020796, 2440.707861576835, 2436.3540773359136, 2439.117375130444, 2439.410782028911, 2439.9253981106294, 2437.3871746272616, 2437.734400626081, 2436.320739921021, 2437.0172724371273, 2440.739726915358, 2436.973799116266, 2440.2786271538403, 2439.9429751837692, 2438.827797966128, 2455.3418119582434], "ifra_2019": [1095.0082037569462, 1054.9616795303998, 1018.6190089865478, 991.9147449223665, 974.3533834309742, 960.7914535414398, 951.5593233309779, 946.3871331059427, 943.8205108232611, 941.9399192064087, 944.1488789497341, 942.2871198483418, 945.1286032696892, 948.0535277670617, 949.818707170709, 952.7647827777561, 952.5105732177869, 956.1869567439123, 962.2949865355349, 970.5565048864928, 974.1972979988062, 977.8517535190931, 985.1601727508906, 991.86135538652, 993.608684959513, 998.7794297663938, 1008.6312923823403, 1013.5128590544258, 1017.7903052483102, 1033.7865374344406], "leffingwell": [3992.540485225216, 4061.217250380363, 4102.435554677846, 4115.893857218167, 4108.358302969735, 4090.2452458163343, 4071.601213445534, 4054.835242998421, 4039.1673225052264, 4026.759882302624, 4008.924883149956, 3999.0405269521284, 3986.587732467871, 3972.5021378125416, 3949.595648797397, 3941.230093386353, 3928.3743894256095, 3916.9688590731903, 3897.3081772182754, 3882.3812456584983, 3873.114512060345, 3870.0314779415335, 3858.153011914918, 3851.8013941036047, 3840.0484432630897, 3825.5792683091136, 3825.8862750652224, 3813.6452849499497, 3801.359354340092, 3798.173211758476], "sigma_2014": [968.888558406432, 932.7413203334104, 903.7632797900483, 881.0334753721073, 863.0316298080593, 848.8110343366633, 838.0484031377906, 828.5501519514369, 821.8030514583266, 816.6975219918982, 810.6393199752148, 806.6580302065503, 803.5077629850371, 799.4868179369379, 795.4892112083633, 792.5365470812393, 789.8244679675996, 787.111279352572, 783.5815863354545, 779.9422223980082, 777.5838863263288, 776.1588132141329, 773.7809290152417, 772.2987924358722, 770.1145327963266, 767.6779942385409, 767.9783962054601, 764.5939714962119, 761.3289307241312, 758.6691852322688]}, "l_hat": [0.16666666666666666, 0.061537674579081554, 0.050051192746676264, 0.04504118553106225, 0.042595004954164004, 0.041092621146066925, 0.04040288276793983, 0.03938313217725942, 0.03889332077174564, 0.03840248511392294, 0.037216644084177394, 0.037670306114525515, 0.03737236384501873, 0.036224010763217636, 0.035406912691469485, 0.035839013466110875, 0.03499649512061876, 0.034837582748893946, 0.03435332054883081, 0.0342229922008598, 0.03371090775594371, 0.03439185115446369, 0.03335034532648327, 0.03344333932347298, 0.03277300433355574, 0.03193250420884611, 0.03285071646141492, 0.0317986025734744, 0.031025329121528465, 0.031386072632425405],