{"train": {"dream_mean": [0.1957501918077469, 0.061146922409534454, 0.047989699989557266, 0.04236770421266556, 0.040830615907907486, 0.03894767165184021, 0.04044898971915245, 0.04009461775422096, 0.04133011773228645, 0.042402397841215134, 0.03936445340514183, 0.04213497042655945, 0.04297955706715584, 0.04089608043432236, 0.03702373057603836, 0.041098881512880325, 0.03793423995375633, 0.04030589386820793, 0.03880896791815758, 0.03966304287314415, 0.038388289511203766, 0.04197666421532631, 0.03859969601035118, 0.04063041880726814, 0.038322772830724716, 0.035693857818841934, 0.04425372555851936, 0.03734900429844856, 0.03463069722056389, 0.044123779982328415], "dream_std": [0.19768865406513214, 0.07533478736877441, 0.05674787983298302, 0.050613272935152054, 0.047461044043302536, 0.04388498142361641, 0.04384061321616173, 0.043777331709861755, 0.04350632056593895, 0.04404298961162567, 0.04073110595345497, 0.04312765970826149, 0.04333944618701935, 0.03985246643424034, 0.039270102977752686, 0.04123103246092796, 0.03936510905623436, 0.040806081146001816, 0.03873945400118828, 0.039375126361846924, 0.038722842931747437, 0.039946042001247406, 0.03881987929344177, 0.03948331996798515, 0.03761708363890648, 0.03611448034644127, 0.03936339542269707, 0.03568262979388237, 0.03577018156647682, 0.03906695544719696], "arctander": [0.13405120372772217, 0.06100107729434967, 0.05029717832803726, 0.04560931399464607, 0.043177686631679535, 0.04211636632680893, 0.04118863120675087, 0.040077369660139084, 0.03950103744864464, 0.03860412538051605, 0.03813300281763077, 0.03774287924170494, 0.037388257682323456, 0.03667132556438446, 0.03582737594842911, 0.035957541316747665, 0.035298582166433334, 0.03459348902106285, 0.034344274550676346, 0.034141071140766144, 0.03381337597966194, 0.03419758751988411, 0.033356860280036926, 0.03322905674576759, 0.03246869146823883, 0.03213157504796982, 0.032286591827869415, 0.03172019496560097, 0.03103255294263363, 0.030044537037611008], "ifra_2019": [0.1850583851337433, 0.08741921186447144, 0.07162012904882431, 0.06241657957434654, 0.056978270411491394, 0.054423678666353226, 0.05259915813803673, 0.05039745569229126, 0.04919620603322983, 0.048407576978206635, 0.04615485295653343, 0.04751197621226311, 0.046030424535274506, 0.044668976217508316, 0.044007543474435806, 0.04404444620013237, 0.043774478137493134, 0.04259248450398445, 0.041591107845306396, 0.040891338139772415, 0.04103902354836464, 0.04165657237172127, 0.039817359298467636, 0.03983643278479576, 0.03991779312491417, 0.03840858116745949, 0.03825794532895088, 0.03804942965507507, 0.03722294420003891, 0.03543193265795708], "leffingwell": [0.09619256108999252, 0.04558790102601051, 0.03801989555358887, 0.03511899709701538, 0.03391719609498978, 0.03316457197070122, 0.03265692666172981, 0.03182154893875122, 0.03141491487622261, 0.03091420792043209, 0.03024912439286709, 0.030314026400446892, 0.030146002769470215, 0.029357831925153732, 0.029058493673801422, 0.028882630169391632, 0.02842111513018608, 0.028165141120553017, 0.028098909184336662, 0.027837200090289116, 0.027287621051073074, 0.027569768950343132, 0.02705436572432518, 0.02690962329506874, 0.02658860571682453, 0.026071470230817795, 0.02612907998263836, 0.02585066482424736, 0.025272835046052933, 0.02497928775846958], "sigma_2014": [0.1740199327468872, 0.08443394303321838, 0.06739350408315659, 0.05953958258032799, 0.05554566904902458, 0.053050559014081955, 0.05145123600959778, 0.0500924251973629, 0.04885995388031006, 0.04787231609225273, 0.047007352113723755, 0.046951357275247574, 0.04640926420688629, 0.045445892959833145, 0.044665392488241196, 0.04478021711111069, 0.04386075958609581, 0.043575599789619446, 0.043410416692495346, 0.0433058999478817, 0.04237790405750275, 0.04284655302762985, 0.041989099234342575, 0.04177311807870865, 0.04128281772136688, 0.040475960820913315, 0.040419187396764755, 0.04054376855492592, 0.03967253491282463, 0.03947506472468376]}, "val": {"dream_mean": [0.0, 0.0, 0.0, 0.0, 0.0, 0.0, 0.0, 0.0, 0.0, 0.0, 0.0, 0.0, 0.0, 0.0, 0.0, 0.0, 0.0, 0.0, 0.0, 0.0, 0.0, 0.0, 0.0, 0.0, 0.0, 0.0, 0.0, 0.0, 0.0, 0.0], "dream_std": [0.0, 0.0, 0.0, 0.0, 0.0, 0.0, 0.0, 0.0, 0.0, 0.0, 0.0, 0.0, 0.0, 0.0, 0.0, 0.0, 0.0, 0.0, 0.0, 0.0, 0.0, 0.0, 0.0, 0.0, 0.0, 0.0, 0.0, 0.0, 0.0, 0.0], "arctander": [0.0, 0.0, 0.0, 0.0, 0.0, 0.0, 0.0, 0.0, 0.0, 0.0, 0.0, 0.0, 0.0, 0.0, 0.0, 0.0, 0.0, 0.0, 0.0, 0.0, 0.0, 0.0, 0.0, 0.0, 0.0, 0.0, 0.0, 0.0, 0.0, 0.0], "ifra_2019": [0.0, 0.0, 0.0, 0.0, 0.0, 0.0, 0.0, 0.0, 0.0, 0.0, 0.0, 0.0, 0.0, 0.0, 0.0, 0.0, 0.0, 0.0, 0.0, 0.0, 0.0, 0.0, 0.0, 0.0, 0.0, 0.0, 0.0, 0.0, 0.0, 0.0], "leffingwell": [0.0, 0.0, 0.0, 0.0, 0.0, 0.0, 0.0, 0.0, 0.0, 0.0, 0.0, 0.0, 0.0, 0.0, 0.0, 0.0, 0.0, 0.0, 0.0, 0.0, 0.0, 0.0, 0.0, 0.0, 0.0, 0.0, 0.0, 0.0, 0.0, 0.0], "sigma_2014": [0.0, 0.0, 0.0, 0.0, 0.0, 0.0, 0.0, 0.0, 0.0, 0.0, 0.0, 0.0, 0.0, 0.0, 0.0, 0.0, 0.0, 0.0, 0.0, 0.0, 0.0, 0.0, 0.0, 0.0, 0.0, 0.0, 0.0, 0.0, 0.0, 0.0]}}