{"train": {"dream_mean": [0.31904494762420654, 0.18684831261634827, 0.15853749215602875, 0.14458733797073364, 0.13346344232559204, 0.1283690482378006, 0.12370124459266663, 0.12173651158809662, 0.11626400798559189, 0.11291251331567764, 0.10899947583675385, 0.10543958842754364, 0.10116027295589447, 0.09961272776126862, 0.09880054742097855, 0.10240563750267029, 0.09589747339487076, 0.09641893208026886, 0.09489195048809052, 0.0917126014828682, 0.08652590215206146, 0.08746656030416489, 0.08249824494123459, 0.08325091749429703, 0.08384176343679428, 0.08157642930746078, 0.08312470465898514, 0.08293671905994415, 0.07904136180877686, 0.07789380103349686], "dream_std": [0.34416669607162476, 0.22209374606609344, 0.19695909321308136, 0.17985326051712036, 0.17047587037086487, 0.16554109752178192, 0.16185486316680908, 0.1594005823135376, 0.15564227104187012, 0.1509658545255661, 0.14611494541168213, 0.14479996263980865, 0.13890522718429565, 0.1371978223323822, 0.1362747848033905, 0.14179863035678864, 0.13464267551898956, 0.13506795465946198, 0.13260526955127716, 0.12961585819721222, 0.12536513805389404, 0.12494604289531708, 0.12095960229635239, 0.12248870730400085, 0.1225551888346672, 0.12075705081224442, 0.12065012007951736, 0.1222558468580246, 0.1166868582367897, 0.1160595715045929], "arctander": [0.42710748314857483, 0.4005917012691498, 0.38192376494407654, 0.3701450824737549, 0.36985546350479126, 0.3719036281108856, 0.3717725872993469, 0.37468278408050537, 0.3768274784088135, 0.3725035786628723, 0.37613096833229065, 0.3796962797641754, 0.3817513585090637, 0.384806364774704, 0.3891509473323822, 0.37991008162498474, 0.3873717188835144, 0.3860269784927368, 0.38608214259147644, 0.38822686672210693, 0.3930197060108185, 0.3965643346309662, 0.398053914308548, 0.3959781527519226, 0.3963850140571594, 0.4031984508037567, 0.40078479051589966, 0.39455753564834595, 0.3994538187980652, 0.40295708179473877], "ifra_2019": [0.38450711965560913, 0.3659237027168274, 0.35670381784439087, 0.3535730838775635, 0.34260109066963196, 0.34765625, 0.3466796875, 0.35133272409439087, 0.3498966097831726, 0.34581801295280457, 0.34958064556121826, 0.3565889298915863, 0.36012178659439087, 0.3556123673915863, 0.3590303361415863, 0.3569910526275635, 0.35791015625, 0.3578526973724365, 0.3629365861415863, 0.36511948704719543, 0.3696863651275635, 0.3689970076084137, 0.37810203433036804, 0.36985868215560913, 0.3770392835140228, 0.37830308079719543, 0.3815487027168274, 0.3747989535331726, 0.37927964329719543, 0.3729607164859772], "leffingwell": [0.4280572533607483, 0.4136579930782318, 0.4103511869907379, 0.4099661707878113, 0.4139455258846283, 0.41666990518569946, 0.41917985677719116, 0.42010098695755005, 0.4258933365345001, 0.42699965834617615, 0.4316710829734802, 0.4327676594257355, 0.43548473715782166, 0.4362572133541107, 0.43305277824401855, 0.43349385261535645, 0.4387305974960327, 0.4379898011684418, 0.43855515122413635, 0.44182294607162476, 0.4448348879814148, 0.4441233277320862, 0.4447837173938751, 0.44470328092575073, 0.44840484857559204, 0.44681116938591003, 0.4424833357334137, 0.4466625154018402, 0.4456658363342285, 0.4511633515357971], "sigma_2014": [0.40644288063049316, 0.36233630776405334, 0.3458527624607086, 0.3242761790752411, 0.31077826023101807, 0.31306135654449463, 0.30428019165992737, 0.30269959568977356, 0.30177128314971924, 0.2949470579624176, 0.3041045665740967, 0.30591097474098206, 0.3038035035133362, 0.3100005090236664, 0.3135882318019867, 0.3043052852153778, 0.31095388531684875, 0.3066134750843048, 0.3116563856601715, 0.3091725707054138, 0.3123086988925934, 0.3232977092266083, 0.3218425512313843, 0.32139092683792114, 0.3215414583683014, 0.32517939805984497, 0.32668474316596985, 0.3228711783885956, 0.32527974247932434, 0.32808971405029297]}, "val": {"DREAM": [1.6122684343680875, 2.1232371596017257, 3.14438502865165, 4.289835125654382, 4.752343093230149, 5.7372873594680165, 6.199401638169541, 6.750154710305519, 7.048023213372232, 7.304378855508072, 7.526801634244265, 7.802918837373629, 8.048911711142223, 8.243095439081054, 8.335079093628073, 8.451807865465568, 8.564633822315807, 8.686261855023437, 8.771934069679453, 8.830426021609213, 8.95798540878397, 8.986306012413595, 9.012065015474619, 9.027246043747844, 8.931897169620347, 8.962721942330488, 8.897817686566306, 8.845426049599538, 8.858755466409624, 8.845858059705883]}}