{"lambda_history": {"dream_mean": [0.9929313749897676, 1.0255264574017773, 1.0810146896484427, 1.1476581387711342, 1.2256800894835016, 1.3047504917062285, 1.3840270035284032, 1.4544612657494627, 1.5324647786121008, 1.618254635746736, 1.7050626638617274, 1.797750336150907, 1.9142735570549312, 1.9907582916756739, 2.0737659605753405, 2.114112443832012, 2.1934423018586946, 2.2558723705381163, 2.3029934174637416, 2.3869179794746342, 2.5180129813498255, 2.5380829743972773, 2.703943953592764, 2.8097219011137127, 2.883014476744654, 2.930864215514653, 2.977913422599553, 3.016430680367501, 3.099385900115894, 3.1795251587964577], "dream_std": [0.9891331661617347, 0.9865033392565866, 0.992908316840558, 1.0117752118968806, 1.0403072274668992, 1.0679542741705845, 1.0956801107594836, 1.1239823562173528, 1.1529973046396698, 1.1855932168013341, 1.227574645912317, 1.2521686845882853, 1.3007010080505397, 1.338806140921488, 1.3733741687226477, 1.3885682216433164, 1.4221641242763672, 1.4468695126108215, 1.4735432455672974, 1.5060526421036056, 1.5472831293577594, 1.566332657426123, 1.6112429919280045, 1.6407300776250107, 1.6613836606075125, 1.6727205883774714, 1.6935734337234005, 1.7020187156631454, 1.736627413291418, 1.7638824522010037], "arctander": [1.0148772651404212, 1.0111985563736612, 1.0063976964586814, 1.000429807327518, 0.9946682818665228, 0.988668022796261, 0.9835503071614776, 0.9779761635823513, 0.9731388129435695, 0.9684056468268784, 0.9635945081449618, 0.9599348824330267, 0.9559307034568986, 0.9535289832933892, 0.9506635325100714, 0.948967403221172, 0.946795882955594, 0.9454696466100659, 0.9444836040599429, 0.9426584863522257, 0.9402327593323537, 0.9399677352604235, 0.9387195993680296, 0.9368610001532447, 0.9356612981626141, 0.9359041905133676, 0.9347907454543706, 0.9344440388078016, 0.9335913495404983, 0.9341653569750309], "ifra_2019": [0.9948363042982115, 0.9752828688423347, 0.9570697412670648, 0.9412915140809617, 0.9281095922779385, 0.9180642802157675, 0.9087938838850655, 0.9016976982871862, 0.896282488652294, 0.8902848229978604, 0.886704617199594, 0.8842113295454566, 0.88043511262955, 0.8806286548269092, 0.8825951245517666, 0.8822869421733418, 0.8831956157929001, 0.8841192577607778, 0.883547659853525, 0.8858553851007556, 0.8885613645077008, 0.8930314733874962, 0.8976048789304342, 0.9014545444177583, 0.9077984212645676, 0.9126413335501472, 0.9179159639432558, 0.920505590537884, 0.9243004425368682, 0.9265955331561302], "leffingwell": [1.0360722682744228, 1.0530333160030636, 1.065818748770684, 1.0743113321166387, 1.0791859957229601, 1.0818702467173051, 1.083535007702526, 1.08502690780368, 1.084882505210379, 1.0845760160738682, 1.0831738083119107, 1.0820374173326441, 1.0799287236565414, 1.0766795571376546, 1.0729027118604961, 1.071417336997437, 1.0686130175404873, 1.0659076635842568, 1.0643891783722192, 1.0616676204973534, 1.058518790536648, 1.0565802666941435, 1.0527973491831355, 1.0506392791795474, 1.0483219868197233, 1.0461302972667919, 1.0443436776047108, 1.0436493339934625, 1.0414369960352883, 1.039114794870837], "sigma_2014": [0.9988591049343887, 0.9802999789732465, 0.9621847787125497, 0.9460012618235989, 0.930680801428061, 0.9177987663141803, 0.9062666215248204, 0.8960202715688573, 0.886552931202086, 0.8784555435886512, 0.8703366497325514, 0.8625449784059571, 0.8555271817392089, 0.84885250108149, 0.8437509788633335, 0.8404930691514554, 0.8356900906771217, 0.8320665412080577, 0.8284018189906814, 0.8242529818327277, 0.8199799792745451, 0.8163954307425354, 0.8105701106495047, 0.8071502021104537, 0.8038921352644104, 0.8013130987632038, 0.799252360006854, 0.797583716312786, 0.7949439765601569, 0.7923715860396786]}, "lambda_history_scaled": {"dream_mean": [671.2216094930828, 693.2558852036015, 730.7659302023472, 775.8169018092867, 828.559740490847, 882.0113323934105, 935.6022543852006, 983.2158156466368, 1035.9461903417803, 1093.9401337647935, 1152.6223607705278, 1215.2792272380132, 1294.0489245691335, 1345.7526051727555, 1401.86578934893, 1429.1400120304402, 1482.7669960564776, 1524.9697224837666, 1556.8235502054893, 1613.5565541248527, 1702.176775392482, 1715.7440906925594, 1827.8661126287086, 1899.3720051528699, 1948.9177862793863, 1981.2642096879053, 2013.069473677298, 2039.1071399284308, 2095.1848684783445, 2149.359007346405], "dream_std": [668.6540203253327, 666.8762573374526, 671.2060221842172, 683.9600432422912, 703.2476857676238, 721.9370893393151, 740.6797548734108, 759.8120728029305, 779.4261779364167, 801.4610145577019, 829.8404606367262, 846.4660307816808, 879.2738814421648, 905.0329512629258, 928.4009380565099, 938.6721178308819, 961.3829480108242, 978.0837905249153, 996.115234003493, 1018.0915860620373, 1045.9633954458454, 1058.8408764200592, 1089.200262543331, 1109.1335324745073, 1123.0953545706784, 1130.7591177431707, 1144.8556411970187, 1150.5646517882863, 1173.9601313849985, 1192.3845376878785], "arctander": [2581.8477625172313, 2572.489127414594, 2560.2757397908854, 2545.0934298412058, 2530.436109068434, 2515.171449993688, 2502.151981418799, 2487.971360153502, 2475.6651401284407, 2463.6239655275785, 2451.384428720783, 2442.07434090962, 2431.88770959435, 2425.777733498382, 2418.4880267056215, 2414.1730737946614, 2408.648726239031, 2405.2747809760076, 2402.7662887284946, 2398.1231892800624, 2391.952139741508, 2391.2779185025174, 2388.102660792267, 2383.3743843898546, 2380.32234252569, 2380.9402606660074, 2378.1076564359187, 2377.2256347270472, 2375.0563932310274, 2376.5166681444784], "ifra_2019": [1082.3818990764541, 1061.1077613004602, 1041.2918784985666, 1024.1251673200863, 1009.7832363983971, 998.853936874755, 988.7677456669513, 981.0470957364586, 975.1553476536958, 968.629887421672, 964.7346235131583, 962.0219265454567, 957.9134025409504, 958.1239764516772, 960.263495512322, 959.9281930845959, 960.9168299826753, 961.9217524437263, 961.2998539206352, 963.8106589896221, 966.7547645843786, 971.6182430455959, 976.5941082763123, 980.782544326521, 987.6846823358495, 992.9537709025601, 998.6925687702624, 1001.5100825052178, 1005.6388814801126, 1008.1359400738696], "leffingwell": [3796.1687909574853, 3858.314069835225, 3905.1598954957863, 3936.276720875364, 3954.137488328926, 3963.972583972206, 3970.0722682220558, 3975.538590192684, 3975.0094990908287, 3973.8865228946534, 3968.748833654841, 3964.585097106808, 3956.8588434775675, 3944.9538973523663, 3931.115536256858, 3925.6731227586088, 3915.3980962683454, 3905.485679372717, 3899.9219495558114, 3889.9501615023028, 3878.412848526278, 3871.3100971673416, 3857.4494874070083, 3849.5423189138614, 3841.0517597074663, 3833.0214091855255, 3826.4752347436606, 3823.9311597520464, 3815.8251534732963, 3807.316608406747], "sigma_2014": [947.9172905827348, 930.3046800456109, 913.1133549982096, 897.7551974705954, 883.2160805552298, 870.9910292321572, 860.0470238270545, 850.3232377188456, 841.3387317107796, 833.65431086563, 825.9494805961913, 818.5551845072533, 811.8952954705093, 805.561023526334, 800.7196789413035, 797.6279226247311, 793.0698960525885, 789.6311476064467, 786.1533262221567, 782.2160797592586, 778.1610003315433, 774.7592637746661, 769.2310350063799, 765.9855418028206, 762.8936363659254, 760.4461307262803, 758.4904896465044, 756.9069467808339, 754.4018337555889, 751.960635151655]}, "l_hat": [0.16666666666666666, 0.05853658945775099, 0.0489243218263599, 0.04455470453260328, 0.04249530583441512, 0.040731263721459375, 0.040209114142022336, 0.039788091272842364, 0.038821637907617716, 0.03844613741046503, 0.03752625162884122, 0.03747914614701465, 0.03630566913655888, 0.03597345026581625, 0.03564370187003128, 0.036926659035834225, 0.03533942627993129, 0.035539360532363014, 0.03541986071830232, 0.03449983189088784, 0.03338129094265098, 0.03379601355212374, 0.0325056589174093, 0.03287200826475728, 0.03297784465454488, 0.03244583825664718, 0.03249629004055402, 0.032773763076832635, 0.031859624364251354, 0.031478883875783334],