{"train": {"dream_mean": [0.19410823285579681, 0.058661069720983505, 0.04486682265996933, 0.03993973135948181, 0.03750090301036835, 0.036544911563396454, 0.036692798137664795, 0.037707939743995667, 0.036641065031290054, 0.03620260953903198, 0.03585091233253479, 0.03586824610829353, 0.03396318107843399, 0.036625608801841736, 0.03625821694731712, 0.04082413762807846, 0.03670940920710564, 0.03825312852859497, 0.039342425763607025, 0.03636268526315689, 0.033403150737285614, 0.0400826632976532, 0.03189436346292496, 0.03505822271108627, 0.036925751715898514, 0.03770824521780014, 0.03796670213341713, 0.03875713050365448, 0.03586454689502716, 0.035733599215745926], "dream_std": [0.21294809877872467, 0.07773333787918091, 0.06068338081240654, 0.05109667778015137, 0.046410344541072845, 0.044845372438430786, 0.044373683631420135, 0.04390743747353554, 0.04287520423531532, 0.041981041431427, 0.0397542379796505, 0.04259959235787392, 0.038060449063777924, 0.03922191262245178, 0.03953752666711807, 0.0438280813395977, 0.039519503712654114, 0.040998395532369614, 0.04061919078230858, 0.039068762212991714, 0.037081461399793625, 0.03995626047253609, 0.03605695441365242, 0.03803614154458046, 0.03915712982416153, 0.03957454115152359, 0.03857704997062683, 0.040322043001651764, 0.03660792112350464, 0.03693247586488724], "arctander": [0.12844766676425934, 0.05753611773252487, 0.04873040318489075, 0.045037344098091125, 0.04305892437696457, 0.0414837971329689, 0.04070937633514404, 0.04052416607737541, 0.03939088061451912, 0.03906184434890747, 0.03827502205967903, 0.037822600454092026, 0.03691936284303665, 0.03600820526480675, 0.03588876128196716, 0.036612797528505325, 0.03538401052355766, 0.035267237573862076, 0.03500467538833618, 0.034493446350097656, 0.03368324786424637, 0.03316567465662956, 0.03251202404499054, 0.0329265370965004, 0.032775286585092545, 0.03174107149243355, 0.03222052752971649, 0.03218509629368782, 0.0316074974834919, 0.030784297734498978], "ifra_2019": [0.18586128950119019, 0.08558174967765808, 0.07146952301263809, 0.06402256339788437, 0.05980030074715614, 0.05561646446585655, 0.054715126752853394, 0.05301668867468834, 0.05097239091992378, 0.05100160837173462, 0.048624977469444275, 0.047990623861551285, 0.04737182334065437, 0.04491657391190529, 0.04373854771256447, 0.04610385373234749, 0.04378616437315941, 0.043937232345342636, 0.04439954459667206, 0.04215184226632118, 0.040718287229537964, 0.04017549753189087, 0.03894483298063278, 0.03941605985164642, 0.038560617715120316, 0.03828022629022598, 0.03819328546524048, 0.03928503766655922, 0.03796324506402016, 0.03792249783873558], "leffingwell": [0.09681786596775055, 0.04207500442862511, 0.03612222149968147, 0.03384605422616005, 0.03308599814772606, 0.032190803438425064, 0.03199363499879837, 0.03169327229261398, 0.031303029507398605, 0.031058859080076218, 0.030596893280744553, 0.030467795208096504, 0.02981794811785221, 0.02974029630422592, 0.02962408773601055, 0.030039889737963676, 0.029174484312534332, 0.029281821101903915, 0.02890496328473091, 0.02851218543946743, 0.02777154929935932, 0.02764711156487465, 0.027242101728916168, 0.027102869004011154, 0.02717522904276848, 0.026649076491594315, 0.0266442708671093, 0.026587162166833878, 0.02628743089735508, 0.0259696114808321], "sigma_2014": [0.17055845260620117, 0.08000567555427551, 0.06753843277692795, 0.06091400608420372, 0.0582420639693737, 0.054673876613378525, 0.05349477007985115, 0.05244945362210274, 0.05105964094400406, 0.05000283569097519, 0.04915459081530571, 0.04907756671309471, 0.04744064062833786, 0.04691435769200325, 0.04573601484298706, 0.04614345729351044, 0.04538477212190628, 0.04497898742556572, 0.0448935367166996, 0.04428034648299217, 0.043167561292648315, 0.04304593801498413, 0.04333413019776344, 0.0422615148127079, 0.042309828102588654, 0.04120037704706192, 0.041069962084293365, 0.041133735328912735, 0.04081643372774124, 0.040308739989995956]}, "val": {}}