{"train": {"dream_mean": [0.3125463128089905, 0.18365497887134552, 0.15560194849967957, 0.14184531569480896, 0.13319474458694458, 0.12810799479484558, 0.12216103076934814, 0.11611641198396683, 0.11422321200370789, 0.1086983010172844, 0.10780023783445358, 0.10064341127872467, 0.1033264622092247, 0.10101781040430069, 0.09535887092351913, 0.09270975738763809, 0.09323393553495407, 0.09297303110361099, 0.09182775020599365, 0.08891089260578156, 0.08632644265890121, 0.08504550158977509, 0.08226655423641205, 0.08051756024360657, 0.0781114473938942], "dream_std": [0.32355913519859314, 0.21012528240680695, 0.18792015314102173, 0.17545343935489655, 0.16898486018180847, 0.16374580562114716, 0.1597491055727005, 0.15413488447666168, 0.15119943022727966, 0.14739926159381866, 0.14529350399971008, 0.1395992487668991, 0.14258183538913727, 0.14040185511112213, 0.13592754304409027, 0.1326303631067276, 0.13227398693561554, 0.13335834443569183, 0.1314147710800171, 0.12758038938045502, 0.12657420337200165, 0.12472926080226898, 0.12168806791305542, 0.11996830254793167, 0.11740120500326157], "arctander": [0.4295044541358948, 0.40181297063827515, 0.38710907101631165, 0.37307944893836975, 0.36534950137138367, 0.372466504573822, 0.3706072270870209, 0.3698989450931549, 0.3696741759777069, 0.3775880038738251, 0.3757968246936798, 0.37450963258743286, 0.3755176067352295, 0.3786640465259552, 0.38258689641952515, 0.38328155875205994, 0.38471177220344543, 0.3814223110675812, 0.39066416025161743, 0.39432820677757263, 0.3939876854419708, 0.39518633484840393, 0.4009276032447815, 0.40158140659332275, 0.40203770995140076], "ifra_2019": [0.38706091046333313, 0.36858463287353516, 0.3522753119468689, 0.3439495861530304, 0.34278056025505066, 0.34275203943252563, 0.3392164707183838, 0.33958712220191956, 0.34049955010414124, 0.3474566638469696, 0.34697192907333374, 0.34896785020828247, 0.35181912779808044, 0.35173356533050537, 0.35395756363868713, 0.36003080010414124, 0.36014485359191895, 0.3549555242061615, 0.3623688519001007, 0.36385151743888855, 0.3680998980998993, 0.36539119482040405, 0.3733747601509094, 0.377851277589798, 0.37040942907333374], "leffingwell": [0.4261568784713745, 0.41417771577835083, 0.41077908873558044, 0.41123512387275696, 0.413738489151001, 0.417350709438324, 0.42051172256469727, 0.4229622781276703, 0.4241935610771179, 0.4280049800872803, 0.4319196343421936, 0.4292818605899811, 0.43241646885871887, 0.43509024381637573, 0.438090443611145, 0.4403897821903229, 0.44210588932037354, 0.4375744163990021, 0.443236380815506, 0.4439828097820282, 0.4474966526031494, 0.44664937257766724, 0.4462125599384308, 0.449299156665802, 0.4503552317619324], "sigma_2014": [0.40168580412864685, 0.36612895131111145, 0.34178656339645386, 0.3214406967163086, 0.3097417950630188, 0.296395868062973, 0.30039238929748535, 0.2934166491031647, 0.29431283473968506, 0.298430472612381, 0.2982366979122162, 0.296928733587265, 0.29428863525390625, 0.296395868062973, 0.3034200370311737, 0.31167951226234436, 0.310831755399704, 0.3090636134147644, 0.3144891858100891, 0.31182482838630676, 0.320035845041275, 0.31899434328079224, 0.3259458541870117, 0.3262607157230377, 0.3317831754684448]}, "val": {"dream_mean": [0.0, 0.0, 0.0, 0.0, 0.0, 0.0, 0.0, 0.0, 0.0, 0.0, 0.0, 0.0, 0.0, 0.0, 0.0, 0.0, 0.0, 0.0, 0.0, 0.0, 0.0, 0.0, 0.0, 0.0, 0.0], "dream_std": [0.0, 0.0, 0.0, 0.0, 0.0, 0.0, 0.0, 0.0, 0.0, 0.0, 0.0, 0.0, 0.0, 0.0, 0.0, 0.0, 0.0, 0.0, 0.0, 0.0, 0.0, 0.0, 0.0, 0.0, 0.0], "arctander": [0.0, 0.0, 0.0, 0.0, 0.0, 0.0, 0.0, 0.0, 0.0, 0.0, 0.0, 0.0, 0.0, 0.0, 0.0, 0.0, 0.0, 0.0, 0.0, 0.0, 0.0, 0.0, 0.0, 0.0, 0.0], "ifra_2019": [0.0, 0.0, 0.0, 0.0, 0.0, 0.0, 0.0, 0.0, 0.0, 0.0, 0.0, 0.0, 0.0, 0.0, 0.0, 0.0, 0.0, 0.0, 0.0, 0.0, 0.0, 0.0, 0.0, 0.0, 0.0], "leffingwell": [0.0, 0.0, 0.0, 0.0, 0.0, 0.0, 0.0, 0.0, 0.0, 0.0, 0.0, 0.0, 0.0, 0.0, 0.0, 0.0, 0.0, 0.0, 0.0, 0.0, 0.0, 0.0, 0.0, 0.0, 0.0], "sigma_2014": [0.0, 0.0, 0.0, 0.0, 0.0, 0.0, 0.0, 0.0, 0.0, 0.0, 0.0, 0.0, 0.0, 0.0, 0.0, 0.0, 0.0, 0.0, 0.0, 0.0, 0.0, 0.0, 0.0, 0.0, 0.0]}}