{"lambda_history": {"dream_mean": [0.9934756929137094, 1.0607084558654167, 1.164090963286303, 1.2744671830819139, 1.377200356743653, 1.4712264484336288, 1.5597717103067488, 1.6822619635690437, 1.7632269092180144, 1.86518320106268, 1.9187656324404534, 2.082599669067818, 2.1376995495278934, 2.1928644677711184, 2.3159547676841648, 2.4592572994604525, 2.521842895655932, 2.578143461947687, 2.5778523825818778, 2.631666321611125, 2.7197655978544457, 2.834207351503984, 2.9754982728739234, 3.129571916056969, 3.2775732834213755], "dream_std": [0.9888702431698401, 1.0000125981340613, 1.0220757516318881, 1.0552859811156323, 1.0873383262374499, 1.1150208342597498, 1.1460320413066964, 1.1880204537674293, 1.2276995881472343, 1.2613447348798854, 1.2891447056262821, 1.3414719732861875, 1.3628853051377416, 1.3830407872693578, 1.4073434306958539, 1.4512522481516021, 1.48068381384813, 1.4987898633622263, 1.5021075669035406, 1.5321972664420307, 1.534537454775766, 1.5735510498829777, 1.609343028594927, 1.6454424742267948, 1.6881247853958024], "arctander": [1.0354490711247624, 1.021568866811202, 1.0069156243387456, 0.9931778467809442, 0.9810671266305981, 0.9713142883819574, 0.9641181977646032, 0.9565123254772611, 0.9501895287908719, 0.944205149495398, 0.941990763096444, 0.9362226794729904, 0.9339074882839837, 0.9320018076968734, 0.9285481855861462, 0.9252720415063616, 0.923281326493712, 0.9227789444627971, 0.9225171232852284, 0.9217042268953382, 0.9222643704572558, 0.9205710348630587, 0.9198457581954429, 0.9191285566142773, 0.9209183721404532], "ifra_2019": [0.9839075666301248, 0.9523340933920249, 0.9260162701508446, 0.9084664142903224, 0.898515545071997, 0.8899607709159915, 0.8841590164085883, 0.880981722067288, 0.8802123590663162, 0.8812180888928083, 0.8820833512420057, 0.8843780989408432, 0.8875807271372688, 0.8914928854750714, 0.8949571543276955, 0.89831484419966, 0.9026048606096734, 0.9030779108923999, 0.9109997501754237, 0.9172125655025785, 0.9229591696210906, 0.9272838699247208, 0.9371740151148699, 0.9447203786472586, 0.9486900035790764], "leffingwell": [1.0804430272619854, 1.0956527023977076, 1.1053055040913085, 1.1074889671934807, 1.105870358620467, 1.103624917712708, 1.0992138302827288, 1.0929570672160032, 1.0877031663490837, 1.084257820839323, 1.0807847990331383, 1.0742740118746232, 1.071004239746145, 1.068021437005292, 1.0648783596504332, 1.060318909814816, 1.0579397173320755, 1.0563498428455187, 1.0555896506165388, 1.0528721646198438, 1.0507901574436995, 1.0478792917331827, 1.0425921655512196, 1.037914181924528, 1.0334905617497732], "sigma_2014": [0.9997452121413396, 0.9647395011304958, 0.9339602013708524, 0.9092101987931267, 0.890074744686556, 0.8761223102581353, 0.8647055919966569, 0.8548997106757097, 0.8480479200269473, 0.839467711324642, 0.832619155669291, 0.8270778237599522, 0.823946931297033, 0.8206403620177528, 0.8171824558464376, 0.814050190418047, 0.8120455723412338, 0.8115352836623219, 0.8094727603351365, 0.8059362347765296, 0.8020195996788504, 0.7988969289295533, 0.7953767593442009, 0.7930012587226932, 0.7891917921815474]}, "lambda_history_scaled": {"dream_mean": [727.2242072128353, 776.438589693485, 852.1145851255739, 932.909978015961, 1008.110661136354, 1076.9377602534164, 1141.7528919445401, 1231.41575733254, 1290.6820975475866, 1365.3141031778819, 1404.5364429464119, 1524.462957757643, 1564.796070254418, 1605.1767904084586, 1695.2788899448085, 1800.1763432050511, 1845.9889996201423, 1887.201014145707, 1886.9879440499344, 1926.3797474193434, 1990.8684176294544, 2074.639781300916, 2178.064735743712, 2290.8466425537013, 2399.183643464447], "dream_std": [723.8530180003229, 732.0092218341329, 748.1594501945422, 772.4693381766429, 795.9316548058133, 816.1952506781369, 838.8954542365018, 869.6309721577583, 898.6760985237755, 923.3043459320761, 943.6539245184385, 981.9574844454893, 997.6320433608269, 1012.3858562811698, 1030.175391269365, 1062.3166456469728, 1083.8605517368312, 1097.1141799811496, 1099.5427389733918, 1121.5683990355665, 1123.2814168958607, 1151.8393685143396, 1178.0390969314867, 1204.4638911340137, 1235.7073429097272], "arctander": [2667.316807217388, 2631.5614009056562, 2593.8146482966085, 2558.4261333077125, 2527.2289182004206, 2502.105606871922, 2483.5684774416177, 2463.9757504294244, 2447.688226165286, 2432.2724651001454, 2426.5682057364397, 2411.7096223224235, 2405.745689819542, 2400.8366566271457, 2391.9401260699124, 2383.5007789203873, 2378.372697047802, 2377.078560936165, 2376.4041095827483, 2374.310088482391, 2375.7530182978912, 2371.3909858072393, 2369.522673111461, 2367.6751618383782, 2372.2857266338074], "ifra_2019": [1078.3626930266169, 1043.7581663576593, 1014.9138320853257, 995.6791900621934, 984.7730373989087, 975.3970049239266, 969.0382819838128, 965.5559673857476, 964.7127455366826, 965.8150254265179, 966.7633529612382, 969.2783964391641, 972.7884769424466, 977.0762024806783, 980.8730411431543, 984.5530692428274, 989.2549272282021, 989.7733903380703, 998.4557261922644, 1005.2649717908259, 1011.5632499047152, 1016.3031214374939, 1027.1427205658974, 1035.4135349973953, 1039.7642439226677], "leffingwell": [4019.2480614145857, 4075.828052919472, 4111.736475219667, 4119.858957959748, 4113.837734068137, 4105.484693891273, 4089.0754486517512, 4065.8002900435317, 4046.2557788185914, 4033.4390935222814, 4020.5194524032745, 3996.2993241735985, 3984.135771855659, 3973.0397456596866, 3961.3474978996114, 3944.3863445111156, 3935.535748475321, 3929.6214153853293, 3926.793500293524, 3916.684452385819, 3908.939385690562, 3898.1109652474397, 3878.442855850537, 3861.040756759244, 3844.584889709156], "sigma_2014": [982.7495435349368, 948.3389296112773, 918.082877947548, 893.7536254136436, 874.9434740268846, 861.2282309837469, 850.0055969327137, 840.3664155942226, 833.6311053864891, 825.1967602321231, 818.4646300229131, 813.017500756033, 809.9398334649834, 806.689475863451, 803.2903540970481, 800.2113371809403, 798.2407976114328, 797.7391838400624, 795.7117234094392, 792.2353187853287, 788.3852664843099, 785.315681137751, 781.8553544353496, 779.5202373244074, 775.7755317144612]}, "l_hat": [0.16666666666666666, 0.05919861188778392, 0.049381775726043714, 0.04508802950888076, 0.04309363566457904, 0.04190594172808489, 0.04078651597057554, 0.03951250334355584, 0.03928491261243724, 0.03823757412133391, 0.038080052961929026, 0.036755311200895965, 0.0373319995761166, 0.036801875642095604, 0.0358945831689775, 0.03520778575610165, 0.03555584397984419, 0.03601378336963778, 0.03516237734680569, 0.034387632919734235, 0.03410246160511007, 0.03362885245960386, 0.0328547086584482, 0.03252774277696863, 0.03198239051842244], "r": {"dream_mean": [1.0, 0.7332384611975633, 0.6416393304797562, 0.5874017544767263, 0.5525446200430558, 0.5256515735489198, 0.5015034372910687, 0.45706345113669017, 0.4529419324104471, 0.42495583657444536, 0.4298935429962732, 0.37323151464604387, 0.39051704455918496, 0.38189797594642316, 0.35010531492398395, 0.32973031490136595, 0.3370142169192651, 0.332200644046424, 0.3437553811614436, 0.32661770273516616, 0.31246323719694796, 0.29792362151729057, 0.2829957685202107, 0.27045976058290266, 0.26129993719313943], "dream_std": [1.0, 0.851933966177127, 0.8081858947276807, 0.7614859022846993, 0.7387588080404904, 0.7251847839531343, 0.7001900401879239, 0.6623365179897411, 0.6439893460045338, 0.6324539309273784, 0.6251441696186731, 0.5802613458496232, 0.5971429064605605, 0.5895612420835641, 0.5754681360310753, 0.5452293931188216, 0.5454656554551304, 0.5471658266154052, 0.5571811950962015, 0.527983363430773, 0.5453113882414709, 0.5095747071293963, 0.5003777268527029, 0.4902392182312642, 0.47621644656398865],