{"train": {"dream_mean": [0.17829947173595428, 0.0568230114877224, 0.0445793978869915, 0.04118175059556961, 0.040725965052843094, 0.040806036442518234, 0.04061073437333107, 0.03823363780975342, 0.0406004972755909, 0.03892546892166138, 0.041363246738910675, 0.03601430356502533, 0.04116445779800415, 0.04074599966406822, 0.03753233700990677, 0.03671356290578842, 0.03999124467372894, 0.04082995653152466, 0.04200516641139984, 0.03924768418073654, 0.037954118102788925, 0.03703507408499718, 0.03588637337088585, 0.03562372177839279, 0.03553009405732155], "dream_std": [0.18753933906555176, 0.06912089139223099, 0.05568090081214905, 0.049302611500024796, 0.047423165291547775, 0.04675036668777466, 0.04519898071885109, 0.04281795024871826, 0.04287855327129364, 0.04242727905511856, 0.04278470203280449, 0.039567846804857254, 0.042646050453186035, 0.04218145087361336, 0.04092547297477722, 0.038802459836006165, 0.04017587751150131, 0.041532114148139954, 0.04163184389472008, 0.03888479992747307, 0.04056306183338165, 0.03759278357028961, 0.03705434501171112, 0.036734651774168015, 0.03580977022647858], "arctander": [0.12304747849702835, 0.058727867901325226, 0.04955057054758072, 0.04545189440250397, 0.0434294119477272, 0.041992660611867905, 0.04059266671538353, 0.03962400555610657, 0.03923641890287399, 0.038243938237428665, 0.037422358989715576, 0.03697764500975609, 0.03680920600891113, 0.03624806925654411, 0.03572831675410271, 0.0351085439324379, 0.035141702741384506, 0.035304341465234756, 0.034353625029325485, 0.033801689743995667, 0.03328091278672218, 0.03325144574046135, 0.03239026293158531, 0.032060667872428894, 0.03112475760281086], "ifra_2019": [0.19863127171993256, 0.08757665008306503, 0.0723954364657402, 0.06389810144901276, 0.05914035812020302, 0.05740052089095116, 0.05533352866768837, 0.05315152183175087, 0.052210208028554916, 0.05041169002652168, 0.050135478377342224, 0.04831056669354439, 0.048541586846113205, 0.04764481633901596, 0.046635378152132034, 0.04579038918018341, 0.045819807797670364, 0.047136757522821426, 0.04432021826505661, 0.0437435656785965, 0.04336582124233246, 0.04308498278260231, 0.041097305715084076, 0.04099429398775101, 0.040816545486450195], "leffingwell": [0.09236525744199753, 0.04422525316476822, 0.0376400351524353, 0.03530949726700783, 0.0342603474855423, 0.03343882039189339, 0.03286052495241165, 0.032171640545129776, 0.03189150243997574, 0.030900076031684875, 0.030738359317183495, 0.03019077144563198, 0.030174514278769493, 0.029735984280705452, 0.029107697308063507, 0.02875911258161068, 0.028727037832140923, 0.02897620014846325, 0.02814611792564392, 0.027820855379104614, 0.02751265838742256, 0.027292374521493912, 0.026951119303703308, 0.02663697674870491, 0.026161126792430878], "sigma_2014": [0.16709239780902863, 0.07983648777008057, 0.06660035997629166, 0.05993778258562088, 0.05628954991698265, 0.053656965494155884, 0.051914963871240616, 0.05028458684682846, 0.049324311316013336, 0.04878270626068115, 0.04819752275943756, 0.046588920056819916, 0.046479109674692154, 0.04596048220992088, 0.0450727716088295, 0.04427456855773926, 0.044296540319919586, 0.04440818354487419, 0.043709952384233475, 0.04337462782859802, 0.04318604618310928, 0.042565807700157166, 0.041837990283966064, 0.04116638004779816, 0.040917862206697464]}, "val": {"dream_mean": [0.0, 0.0, 0.0, 0.0, 0.0, 0.0, 0.0, 0.0, 0.0, 0.0, 0.0, 0.0, 0.0, 0.0, 0.0, 0.0, 0.0, 0.0, 0.0, 0.0, 0.0, 0.0, 0.0, 0.0, 0.0], "dream_std": [0.0, 0.0, 0.0, 0.0, 0.0, 0.0, 0.0, 0.0, 0.0, 0.0, 0.0, 0.0, 0.0, 0.0, 0.0, 0.0, 0.0, 0.0, 0.0, 0.0, 0.0, 0.0, 0.0, 0.0, 0.0], "arctander": [0.0, 0.0, 0.0, 0.0, 0.0, 0.0, 0.0, 0.0, 0.0, 0.0, 0.0, 0.0, 0.0, 0.0, 0.0, 0.0, 0.0, 0.0, 0.0, 0.0, 0.0, 0.0, 0.0, 0.0, 0.0], "ifra_2019": [0.0, 0.0, 0.0, 0.0, 0.0, 0.0, 0.0, 0.0, 0.0, 0.0, 0.0, 0.0, 0.0, 0.0, 0.0, 0.0, 0.0, 0.0, 0.0, 0.0, 0.0, 0.0, 0.0, 0.0, 0.0], "leffingwell": [0.0, 0.0, 0.0, 0.0, 0.0, 0.0, 0.0, 0.0, 0.0, 0.0, 0.0, 0.0, 0.0, 0.0, 0.0, 0.0, 0.0, 0.0, 0.0, 0.0, 0.0, 0.0, 0.0, 0.0, 0.0], "sigma_2014": [0.0, 0.0, 0.0, 0.0, 0.0, 0.0, 0.0, 0.0, 0.0, 0.0, 0.0, 0.0, 0.0, 0.0, 0.0, 0.0, 0.0, 0.0, 0.0, 0.0, 0.0, 0.0, 0.0, 0.0, 0.0]}}