{"train": {"dream_mean": [0.31904494762420654, 0.1868802309036255, 0.15826216340065002, 0.1443837732076645, 0.13338418304920197, 0.12756779789924622, 0.12399149686098099, 0.12203584611415863, 0.11586570739746094, 0.1128767803311348, 0.10905410349369049, 0.10568265616893768, 0.10026530921459198, 0.09753679484128952, 0.09814421832561493, 0.10143499821424484, 0.0940549373626709, 0.09542503952980042, 0.09230875223875046, 0.08809827268123627, 0.08468406647443771, 0.08607002347707748, 0.0818965956568718, 0.08198046684265137, 0.08176214247941971, 0.08135665953159332, 0.08255418390035629, 0.08136071264743805, 0.07714535295963287, 0.07907109707593918], "dream_std": [0.34416669607162476, 0.22198937833309174, 0.1971137523651123, 0.17996405065059662, 0.170298233628273, 0.16536734998226166, 0.16223305463790894, 0.16018585860729218, 0.1555534452199936, 0.15064114332199097, 0.14655667543411255, 0.14425510168075562, 0.13930952548980713, 0.13600727915763855, 0.13651911914348602, 0.1409110724925995, 0.13290637731552124, 0.13385891914367676, 0.13099965453147888, 0.12649133801460266, 0.12330793589353561, 0.12418650090694427, 0.12092898786067963, 0.12165448814630508, 0.12056580185890198, 0.1208815723657608, 0.11954278498888016, 0.11983340233564377, 0.11551693081855774, 0.11682738363742828], "arctander": [0.42710748314857483, 0.4000468850135803, 0.3827582001686096, 0.3701381981372833, 0.36739352345466614, 0.37109676003456116, 0.3695864975452423, 0.3741724491119385, 0.3737311065196991, 0.368379682302475, 0.37439313530921936, 0.3783860206604004, 0.38095828890800476, 0.3803514242172241, 0.3847718834877014, 0.38208237290382385, 0.38561320304870605, 0.38628214597702026, 0.3860545754432678, 0.39104050397872925, 0.3955368101596832, 0.397495299577713, 0.3970332741737366, 0.39483338594436646, 0.3936610519886017, 0.4023846983909607, 0.4025019407272339, 0.39366793632507324, 0.39931589365005493, 0.40142613649368286], "ifra_2019": [0.38450711965560913, 0.3662109375, 0.3553251326084137, 0.35251033306121826, 0.3442957401275635, 0.3458467423915863, 0.3463924527168274, 0.34728285670280457, 0.35055720806121826, 0.3464786410331726, 0.35354435443878174, 0.3544347286224365, 0.35475069284439087, 0.3594611585140228, 0.3576229214668274, 0.35891544818878174, 0.36032283306121826, 0.3624483048915863, 0.3634248673915863, 0.36853745579719543, 0.3723575472831726, 0.3766658902168274, 0.3790498673915863, 0.3712947964668274, 0.37034696340560913, 0.3824678361415863, 0.38195082545280457, 0.3774988651275635, 0.3838465213775635, 0.3788487911224365], "leffingwell": [0.4280572533607483, 0.4134679138660431, 0.4105948805809021, 0.40985164046287537, 0.4141721725463867, 0.4161703586578369, 0.41751062870025635, 0.4209490120410919, 0.42416563630104065, 0.42993849515914917, 0.43214383721351624, 0.43312588334083557, 0.4344198405742645, 0.4356577396392822, 0.4345490038394928, 0.4356285035610199, 0.4406191408634186, 0.43888169527053833, 0.4409627318382263, 0.4411162734031677, 0.44608497619628906, 0.4484218955039978, 0.4452710747718811, 0.4461020231246948, 0.4473155736923218, 0.44787847995758057, 0.446672260761261, 0.4461800158023834, 0.44812706112861633, 0.45047616958618164], "sigma_2014": [0.40644288063049316, 0.3615083694458008, 0.3444979786872864, 0.32450199127197266, 0.31133022904396057, 0.31160619854927063, 0.30538409948349, 0.2995634377002716, 0.2972552478313446, 0.2925886809825897, 0.300165593624115, 0.30360278487205505, 0.3020472824573517, 0.30907219648361206, 0.3106779158115387, 0.3031511902809143, 0.31112951040267944, 0.3081188201904297, 0.3102012276649475, 0.30907219648361206, 0.3099001348018646, 0.3244768977165222, 0.3202619254589081, 0.3222690522670746, 0.32517939805984497, 0.3224697709083557, 0.32703596353530884, 0.3217170834541321, 0.32881730794906616, 0.3311505913734436]}, "val": {"DREAM": [1.6122684343680875, 2.213743418659764, 3.1710444730247613, 4.23322398519295, 4.806901418968876, 5.849171436069741, 6.315435351021901, 6.876287109180136, 7.114460502469572, 7.378243419365533, 7.686357267214116, 7.968848434973938, 8.26954957749249, 8.498668383844398, 8.635806354264952, 8.765467265754454, 8.883975741884639, 9.041715744296903, 9.105597102350758, 9.057998332161645, 9.163384191128673, 9.168570452487392, 9.199744179964375, 9.196438735640237, 9.149123893627559, 9.170006254421443, 9.121361354986913, 8.993920888162908, 8.97110763578676, 8.855310552211584]}}