{"train": {"dream_mean": [0.19410823285579681, 0.05823785439133644, 0.04577719420194626, 0.04206492751836777, 0.04046162962913513, 0.03971712663769722, 0.04068077728152275, 0.04162639006972313, 0.039673544466495514, 0.039874181151390076, 0.038762837648391724, 0.03905210644006729, 0.035612404346466064, 0.03759022057056427, 0.039253853261470795, 0.042909473180770874, 0.036963190883398056, 0.03968707099556923, 0.03921428322792053, 0.035495419055223465, 0.034399036318063736, 0.040590547025203705, 0.03380291536450386, 0.036540437489748, 0.037622466683387756, 0.039779216051101685, 0.038377150893211365, 0.03827023133635521, 0.03443058952689171, 0.0378316305577755], "dream_std": [0.21294809877872467, 0.07688358426094055, 0.059966884553432465, 0.05107622221112251, 0.0469474270939827, 0.046141039580106735, 0.04643343761563301, 0.046445608139038086, 0.04485166817903519, 0.044029247015714645, 0.04191114380955696, 0.044657643884420395, 0.03975721821188927, 0.04054789990186691, 0.04231196641921997, 0.04534510150551796, 0.04004218429327011, 0.04202473536133766, 0.041248153895139694, 0.038830164819955826, 0.037817854434251785, 0.04167059436440468, 0.03733079507946968, 0.03893985226750374, 0.038842059671878815, 0.04069795832037926, 0.03882516920566559, 0.0393831841647625, 0.03664455562829971, 0.0383940264582634], "arctander": [0.12844766676425934, 0.058278437703847885, 0.049074262380599976, 0.045114606618881226, 0.04298149794340134, 0.041225895285606384, 0.04036286473274231, 0.040091030299663544, 0.03910075128078461, 0.038548506796360016, 0.03769912198185921, 0.03717083856463432, 0.036560989916324615, 0.03560801222920418, 0.03566565737128258, 0.03625783696770668, 0.035071320831775665, 0.03500502184033394, 0.0348578542470932, 0.034172557294368744, 0.03345794603228569, 0.03300223499536514, 0.03206992521882057, 0.032933030277490616, 0.0327145978808403, 0.03188793733716011, 0.032190531492233276, 0.032331474125385284, 0.031364038586616516, 0.031017951667308807], "ifra_2019": [0.18586128950119019, 0.08504986763000488, 0.06984704732894897, 0.06195283681154251, 0.05746680125594139, 0.05330026149749756, 0.05236104503273964, 0.051349055022001266, 0.04962946102023125, 0.04952603578567505, 0.047388024628162384, 0.0467715784907341, 0.0464438833296299, 0.043910931795835495, 0.0432061143219471, 0.04594352841377258, 0.043517161160707474, 0.04306141659617424, 0.04481234401464462, 0.04167106747627258, 0.04037533700466156, 0.04011786729097366, 0.03930997475981712, 0.0396348312497139, 0.039752840995788574, 0.03840237855911255, 0.03926239162683487, 0.039855096489191055, 0.039077483117580414, 0.038281530141830444], "leffingwell": [0.09681786596775055, 0.04343362897634506, 0.03746883571147919, 0.03511977195739746, 0.03430204838514328, 0.033188629895448685, 0.03278540074825287, 0.03233785182237625, 0.03180702030658722, 0.03136919438838959, 0.030841773375868797, 0.030554763972759247, 0.029988588765263557, 0.02978001907467842, 0.029501991346478462, 0.02997872792184353, 0.02894679829478264, 0.02920144982635975, 0.028659086674451828, 0.02815789356827736, 0.027540015056729317, 0.027378499507904053, 0.027045058086514473, 0.026923228055238724, 0.027078313753008842, 0.026623724028468132, 0.02667072042822838, 0.026515260338783264, 0.02621525526046753, 0.025945506989955902], "sigma_2014": [0.17055845260620117, 0.07982794940471649, 0.06631544232368469, 0.05902615562081337, 0.05603409931063652, 0.05225365608930588, 0.05127095803618431, 0.050145503133535385, 0.04897438362240791, 0.04810718446969986, 0.047242674976587296, 0.047106824815273285, 0.04578772932291031, 0.04526785388588905, 0.044513750821352005, 0.04515010118484497, 0.0441182442009449, 0.04398820921778679, 0.04409459978342056, 0.04342443495988846, 0.042465224862098694, 0.04206474497914314, 0.04241041839122772, 0.041348353028297424, 0.041635945439338684, 0.04063321650028229, 0.040559738874435425, 0.04077496379613876, 0.04018087685108185, 0.04022751376032829]}, "val": {}}