{"lambda_history": {"dream_mean": [0.9858627499795352, 1.0494407849069658, 1.143577365489506, 1.2417042773753864, 1.3447686237062706, 1.4413919579737358, 1.5218105510914577, 1.5856508150998576, 1.6698114571865816, 1.747349474661265, 1.8333960022534201, 1.9152524790031982, 2.0664389258566374, 2.1625441218629406, 2.2211031318225154, 2.2279330133976036, 2.3340396006441684, 2.380662001304563, 2.4375235655875054, 2.5776097344984104, 2.7433642422020226, 2.7257838134255, 2.8996098212109764, 2.9919515777331203, 3.0544158128457846, 3.0297752551158545, 3.049326522209656, 3.075890826722566, 3.2187167063651536, 3.230543767470189], "dream_std": [0.9782663323234695, 0.9755660622941094, 0.9901494702013101, 1.0245959821959518, 1.072743243902926, 1.1119522948282847, 1.144425805112886, 1.173054968666184, 1.206014067566256, 1.2420751848942089, 1.2900492530321965, 1.3078543404653227, 1.3687987947542162, 1.4133530445433022, 1.4356945813840254, 1.438592042411403, 1.4809219618543241, 1.5017393717400225, 1.5304543014016097, 1.5767385705258161, 1.626303412733616, 1.622661205948766, 1.6667623117961754, 1.69102794607967, 1.7188916366547575, 1.7094411298926289, 1.7286628411929386, 1.740481732509326, 1.7830366867198602, 1.793452386775563], "arctander": [1.0297545302808426, 1.0194934587294935, 1.00860784999312, 0.9971194079791352, 0.9874339413410707, 0.9783546197341652, 0.9719721436661148, 0.9654799632798964, 0.9597714479860149, 0.9551055153132448, 0.950464083506504, 0.9481147085429473, 0.9439533174196456, 0.9424959451247268, 0.9403273109757457, 0.9408309685714302, 0.9386479694198137, 0.9384882438925293, 0.9383303373597952, 0.935858414225972, 0.933066995654842, 0.9342592291100533, 0.9354017803482776, 0.9328521084871861, 0.9323613543039182, 0.9339530466176064, 0.9337071597659663, 0.9329943102116416, 0.9333084986381941, 0.9353530838996503], "ifra_2019": [0.9896726085964229, 0.9530262797767137, 0.9232757358539875, 0.9010919377627215, 0.8859362041941884, 0.8775265186895659, 0.8708942852548253, 0.8665257274178876, 0.8643124289988919, 0.8607487605936992, 0.8609433803028659, 0.8625868875950197, 0.8607910892513919, 0.8664892095075087, 0.8744335421047797, 0.8755765058859493, 0.8781675788647293, 0.8839309745108803, 0.881038166768985, 0.8861088993076995, 0.8924081615871566, 0.9005378012235394, 0.9064463206869335, 0.9121481701573741, 0.9173778817547454, 0.9263379709578305, 0.9301778134429233, 0.9310238737461363, 0.9305742685018377, 0.9338960677896238], "leffingwell": [1.0721445365488456, 1.0957383425873353, 1.1089507535506586, 1.1136896001328085, 1.1121316297306256, 1.107996165717982, 1.1042385190303883, 1.101885865420683, 1.0976829662387058, 1.0944304163483598, 1.0894603036548804, 1.0860187886543202, 1.0807607285078875, 1.0737239961875673, 1.0689560613764393, 1.0677728669454678, 1.0637481639908748, 1.0595132026720302, 1.0593397761122116, 1.055632059737244, 1.0517734838269948, 1.050859125001185, 1.0458127900609255, 1.044541027848118, 1.0425056493974099, 1.0408778494211282, 1.0391975604798684, 1.0396402891005194, 1.0364054795773698, 1.035270461683465], "sigma_2014": [0.9977182098687772, 0.9621631564301201, 0.9316651815442523, 0.9083376948144033, 0.888653418278516, 0.8751526110347058, 0.8641086722526746, 0.8560970425683747, 0.8488607462716303, 0.8433296306257672, 0.837459997529099, 0.8318756986735263, 0.827174030586111, 0.8224281389019775, 0.8202773343396766, 0.8204944997040874, 0.8172666055219595, 0.8158247102911506, 0.8135353205893514, 0.8092142172654336, 0.8051489677477449, 0.8034632284678737, 0.7969531835351598, 0.7957521015948796, 0.7940547179753309, 0.7937181023924529, 0.7938376130399237, 0.7934864643068761, 0.79164902500591, 0.7894610402976773]}, "lambda_history_scaled": {"dream_mean": [666.4432189861658, 709.4219705971088, 773.0582990709061, 839.3920915057612, 909.0635896254389, 974.3809635902454, 1028.7439325378255, 1071.8999510075037, 1128.7925450581292, 1181.208244871015, 1239.375697523312, 1294.710675806162, 1396.9127138790868, 1461.8798263793478, 1501.4657171120205, 1506.08271705678, 1577.8107700354578, 1609.3275128818848, 1647.7659303371536, 1742.4641805209253, 1854.5142277285672, 1842.629857875638, 1960.13623913862, 2022.5592665475892, 2064.78508948375, 2048.1280724583175, 2061.3447290137274, 2079.3021988644546, 2175.852493502844, 2183.847586809848], "dream_std": [661.3080406506654, 659.482658110818, 669.3410418560856, 692.6268839644634, 725.1744328783781, 751.6797513039205, 773.6318442563108, 792.9851588183403, 815.2655096747891, 839.6428249884852, 872.0732950497649, 884.1095341545581, 925.3079852538501, 955.4266581112723, 970.5295370156011, 972.4882206701084, 1001.1032462135231, 1015.1758152962552, 1034.587107747488, 1065.8752736754518, 1099.3811070079244, 1096.9189752213658, 1126.7313227742145, 1143.134891549857, 1161.970746378616, 1155.582203807417, 1168.5760806464264, 1176.5656511763043, 1205.3328002226256, 1212.3738134602806], "arctander": [2619.6955250344636, 2593.591359007831, 2565.898370382497, 2536.67177389892, 2512.0319467716836, 2488.934152603716, 2472.697133486596, 2456.1810265840563, 2441.6585636764216, 2429.788430956895, 2417.9806284405463, 2412.003818533258, 2401.4172395155783, 2397.709684397305, 2392.1926791222972, 2393.4739840457187, 2387.920434204006, 2387.5140924625944, 2387.112378243319, 2380.823805790873, 2373.722436945918, 2376.7554788559755, 2379.662129206018, 2373.1757639914017, 2371.927285349168, 2375.9765505951905, 2375.351014444618, 2373.537525178416, 2374.336820535566, 2379.5382454407104], "ifra_2019": [1076.763798152908, 1036.8925923970646, 1004.5240006091384, 980.388028285841, 963.8985901632769, 954.7488523342477, 947.5329823572499, 942.7799914306617, 940.3719227507944, 936.4946515259447, 936.706397769518, 938.4945337033814, 936.5407051055145, 942.7402599441696, 951.3836938100004, 952.6272384039128, 955.4463258048255, 961.7169002678378, 958.5695254446557, 964.0864824467772, 970.9400798068264, 979.7851277312109, 986.2135969073837, 992.4172091312231, 998.1071353491631, 1007.8557124021196, 1012.0334610259006, 1012.9539746357963, 1012.4648041299994, 1016.0789217551106], "leffingwell": [3928.33758191497, 4014.7852872399963, 4063.1955610096134, 4080.5586948866103, 4074.850291333012, 4059.697951190686, 4045.929933727343, 4037.309810901382, 4021.910388298618, 4009.9930455003905, 3991.782552591482, 3979.1728416294295, 3959.9073092528997, 3934.1247220312466, 3916.6550088832737, 3912.319784488194, 3897.5732728625653, 3882.0563745903187, 3881.4209396751435, 3867.8358668772617, 3853.698044742109, 3850.3478340043416, 3831.858062783231, 3827.198326035504, 3819.74069939211, 3813.7764402790135, 3807.619861598238, 3809.242019264303, 3797.389677171483, 3793.2309716082154], "sigma_2014": [946.8345811654696, 913.092835452184, 884.1502572854954, 862.0124723788688, 843.3320939463116, 830.5198278719357, 820.0391299677882, 812.4360933973876, 805.5688482117772, 800.319819463853, 794.749537655115, 789.4500380411764, 784.9881550262194, 780.4843038179766, 778.4431902883531, 778.6492802191789, 775.5860086403396, 774.2176500663019, 772.0450192392944, 767.9442921848965, 764.08637039261, 762.4866038160121, 756.3085711748666, 755.1687444135408, 753.557927358589, 753.2384791704378, 753.3518947748876, 753.0186546272254, 751.2749247306085, 749.1985272424957]}, "l_hat": [0.16666666666666666, 0.05908453001806584, 0.04923837418368399, 0.04478840565203539, 0.04270255271525101, 0.0408566575017996, 0.04035875811859246, 0.03995727782497819, 0.03893152246094686, 0.03847670021532997, 0.03749483221682071, 0.037375733444991795, 0.03624285845812055, 0.03576705528515769, 0.03576315772240579, 0.03694655556715788, 0.03506856599532093, 0.03541520273285172, 0.03529014147727256, 0.03406246875917289, 0.03324685975594037, 0.03370310745048774, 0.03248745550044293, 0.0329077103177843, 0.03302016272182898, 0.032657863669088884, 0.03261557512076134, 0.032713835423342004, 0.031732579069211106, 0.03181502200151478],