{"train": {"dream_mean": [0.31904494762420654, 0.1868802309036255, 0.15839862823486328, 0.14424259960651398, 0.13363756239414215, 0.12798991799354553, 0.12303968518972397, 0.12141833454370499, 0.11555145680904388, 0.1138724610209465, 0.10940553992986679, 0.10618887096643448, 0.10109002888202667, 0.0967772901058197, 0.10009508579969406, 0.10193680226802826, 0.09476791322231293, 0.09660138189792633, 0.09381911903619766, 0.09016305208206177, 0.08684559911489487, 0.08626466989517212, 0.08279192447662354, 0.08170987665653229, 0.08249879628419876, 0.08223362267017365, 0.08209841698408127, 0.08261090517044067, 0.07914095371961594, 0.08101488649845123], "dream_std": [0.34416669607162476, 0.22198937833309174, 0.1971222311258316, 0.1799910068511963, 0.17066995799541473, 0.16590705513954163, 0.16197088360786438, 0.15962232649326324, 0.15533986687660217, 0.15237052738666534, 0.14713917672634125, 0.14537593722343445, 0.1399979591369629, 0.13566352427005768, 0.1376747339963913, 0.14171665906906128, 0.13328585028648376, 0.1345808207988739, 0.13231094181537628, 0.12749730050563812, 0.12549498677253723, 0.12468688935041428, 0.12208114564418793, 0.1212310642004013, 0.11950085312128067, 0.12192162871360779, 0.12024951726198196, 0.12126102298498154, 0.1176234558224678, 0.11907064914703369], "arctander": [0.42710748314857483, 0.4000468850135803, 0.3828478455543518, 0.3704623281955719, 0.3685658574104309, 0.3704071640968323, 0.3719243109226227, 0.37326905131340027, 0.3768205940723419, 0.3720415532588959, 0.37460002303123474, 0.3801169693470001, 0.38079968094825745, 0.3847167193889618, 0.3866545259952545, 0.384013295173645, 0.3849649727344513, 0.38728898763656616, 0.38613730669021606, 0.3905646502971649, 0.3939989507198334, 0.39719876646995544, 0.39802631735801697, 0.3960815966129303, 0.3983986973762512, 0.3994538187980652, 0.4016950726509094, 0.39715051651000977, 0.3970263600349426, 0.39960554242134094], "ifra_2019": [0.38450711965560913, 0.3662109375, 0.35607191920280457, 0.3526826798915863, 0.34326171875, 0.34748390316963196, 0.3455020785331726, 0.34874770045280457, 0.34880515933036804, 0.3446404039859772, 0.35328584909439087, 0.3556123673915863, 0.3592313826084137, 0.35969093441963196, 0.35656020045280457, 0.36052390933036804, 0.35934627056121826, 0.36061006784439087, 0.36121323704719543, 0.3668428361415863, 0.37230008840560913, 0.37342026829719543, 0.3768956661224365, 0.36549288034439087, 0.3745691776275635, 0.3781307339668274, 0.37790095806121826, 0.3746553361415863, 0.3765510022640228, 0.3712373673915863], "leffingwell": [0.4280572533607483, 0.4134679138660431, 0.4105217754840851, 0.4104803502559662, 0.4132315516471863, 0.4183610677719116, 0.41970133781433105, 0.4221527874469757, 0.4260541796684265, 0.4290807247161865, 0.4315126836299896, 0.4353117346763611, 0.43512406945228577, 0.43627670407295227, 0.43380817770957947, 0.4361061155796051, 0.43964684009552, 0.4406849443912506, 0.4414038062095642, 0.4418497681617737, 0.4443889260292053, 0.4461020231246948, 0.44457900524139404, 0.4431632161140442, 0.44724979996681213, 0.4452613294124603, 0.4402536153793335, 0.4455147683620453, 0.447551965713501, 0.45433124899864197], "sigma_2014": [0.40644288063049316, 0.3615083694458008, 0.3465803563594818, 0.3239751160144806, 0.3111796975135803, 0.31235888600349426, 0.30658838152885437, 0.2995634377002716, 0.2977319359779358, 0.29376786947250366, 0.30458125472068787, 0.3004917502403259, 0.3004164695739746, 0.30889657139778137, 0.309649258852005, 0.3045310974121094, 0.31138038635253906, 0.3066636621952057, 0.3121330738067627, 0.31022629141807556, 0.3117567300796509, 0.3200863003730774, 0.3202117383480072, 0.3202870190143585, 0.3273119628429413, 0.32806462049484253, 0.3250539302825928, 0.32650911808013916, 0.3247026801109314, 0.32485324144363403]}, "val": {"DREAM": [1.6122684343680875, 2.213743418659764, 3.1451908033818072, 4.297280316845794, 4.875823724123644, 5.878414369809254, 6.2997424585011785, 6.702714283672922, 6.994083534643274, 7.183784109452856, 7.5417450477960015, 7.834543241015538, 8.044903176765741, 8.224327858103416, 8.434256181624617, 8.556895108260354, 8.713138446927774, 8.77744504429171, 8.795846928907496, 8.880710989502177, 9.026282384997183, 9.020838348379204, 9.133866476304677, 9.136259997087349, 9.16325181678494, 9.276537032086958, 9.267169068422172, 9.235898490566138, 9.221994664864734, 9.127716713794358]}}