{"lambda_history": {"dream_mean": [0.9858627499795352, 1.0442420293871622, 1.130495891158415, 1.2222049155578398, 1.3148772534781383, 1.4020963932897672, 1.4832377111403359, 1.5473937561543942, 1.6208552947031925, 1.6885606708795518, 1.765838000598038, 1.8373788995975875, 1.963744747414795, 2.064285488630432, 2.0884442076266923, 2.096365546214952, 2.1958809627721543, 2.229267048067982, 2.263911387855414, 2.3603803180374037, 2.4839417701669406, 2.5252392237375836, 2.6632985865729535, 2.7670023607931094, 2.8188430974389656, 2.8009214196368037, 2.82486861781088, 2.814636813858972, 2.9031648706208406, 2.887355793857827], "dream_std": [0.9782663323234695, 0.9743114610000005, 0.9868615788530302, 1.0187405411520336, 1.0615397506307236, 1.096190983662194, 1.1275841337181174, 1.1580200735958366, 1.186811125652044, 1.217820900357784, 1.259529698197852, 1.275098048488143, 1.328159403889018, 1.374289403124046, 1.3937420520273731, 1.394335721174614, 1.4317983353711925, 1.4518226305769097, 1.4717343108471332, 1.5091216007145127, 1.5446561159348036, 1.556071760463286, 1.5908117296753044, 1.622725379374043, 1.6516046838709815, 1.6386553596124398, 1.650904570886488, 1.653261270348258, 1.680277064924815, 1.6850220755354426], "arctander": [1.0297545302808426, 1.019889303870246, 1.0093644776257489, 0.9981170414327646, 0.9889692228488396, 0.9803371602135689, 0.9741432291637195, 0.9671444811713689, 0.9621670799557531, 0.9581056799415575, 0.9533791951570725, 0.951412757549124, 0.9472288821742667, 0.9458295710712493, 0.9448155409162238, 0.9448791074853927, 0.9425350485720099, 0.9423619535143066, 0.9424891765234662, 0.9402800135258238, 0.9384052708258575, 0.9389025536688701, 0.9398757909173732, 0.9374118237901634, 0.9369945621697975, 0.9392384548933761, 0.9382210888136047, 0.9387319629957237, 0.9388664105793251, 0.9407999149790258], "ifra_2019": [0.9896726085964229, 0.9535773344595554, 0.9243296340140716, 0.9027089228756717, 0.8879400507374331, 0.8793175469475089, 0.8723608816797032, 0.8677536437330768, 0.8658236673102213, 0.861428990391186, 0.8625874920142413, 0.8632086034297556, 0.8617032702660483, 0.8655423841156022, 0.8727018000825345, 0.8737120653394568, 0.8771410718554937, 0.8813080812562455, 0.8804193957044856, 0.8872288635017149, 0.8930691040407874, 0.899202201587431, 0.905224325937179, 0.9099287347646726, 0.9169472565010877, 0.9220253784038165, 0.9277989249400304, 0.9301736507384577, 0.9314453710200972, 0.9326492376991526], "leffingwell": [1.0721445365488456, 1.0955953369888347, 1.1088628527976598, 1.1135115426468682, 1.1122486596325456, 1.1086901521037984, 1.1046262065519703, 1.102155563145591, 1.097735425464794, 1.0946357774131026, 1.0897115891963811, 1.0869142051847345, 1.0821155967407723, 1.0749864125463247, 1.0702871250598447, 1.069143343745079, 1.0650643460837208, 1.0616812482396096, 1.0611745612577013, 1.056894669456138, 1.0530458579857092, 1.050326772244959, 1.0461839857974593, 1.0441706797255648, 1.0411153947313854, 1.040464629479747, 1.039277969655781, 1.0395113674683794, 1.0369020783207639, 1.0361891053543417], "sigma_2014": [0.9977182098687772, 0.962831929550388, 0.9329703157630975, 0.9100813136351782, 0.8906559905993994, 0.8772135822353484, 0.8662742010127437, 0.8586144104559622, 0.8514241361811524, 0.8465647262934304, 0.8406088325164125, 0.8346427017691451, 0.830107049653117, 0.8252628315344357, 0.8235207507946407, 0.8241007803164834, 0.8202025873362482, 0.8185011438536823, 0.8160232006862178, 0.8123253242568381, 0.8083851788705918, 0.8062008176939732, 0.7995668697091525, 0.7979061240627434, 0.7962717053476314, 0.7957404860516794, 0.7950335220953029, 0.7944212150522303, 0.7927739306866594, 0.7923474194990738]}, "lambda_history_scaled": {"dream_mean": [666.4432189861658, 705.9076118657216, 764.2152224230886, 826.2105229170998, 888.8570233512215, 947.8171618638826, 1002.6686927308671, 1046.0381791603704, 1095.698179219358, 1141.467013514577, 1193.7064884042738, 1242.0681361279692, 1327.4914492524015, 1395.4569903141721, 1411.788284355644, 1417.1431092413075, 1484.4155308339764, 1506.9845244939559, 1530.4040981902597, 1595.6170949932848, 1679.1446366328519, 1707.0617152466066, 1800.3898445233165, 1870.4935958961419, 1905.5379338687408, 1893.4228796744794, 1909.611185640155, 1902.694486168665, 1962.5394525396882, 1951.852516647891], "dream_std": [661.3080406506654, 658.6345476360003, 667.1184273046484, 688.6686058187747, 717.6008714263692, 741.0251049556431, 762.2468743934473, 782.8215697507856, 802.2843209407818, 823.246928641862, 851.4420759817481, 861.9662807779846, 897.8357570289762, 929.0196365118551, 942.1696271705042, 942.570947514039, 967.8956747109261, 981.432098269991, 994.892394132662, 1020.1662020830106, 1044.1875343719273, 1051.9045100731814, 1075.3887292605057, 1096.962356456853, 1116.4847662967834, 1107.7310230980092, 1116.0114899192658, 1117.6046187554225, 1135.867295889175, 1139.0749230619592], "arctander": [2619.6955250344636, 2594.5983890459056, 2567.8232310799053, 2539.209753404953, 2515.937702927448, 2493.9777355833194, 2478.2203749925025, 2460.4155600999625, 2447.753051407436, 2437.420849771322, 2425.3966724795923, 2420.3940552049717, 2409.7502762513345, 2406.1904288052583, 2403.610736090873, 2403.772449442839, 2397.809163567193, 2397.368809740396, 2397.6924650756982, 2392.072354409696, 2387.3030089809813, 2388.5680965336055, 2391.0440120937974, 2384.775679722176, 2383.714166159965, 2389.4226292487488, 2386.8344499418104, 2388.134113861121, 2388.476148513803, 2393.3949837066416], "ifra_2019": [1076.763798152908, 1037.4921398919962, 1005.67064180731, 982.1473080887308, 966.0787752023272, 956.6974910788896, 949.1286392675171, 944.1159643815876, 942.0161500335208, 937.2347415456104, 938.4951913114946, 939.1709605315741, 937.5331580494606, 941.7101139177753, 949.4995584897976, 950.598727089329, 954.3294861787772, 958.8631924067951, 957.8963025264803, 965.3050034898658, 971.6591851963767, 978.331995327125, 984.8840666196509, 990.0024634239638, 997.6386150731834, 1003.1636117033523, 1009.445230334753, 1012.0289320034419, 1013.4125636698657, 1014.7223706166781], "leffingwell": [3928.33758191497, 4014.2613147270904, 4062.873492650626, 4079.906292258125, 4075.279088893647, 4062.2407173083175, 4047.350420806419, 4038.2979833654454, 4022.102598903005, 4010.745488441608, 3992.7032628155403, 3982.4536477968672, 3964.8715464581896, 3938.7502155697334, 3921.532026219271, 3917.3412114819694, 3902.395764050753, 3890.0000935499297, 3888.1435924482175, 3872.46206888729, 3858.3600236596385, 3848.3972935055294, 3833.218123961891, 3825.8413705144694, 3814.646806295796, 3812.262402413793, 3807.9144808187816, 3808.769650404142, 3799.209214967279, 3796.596882018308], "sigma_2014": [946.8345811654696, 913.7275011433182, 885.3888296591796, 863.6671666397841, 845.23253507883, 832.4756895413457, 822.0942167610938, 814.8250755227082, 808.0015052359137, 803.3899252524654, 797.7377820580755, 792.0759239789187, 787.771590120808, 783.1744271261795, 781.5211925041141, 782.0716405203427, 778.3722553820995, 776.7575855171445, 774.4060174512207, 770.8967327197394, 767.1575347481917, 765.0845759915806, 758.7889593539857, 757.2129117355435, 755.6618483749022, 755.1577212630438, 754.4868124684424, 753.9057330845666, 752.3424602216397, 751.937701104621]}, "l_hat": [0.16666666666666666, 0.05908453001806584, 0.049245566021772526, 0.044773686515349596, 0.042684626167666676, 0.040856885512312764, 0.04020715005617408, 0.03978628700610137, 0.03884143402728734, 0.038647017494578446, 0.03740283006267882, 0.0374107180910302, 0.036184522725553996, 0.03554429682498613, 0.035801907517834984, 0.03683093370887417, 0.034942073775658174, 0.035178151788675026, 0.035039770498528654, 0.03379455306714272, 0.03314919262655554, 0.03328301001375474, 0.032401807462596466, 0.03247498714091306, 0.03236309351333357, 0.032322139226034476, 0.032147686732871786, 0.032339064180975194, 0.03163894691948122, 0.03184461642925822],