{"train": {"dream_mean": [0.19410823285579681, 0.05823785439133644, 0.04563835635781288, 0.04155080392956734, 0.040034182369709015, 0.03909407928586006, 0.03918483108282089, 0.04010988026857376, 0.03878025338053703, 0.03909924253821373, 0.03755248710513115, 0.03795824944972992, 0.03467666357755661, 0.035384733229875565, 0.03906581923365593, 0.04096011072397232, 0.0351184718310833, 0.038074348121881485, 0.03786857798695564, 0.034420181065797806, 0.033140912652015686, 0.0359957218170166, 0.03234362229704857, 0.033541690558195114, 0.03500771522521973, 0.03710830956697464, 0.035584282130002975, 0.03687354549765587, 0.033255066722631454, 0.03651759400963783], "dream_std": [0.21294809877872467, 0.07688358426094055, 0.059944964945316315, 0.05087469890713692, 0.04691718518733978, 0.046002697199583054, 0.0456707589328289, 0.04526786506175995, 0.04439893364906311, 0.043881338089704514, 0.04143473505973816, 0.04406798258423805, 0.039226073771715164, 0.039125386625528336, 0.04155720770359039, 0.04450821876525879, 0.039165545254945755, 0.04073115065693855, 0.040525663644075394, 0.03791742026805878, 0.037353452295064926, 0.039096832275390625, 0.036581043154001236, 0.036805156618356705, 0.036828819662332535, 0.039503078907728195, 0.03757708519697189, 0.038392074406147, 0.036112647503614426, 0.0376005582511425], "arctander": [0.12844766676425934, 0.058278437703847885, 0.04911006987094879, 0.04518362134695053, 0.04298166185617447, 0.0412728488445282, 0.04033124819397926, 0.04019806906580925, 0.03903476893901825, 0.03876131400465965, 0.037788406014442444, 0.03729604557156563, 0.036662809550762177, 0.035571858286857605, 0.03565206006169319, 0.036405231803655624, 0.03516373410820961, 0.03494929522275925, 0.03473348543047905, 0.03403177857398987, 0.033373843878507614, 0.03301000967621803, 0.03218210116028786, 0.03275420889258385, 0.03229513764381409, 0.031670521944761276, 0.032075218856334686, 0.03195847198367119, 0.031459562480449677, 0.031237542629241943], "ifra_2019": [0.18586128950119019, 0.08504986763000488, 0.06989902257919312, 0.061943672597408295, 0.05748143047094345, 0.05350664258003235, 0.05245700478553772, 0.051407039165496826, 0.04958884418010712, 0.0501822903752327, 0.04717366397380829, 0.047232192009687424, 0.046460654586553574, 0.04424964636564255, 0.04352085292339325, 0.046064142137765884, 0.04334843531250954, 0.04326670989394188, 0.04421110823750496, 0.04106180742383003, 0.040392376482486725, 0.040242183953523636, 0.03926077485084534, 0.03946547582745552, 0.038758743554353714, 0.03877345472574234, 0.03847522288560867, 0.03917539119720459, 0.03867577388882637, 0.03873857110738754], "leffingwell": [0.09681786596775055, 0.04343362897634506, 0.0374622568488121, 0.03514067828655243, 0.03429010882973671, 0.03317217528820038, 0.0327763669192791, 0.03229886665940285, 0.03183623403310776, 0.03156965970993042, 0.030860066413879395, 0.030607588589191437, 0.029982930049300194, 0.029756056144833565, 0.029634183272719383, 0.030026108026504517, 0.02899804525077343, 0.029057886451482773, 0.028618959710001945, 0.02813892625272274, 0.027600858360528946, 0.027507493272423744, 0.027061911299824715, 0.026881534606218338, 0.0268817450851202, 0.026466721668839455, 0.02646229788661003, 0.026412617415189743, 0.026257898658514023, 0.02611958421766758], "sigma_2014": [0.17055845260620117, 0.07982794940471649, 0.06637250632047653, 0.05913186073303223, 0.056207723915576935, 0.05249937251210213, 0.05135628581047058, 0.05013260990381241, 0.0491328090429306, 0.04839010164141655, 0.047449592500925064, 0.0475921593606472, 0.045972369611263275, 0.04540059342980385, 0.04474242776632309, 0.04524923488497734, 0.04452540725469589, 0.04412952810525894, 0.044213518500328064, 0.043280284851789474, 0.042675554752349854, 0.04226139560341835, 0.042808473110198975, 0.04146353527903557, 0.041310910135507584, 0.04075540229678154, 0.04072287306189537, 0.04086136072874069, 0.040490083396434784, 0.04024329036474228]}, "val": {}}