{"train": {"dream_mean": [0.2959064543247223, 0.18815292418003082, 0.1628422737121582, 0.14526768028736115, 0.13440769910812378, 0.1248890683054924, 0.11923513561487198, 0.11365628987550735, 0.10810193419456482, 0.10868310928344727, 0.10675916820764542, 0.10088454931974411, 0.0985182449221611, 0.09796221554279327, 0.09342029690742493, 0.09208735823631287, 0.09499745815992355, 0.0897022932767868, 0.08789824694395065, 0.08474942296743393, 0.08666762709617615, 0.08458302915096283, 0.08360825479030609, 0.08065220713615417, 0.07941808551549911], "dream_std": [0.31880301237106323, 0.21546314656734467, 0.19407115876674652, 0.17946335673332214, 0.16855505108833313, 0.1612604260444641, 0.1559491604566574, 0.1498328000307083, 0.14492620527744293, 0.1455373466014862, 0.14449189603328705, 0.14074553549289703, 0.13641124963760376, 0.13835406303405762, 0.13245084881782532, 0.1306944340467453, 0.1338493973016739, 0.12781962752342224, 0.12706100940704346, 0.12433242797851562, 0.1270604133605957, 0.1232108324766159, 0.12259799242019653, 0.11988446116447449, 0.1195455864071846], "arctander": [0.4309142529964447, 0.40727499127388, 0.39231228828430176, 0.3801623582839966, 0.37131550908088684, 0.37000107765197754, 0.36919745802879333, 0.3741282522678375, 0.37508854269981384, 0.37343358993530273, 0.3751634657382965, 0.37881389260292053, 0.3819807767868042, 0.3816402554512024, 0.38029175996780396, 0.38904327154159546, 0.3903917372226715, 0.3934973180294037, 0.39088210463523865, 0.3985370993614197, 0.3923531770706177, 0.3965143859386444, 0.3915495276451111, 0.39735206961631775, 0.39683446288108826], "ifra_2019": [0.3875456154346466, 0.37289005517959595, 0.35623860359191895, 0.35398608446121216, 0.3481694757938385, 0.3463161587715149, 0.340870201587677, 0.34700044989585876, 0.3458029329776764, 0.34594547748565674, 0.3546704053878784, 0.3577212691307068, 0.35871919989585876, 0.35900434851646423, 0.35541173815727234, 0.362226277589798, 0.364336222410202, 0.36373746395111084, 0.36681684851646423, 0.3705520033836365, 0.37246236205101013, 0.3710082173347473, 0.36530566215515137, 0.3726334273815155, 0.3715214431285858], "leffingwell": [0.4244551658630371, 0.41572821140289307, 0.41218316555023193, 0.4117823541164398, 0.4161674380302429, 0.4202860891819, 0.42223501205444336, 0.4266873002052307, 0.42970430850982666, 0.4285906255245209, 0.4324476718902588, 0.43190285563468933, 0.43581268191337585, 0.43323251605033875, 0.43767762184143066, 0.43817204236984253, 0.4409538209438324, 0.4390673041343689, 0.44351717829704285, 0.44158026576042175, 0.4410954415798187, 0.44386041164398193, 0.443668395280838, 0.44444364309310913, 0.4429531395435333], "sigma_2014": [0.4029695391654968, 0.3692050576210022, 0.34902873635292053, 0.3332848846912384, 0.3163299858570099, 0.31281790137290955, 0.3083612024784088, 0.3049702048301697, 0.30559995770454407, 0.3047522306442261, 0.3024269640445709, 0.3034926950931549, 0.30041661858558655, 0.3024269640445709, 0.30792519450187683, 0.309233158826828, 0.31199437379837036, 0.31247881054878235, 0.3218039870262146, 0.32408079504966736, 0.32330572605133057, 0.3164995312690735, 0.3166690766811371, 0.32580050826072693, 0.32478320598602295]}, "val": {"dream_mean": [0.0, 0.0, 0.0, 0.0, 0.0, 0.0, 0.0, 0.0, 0.0, 0.0, 0.0, 0.0, 0.0, 0.0, 0.0, 0.0, 0.0, 0.0, 0.0, 0.0, 0.0, 0.0, 0.0, 0.0, 0.0], "dream_std": [0.0, 0.0, 0.0, 0.0, 0.0, 0.0, 0.0, 0.0, 0.0, 0.0, 0.0, 0.0, 0.0, 0.0, 0.0, 0.0, 0.0, 0.0, 0.0, 0.0, 0.0, 0.0, 0.0, 0.0, 0.0], "arctander": [0.0, 0.0, 0.0, 0.0, 0.0, 0.0, 0.0, 0.0, 0.0, 0.0, 0.0, 0.0, 0.0, 0.0, 0.0, 0.0, 0.0, 0.0, 0.0, 0.0, 0.0, 0.0, 0.0, 0.0, 0.0], "ifra_2019": [0.0, 0.0, 0.0, 0.0, 0.0, 0.0, 0.0, 0.0, 0.0, 0.0, 0.0, 0.0, 0.0, 0.0, 0.0, 0.0, 0.0, 0.0, 0.0, 0.0, 0.0, 0.0, 0.0, 0.0, 0.0], "leffingwell": [0.0, 0.0, 0.0, 0.0, 0.0, 0.0, 0.0, 0.0, 0.0, 0.0, 0.0, 0.0, 0.0, 0.0, 0.0, 0.0, 0.0, 0.0, 0.0, 0.0, 0.0, 0.0, 0.0, 0.0, 0.0], "sigma_2014": [0.0, 0.0, 0.0, 0.0, 0.0, 0.0, 0.0, 0.0, 0.0, 0.0, 0.0, 0.0, 0.0, 0.0, 0.0, 0.0, 0.0, 0.0, 0.0, 0.0, 0.0, 0.0, 0.0, 0.0, 0.0]}}