{"train": {"dream_mean": [0.1606842279434204, 0.059720754623413086, 0.04704255610704422, 0.04038482531905174, 0.03803572431206703, 0.036030471324920654, 0.03565126284956932, 0.03514651954174042, 0.03415535017848015, 0.03774796053767204, 0.03744136914610863, 0.0344940647482872, 0.03548924997448921, 0.03661288693547249, 0.0339043065905571, 0.035281289368867874, 0.04121311008930206, 0.03387157991528511, 0.034598592668771744, 0.03346411883831024, 0.03562484309077263, 0.03574656322598457, 0.03481139987707138, 0.0333593375980854, 0.03374983370304108], "dream_std": [0.18095098435878754, 0.0728444829583168, 0.05892794206738472, 0.05105846747756004, 0.04561268910765648, 0.04294351488351822, 0.04154125228524208, 0.039995528757572174, 0.03945382311940193, 0.04108355939388275, 0.04151967912912369, 0.03994403034448624, 0.03858618810772896, 0.04144389554858208, 0.0374733991920948, 0.037639956921339035, 0.04257557541131973, 0.03668801859021187, 0.03763306513428688, 0.036550119519233704, 0.03810819983482361, 0.03688177093863487, 0.03682620823383331, 0.035752326250076294, 0.036684807389974594], "arctander": [0.13100580871105194, 0.06144566833972931, 0.051539983600378036, 0.04668004810810089, 0.04388885200023651, 0.042280737310647964, 0.040617987513542175, 0.03963588923215866, 0.03875119239091873, 0.03829624503850937, 0.03803582116961479, 0.037299077957868576, 0.03669336438179016, 0.03649701178073883, 0.03597627207636833, 0.03549722582101822, 0.03504852205514908, 0.03463728353381157, 0.03446372225880623, 0.033689986914396286, 0.033819325268268585, 0.03377425670623779, 0.033612146973609924, 0.032683055847883224, 0.03188829869031906], "ifra_2019": [0.18608058989048004, 0.08961420506238937, 0.07242374122142792, 0.0643637403845787, 0.058494191616773605, 0.05532792583107948, 0.05215144157409668, 0.05130553990602493, 0.04876159131526947, 0.04829174652695656, 0.04760062322020531, 0.046304140239953995, 0.0456775426864624, 0.045296017080545425, 0.04450581595301628, 0.04439651221036911, 0.04418430104851723, 0.04264439269900322, 0.04219607636332512, 0.040737878531217575, 0.04174002632498741, 0.04268551245331764, 0.04046432301402092, 0.03958381712436676, 0.03839007765054703], "leffingwell": [0.0950135588645935, 0.04552216827869415, 0.038456350564956665, 0.035578858107328415, 0.03423142433166504, 0.03343646228313446, 0.032437145709991455, 0.031769685447216034, 0.031165365129709244, 0.03083674982190132, 0.03065326064825058, 0.030191389843821526, 0.029695240780711174, 0.02931903675198555, 0.029066329821944237, 0.0286233052611351, 0.028424525633454323, 0.028036754578351974, 0.02775384485721588, 0.027248671278357506, 0.02759317308664322, 0.0271126888692379, 0.027094407007098198, 0.02658294513821602, 0.026175208389759064], "sigma_2014": [0.1673489362001419, 0.08263017982244492, 0.06722123175859451, 0.06108883395791054, 0.056025050580501556, 0.05335478112101555, 0.051118358969688416, 0.049214836210012436, 0.048161581158638, 0.04752673953771591, 0.04692402854561806, 0.04605141654610634, 0.04563760384917259, 0.04499796777963638, 0.044313445687294006, 0.043852128088474274, 0.04447229579091072, 0.04309051111340523, 0.04238206148147583, 0.042046330869197845, 0.04186130315065384, 0.04188670217990875, 0.04122813418507576, 0.04091977700591087, 0.04036712646484375]}, "val": {"dream_mean": [0.0, 0.0, 0.0, 0.0, 0.0, 0.0, 0.0, 0.0, 0.0, 0.0, 0.0, 0.0, 0.0, 0.0, 0.0, 0.0, 0.0, 0.0, 0.0, 0.0, 0.0, 0.0, 0.0, 0.0, 0.0], "dream_std": [0.0, 0.0, 0.0, 0.0, 0.0, 0.0, 0.0, 0.0, 0.0, 0.0, 0.0, 0.0, 0.0, 0.0, 0.0, 0.0, 0.0, 0.0, 0.0, 0.0, 0.0, 0.0, 0.0, 0.0, 0.0], "arctander": [0.0, 0.0, 0.0, 0.0, 0.0, 0.0, 0.0, 0.0, 0.0, 0.0, 0.0, 0.0, 0.0, 0.0, 0.0, 0.0, 0.0, 0.0, 0.0, 0.0, 0.0, 0.0, 0.0, 0.0, 0.0], "ifra_2019": [0.0, 0.0, 0.0, 0.0, 0.0, 0.0, 0.0, 0.0, 0.0, 0.0, 0.0, 0.0, 0.0, 0.0, 0.0, 0.0, 0.0, 0.0, 0.0, 0.0, 0.0, 0.0, 0.0, 0.0, 0.0], "leffingwell": [0.0, 0.0, 0.0, 0.0, 0.0, 0.0, 0.0, 0.0, 0.0, 0.0, 0.0, 0.0, 0.0, 0.0, 0.0, 0.0, 0.0, 0.0, 0.0, 0.0, 0.0, 0.0, 0.0, 0.0, 0.0], "sigma_2014": [0.0, 0.0, 0.0, 0.0, 0.0, 0.0, 0.0, 0.0, 0.0, 0.0, 0.0, 0.0, 0.0, 0.0, 0.0, 0.0, 0.0, 0.0, 0.0, 0.0, 0.0, 0.0, 0.0, 0.0, 0.0]}}