{"lambda_history": {"dream_mean": [1.003723102634163, 1.0403880096495015, 1.0968318155785686, 1.1810101907186332, 1.2702098734421459, 1.378556513028437, 1.4812418534145415, 1.5887014660511412, 1.7126672197051724, 1.7668430900536416, 1.825848307240297, 1.9416299754028428, 2.0294283918223157, 2.092785124303682, 2.2192539362966754, 2.3058706008494623, 2.2618617847257534, 2.369879064054043, 2.4571829656079816, 2.567294376196796, 2.627528971284095, 2.6813855330595144, 2.757837119332391, 2.8691729185400137, 2.9526521842475035], "dream_std": [0.9921059740333891, 0.9918903595896194, 0.9977273650849505, 1.0155973509530056, 1.0488751523995132, 1.090815600946004, 1.1324330731586354, 1.1815748875612537, 1.2278960711988414, 1.2565012499150696, 1.2780822703681352, 1.307232407667194, 1.347230204766434, 1.3528610266614294, 1.3975119978121895, 1.4366764812698165, 1.421187591138303, 1.4613708678606026, 1.4854280148601104, 1.5143076888031335, 1.528128208216223, 1.5574767849082263, 1.5816349091462891, 1.6110075631946636, 1.616292825872316], "arctander": [1.0272208219669623, 1.0193099030460444, 1.008930637412192, 0.9991756969286794, 0.989624222477213, 0.980748914952838, 0.9733619600601141, 0.9668734167805777, 0.960605878923216, 0.9569878601181712, 0.9537176122590459, 0.9500491546399429, 0.9472259965005713, 0.9451481170022469, 0.9418461198067483, 0.9397649728653946, 0.9428981202843847, 0.9405823044367226, 0.9382065127442196, 0.9362248530204337, 0.9364380047788192, 0.935678747481801, 0.933476281664518, 0.9326722127293021, 0.9337641724259761], "ifra_2019": [0.9895669273000265, 0.9524287611714702, 0.9230083500845698, 0.8994716766538242, 0.883234478400209, 0.8714736422981042, 0.8645574782827499, 0.8571993408239053, 0.855063085963349, 0.8545136300916845, 0.8554557487271138, 0.8572888348066967, 0.8590038433387336, 0.8616368886467476, 0.8635210903757905, 0.8641195716588019, 0.8674867622229707, 0.8706101362414942, 0.8744115826991963, 0.8806766107532836, 0.8843593043241876, 0.8823495427557164, 0.8886785185061296, 0.8946068761030257, 0.9033121998104252], "leffingwell": [1.0754135606100053, 1.0969254697702615, 1.111576142165988, 1.118872151222785, 1.118091391151554, 1.1132386052110923, 1.1069254407960734, 1.1003786715122346, 1.0929156123859538, 1.0883528443509334, 1.0839062412344407, 1.077668109060572, 1.0725557714173573, 1.0704559249068117, 1.0651403749892066, 1.0618915500494732, 1.0635979473719868, 1.05916639181714, 1.056070292948839, 1.0522549689767922, 1.0488479339185461, 1.048797945259527, 1.0457494489651529, 1.042032566463106, 1.0383290024669278], "sigma_2014": [0.9995923072180994, 0.9641310336260389, 0.9352148794754487, 0.9086965727281312, 0.8883621877108894, 0.871816726958035, 0.8579017416953552, 0.8476430430138704, 0.8380629309045619, 0.8311379337340048, 0.8258293755015043, 0.8204682882679679, 0.8149323352172984, 0.8115821486979248, 0.8077541427471093, 0.8045354134720315, 0.8010651232628134, 0.7973506432534277, 0.7954927269795878, 0.7918840080272727, 0.7911309344370366, 0.7895397699691664, 0.7886750081892762, 0.7858451326561262, 0.7829454118768894]}, "lambda_history_scaled": {"dream_mean": [734.7253111282074, 761.5640230634351, 802.8808890035122, 864.4994596060395, 929.7936273596508, 1009.1033675368159, 1084.2690366994443, 1162.9294731494354, 1253.6724048241863, 1293.3291419192656, 1336.5209608998973, 1421.273141994881, 1485.541582813935, 1531.9187109902953, 1624.4938813691665, 1687.8972798218065, 1655.6828264192516, 1734.7514748875594, 1798.6579308250425, 1879.2594833760545, 1923.3512069799574, 1962.7742101995645, 2018.7367713513102, 2100.23457637129, 2161.3413988691727], "dream_std": [726.2215729924408, 726.0637432196014, 730.3364312421838, 743.4172608976002, 767.7766115564436, 798.4770198924749, 828.9410095521212, 864.9128176948377, 898.8199241175519, 919.7589149378309, 935.556221909475, 956.894122412386, 986.1725098890297, 990.2942715161663, 1022.9787823985228, 1051.6471842895057, 1040.3093167132376, 1069.723475273961, 1087.3333068776008, 1108.4732282038938, 1118.5898484142754, 1140.0730065528217, 1157.7567534950836, 1179.2575362584937, 1183.1263485385352], "arctander": [2646.120837386895, 2625.7423102466105, 2599.0053219738065, 2573.876595288278, 2549.2719971013007, 2526.4092049185106, 2507.380409114854, 2490.665921626768, 2474.5207441062043, 2465.200727664409, 2456.7765691793024, 2447.326622352493, 2440.0541669854715, 2434.701549397788, 2426.1956046221835, 2420.8345701012568, 2428.905557852575, 2422.9400162289976, 2416.8199768291097, 2411.715221380637, 2412.2643003102385, 2410.3084535131193, 2404.6349015677984, 2402.563619990682, 2405.3765081693145], "ifra_2019": [1084.565352320829, 1043.8619222439313, 1011.6171516926885, 985.8209576125913, 968.024988326629, 955.1351119587222, 947.5549961978938, 939.4904775430001, 937.1491422158305, 936.5469385804862, 937.5795006049168, 939.5885629481396, 941.4682122992521, 944.3540299568353, 946.4191150518664, 947.0750505380469, 950.7654913963759, 954.1887093206776, 958.3550946383191, 965.2215653855989, 969.2577975393096, 967.0550988602652, 973.9916562827179, 980.4891362089162, 990.030170992226], "leffingwell": [4000.5384454692194, 4080.562747545373, 4135.063248857476, 4162.20440254876, 4159.299975083781, 4141.247611385264, 4117.762639761393, 4093.4086580255125, 4065.646078075748, 4048.672580985472, 4032.131217392119, 4008.9253657053277, 3989.907469672569, 3982.0960406533395, 3962.3221949598483, 3950.2365661840404, 3956.5843642237905, 3940.0989775597604, 3928.5814897696814, 3914.388484593667, 3901.7143141769916, 3901.5283563654407, 3890.1879501503686, 3876.3611472427547, 3862.5838891769718], "sigma_2014": [982.5992379953917, 947.7408060543962, 919.316226524366, 893.248730991753, 873.2600305198042, 856.9958425997485, 843.3174120865341, 833.2331112826346, 823.8158610791843, 817.0085888605267, 811.7902761179787, 806.5203273674125, 801.0784855186042, 797.7852521700601, 794.0223223204084, 790.858311443007, 787.4470161673456, 783.7956823181195, 781.9693506209348, 778.421979890809, 777.681708551607, 776.1175938796906, 775.2675330500584, 772.485765400972, 769.6353398749823]}, "l_hat": [0.16666666666666666, 0.0613992171016926, 0.05070128241866838, 0.04574963204136333, 0.04276974068729116, 0.04108089576815612, 0.03955791907583581, 0.038611476330137895, 0.037648712582178195, 0.037678122604501506, 0.03741299882016237, 0.036477381930501866, 0.0359930861262344, 0.03598923883428781, 0.03510403453952378, 0.03486768176281449, 0.0355218829828854, 0.033973800421097336, 0.03382507277669092, 0.03307055026317034, 0.03360448247222157, 0.033436688522108085, 0.033000403266074105, 0.03224696108143933, 0.031794958871449744], "r": {"dream_mean": [1.0, 0.824164303430784, 0.7542877889273547, 0.6766119716843108, 0.6290113266302486, 0.5736979751445059, 0.541580497609718, 0.5076743832717027, 0.47035505472034655, 0.4837003353531273, 0.46773237629122644, 0.42553948303993083, 0.4173757016680011, 0.4138262854624167, 0.378278182757082, 0.3749374924678346, 0.4195495684207721, 0.362066845832171, 0.355476285297325, 0.3386099228569348, 0.3410080008588321, 0.33642120314534674, 0.3245438806687202, 0.3089525326913355, 0.3057204779206203], "dream_std": [1.0, 0.9031363754101824, 0.8800582318048275, 0.8350831106161848, 0.7789271433573647, 0.7353175802057815, 0.7081955890851126, 0.6710271599833775, 0.6487083842852706, 0.652040595157403, 0.6476599732452647, 0.6251231088349659, 0.5985331112240622, 0.6265978350291562, 0.5743323395060734, 0.564062586223726, 0.61772711644488, 0.5542484895369353, 0.5568007745889622, 0.5432594309916291, 0.5491663080003875, 0.5299816747234611, 0.5248786669533578, 0.5126881945498567, 0.5255458123362785],