{"train": {"dream_mean": [0.3014116585254669, 0.18598811328411102, 0.16048429906368256, 0.14563949406147003, 0.13376887142658234, 0.1260179877281189, 0.12125798314809799, 0.11486803740262985, 0.11195430904626846, 0.10912156850099564, 0.105924092233181, 0.10347919166088104, 0.0963897705078125, 0.09696721285581589, 0.09367894381284714, 0.09242856502532959, 0.08924321085214615, 0.09130004793405533, 0.0900300145149231, 0.08592315763235092, 0.08401642739772797, 0.08090288192033768, 0.08303621411323547, 0.07721855491399765, 0.07712629437446594, 0.0756874680519104, 0.07527811080217361, 0.0720752403140068, 0.07324512302875519, 0.07004382461309433], "dream_std": [0.32253843545913696, 0.21069034934043884, 0.19107097387313843, 0.17775143682956696, 0.1679801195859909, 0.15962859988212585, 0.15650340914726257, 0.15146061778068542, 0.1481855809688568, 0.14556171000003815, 0.14368997514247894, 0.14132049679756165, 0.13276313245296478, 0.13438785076141357, 0.1321452260017395, 0.1301291137933731, 0.1262451559305191, 0.12820042669773102, 0.13039053976535797, 0.12425947934389114, 0.12197376042604446, 0.11962471902370453, 0.12284835427999496, 0.11691078543663025, 0.11600885540246964, 0.11497297137975693, 0.11278526484966278, 0.11052857339382172, 0.11061149090528488, 0.10908608883619308], "arctander": [0.42889657616615295, 0.4037932753562927, 0.3890130817890167, 0.3778432607650757, 0.3742328882217407, 0.3723497986793518, 0.37185531854629517, 0.37371131777763367, 0.3727833032608032, 0.37262752652168274, 0.37876448035240173, 0.3792657256126404, 0.38637134432792664, 0.3823409974575043, 0.3819616734981537, 0.38248324394226074, 0.3847998380661011, 0.3860800564289093, 0.3901917040348053, 0.3889453411102295, 0.39440491795539856, 0.39648446440696716, 0.3990245759487152, 0.40054866671562195, 0.402668833732605, 0.406394362449646, 0.40503963828086853, 0.4103027880191803, 0.410919189453125, 0.4089006185531616], "ifra_2019": [0.38625794649124146, 0.36161524057388306, 0.35364678502082825, 0.3514916002750397, 0.34672755002975464, 0.34491264820098877, 0.3460753262042999, 0.33799341320991516, 0.3438067138195038, 0.34488430619239807, 0.34564995765686035, 0.35265427827835083, 0.359063059091568, 0.35509300231933594, 0.3600555956363678, 0.35716310143470764, 0.36507487297058105, 0.357333242893219, 0.3676270544528961, 0.372476190328598, 0.37270304560661316, 0.3681658208370209, 0.3763327896595001, 0.3774954676628113, 0.3795088529586792, 0.3850102126598358, 0.38424456119537354, 0.38588929176330566, 0.39085185527801514, 0.3878175914287567], "leffingwell": [0.4242197573184967, 0.41331425309181213, 0.40948259830474854, 0.41187888383865356, 0.41491737961769104, 0.41866278648376465, 0.41907253861427307, 0.42139214277267456, 0.42515671253204346, 0.42763686180114746, 0.42721033096313477, 0.43318668007850647, 0.4367595613002777, 0.4331028163433075, 0.43519237637519836, 0.43482574820518494, 0.43832191824913025, 0.4411327838897705, 0.4431312680244446, 0.4413723945617676, 0.44366803765296936, 0.44664904475212097, 0.44840550422668457, 0.4466562271118164, 0.4460859000682831, 0.4472648799419403, 0.445891797542572, 0.44772496819496155, 0.4489997923374176, 0.4444636106491089], "sigma_2014": [0.4050031304359436, 0.3710860311985016, 0.3414387106895447, 0.32517972588539124, 0.31627827882766724, 0.3096444308757782, 0.3100545108318329, 0.3029623329639435, 0.29992279410362244, 0.29782408475875854, 0.30870363116264343, 0.30619481205940247, 0.311212420463562, 0.30358952283859253, 0.3072321116924286, 0.31135717034339905, 0.3115019202232361, 0.31490325927734375, 0.311091810464859, 0.3200414776802063, 0.32206782698631287, 0.3234187364578247, 0.32590341567993164, 0.32242968678474426, 0.33342981338500977, 0.33403289318084717, 0.3372895121574402, 0.3372412919998169, 0.3407391309738159, 0.34761422872543335]}, "val": {"dream_mean": [0.0, 0.0, 0.0, 0.0, 0.0, 0.0, 0.0, 0.0, 0.0, 0.0, 0.0, 0.0, 0.0, 0.0, 0.0, 0.0, 0.0, 0.0, 0.0, 0.0, 0.0, 0.0, 0.0, 0.0, 0.0, 0.0, 0.0, 0.0, 0.0, 0.0], "dream_std": [0.0, 0.0, 0.0, 0.0, 0.0, 0.0, 0.0, 0.0, 0.0, 0.0, 0.0, 0.0, 0.0, 0.0, 0.0, 0.0, 0.0, 0.0, 0.0, 0.0, 0.0, 0.0, 0.0, 0.0, 0.0, 0.0, 0.0, 0.0, 0.0, 0.0], "arctander": [0.0, 0.0, 0.0, 0.0, 0.0, 0.0, 0.0, 0.0, 0.0, 0.0, 0.0, 0.0, 0.0, 0.0, 0.0, 0.0, 0.0, 0.0, 0.0, 0.0, 0.0, 0.0, 0.0, 0.0, 0.0, 0.0, 0.0, 0.0, 0.0, 0.0], "ifra_2019": [0.0, 0.0, 0.0, 0.0, 0.0, 0.0, 0.0, 0.0, 0.0, 0.0, 0.0, 0.0, 0.0, 0.0, 0.0, 0.0, 0.0, 0.0, 0.0, 0.0, 0.0, 0.0, 0.0, 0.0, 0.0, 0.0, 0.0, 0.0, 0.0, 0.0], "leffingwell": [0.0, 0.0, 0.0, 0.0, 0.0, 0.0, 0.0, 0.0, 0.0, 0.0, 0.0, 0.0, 0.0, 0.0, 0.0, 0.0, 0.0, 0.0, 0.0, 0.0, 0.0, 0.0, 0.0, 0.0, 0.0, 0.0, 0.0, 0.0, 0.0, 0.0], "sigma_2014": [0.0, 0.0, 0.0, 0.0, 0.0, 0.0, 0.0, 0.0, 0.0, 0.0, 0.0, 0.0, 0.0, 0.0, 0.0, 0.0, 0.0, 0.0, 0.0, 0.0, 0.0, 0.0, 0.0, 0.0, 0.0, 0.0, 0.0, 0.0, 0.0, 0.0]}}