{"lambda_history": {"dream_mean": [0.9961637260215681, 1.0554682096473587, 1.1344485738684906, 1.2255875602913608, 1.3263814757519625, 1.4410956399590455, 1.5460367244815973, 1.6630400221885582, 1.7587050589054358, 1.8634661681459928, 1.9487113531298348, 2.002366067809244, 2.183540262526118, 2.281595017091215, 2.381257251194899, 2.4770404753486153, 2.5894295121247484, 2.6205597796058684, 2.6312629123932623, 2.7487884555524964, 2.861334578438357, 3.027177636598236, 2.9461820001825085, 3.1802120455146072, 3.264744568749422, 3.3568975528863727, 3.4592110038947297, 3.658987994118805, 3.7472665127822875, 3.903037583440796], "dream_std": [0.9903799859257488, 1.0010705721404272, 1.0154878636408402, 1.0416864520206406, 1.0762042493625674, 1.1261531494062076, 1.1662088088032947, 1.2055770453829469, 1.24865454380416, 1.2948659104004074, 1.3274147421746734, 1.346397679194844, 1.4206604909388425, 1.4542716585032143, 1.4857649446255738, 1.5156038180790388, 1.5593028511219842, 1.5769203894955548, 1.5463731689663098, 1.5865516623322906, 1.630241447768717, 1.6754960035393085, 1.6167036880485082, 1.6780234474909133, 1.7110413986423876, 1.73958761079715, 1.7688755826335325, 1.8126201234202344, 1.8409089642942136, 1.8687738594978094], "arctander": [1.0325996148993828, 1.0217464383504762, 1.0132427765938319, 1.0033765243447046, 0.9940237443022817, 0.9853916254730649, 0.978130252952077, 0.9725624472201676, 0.9668085168474785, 0.9615259048880945, 0.9567276804589677, 0.9555658544848658, 0.9509972197136344, 0.9475139264491255, 0.9452676627042408, 0.9433630375810838, 0.9413486133411808, 0.9402965644299509, 0.9426676831349576, 0.9399054684597495, 0.9391463150845762, 0.9377050934427802, 0.9407252108546497, 0.9401493104501842, 0.9403352557059941, 0.9407818462651838, 0.9427164331801186, 0.9432230821825076, 0.9459573749561652, 0.9471780630717064], "ifra_2019": [0.9982871097825112, 0.954870464573269, 0.9190810989563037, 0.8932672764005174, 0.8733294866082716, 0.8593014206251595, 0.8505469558513398, 0.8450928877050682, 0.8413536924263927, 0.8378059722920608, 0.8377680745427312, 0.837190328593399, 0.8357349116971797, 0.8414740753288076, 0.8459174036946662, 0.8507596019691935, 0.8550439525827743, 0.8573569844280613, 0.8621551313553162, 0.8671684459119867, 0.8682047831882954, 0.8724847267283848, 0.8865084497076869, 0.8921869485065863, 0.898103206163213, 0.9032813480352941, 0.9077349001286005, 0.9161490685714503, 0.9195965942881333, 0.9281322362544586], "leffingwell": [1.0877096619694822, 1.102639917662346, 1.1103828705740608, 1.1116418699497586, 1.10928540873341, 1.1028218558353966, 1.095541129721932, 1.0880142540045346, 1.0817864355210343, 1.0758918287063217, 1.0717554977523458, 1.0684148316772384, 1.0621915216579156, 1.0570307824915117, 1.053013732948517, 1.049287352558139, 1.044573510838496, 1.0438556286880407, 1.0431379758360173, 1.0393446609567807, 1.0360882024428801, 1.0319886970172312, 1.0339035390547329, 1.0272253169009227, 1.0230922819107309, 1.0197659524023919, 1.0162978213357445, 1.0106936835367113, 1.007424917429842, 1.0023827328978132], "sigma_2014": [0.9956509726860896, 0.968470356438321, 0.9449706326302348, 0.9254913773492606, 0.9098604579496303, 0.8963787932019779, 0.8869976771593885, 0.87704650674592, 0.8701036542566131, 0.8650798600491912, 0.8599653012353381, 0.8555053959720037, 0.8487211789618723, 0.8446315925505091, 0.8397554345876416, 0.8354919253644607, 0.8325754633046899, 0.8314434927289438, 0.831146632764288, 0.8282418756745842, 0.825684525311181, 0.8221062291336597, 0.8203041928883359, 0.8143400279044544, 0.812361534677275, 0.8099288558817466, 0.8062524294908204, 0.8026436464736677, 0.8004799871850302, 0.799077287204385]}, "lambda_history_scaled": {"dream_mean": [731.184174899831, 774.7136658811612, 832.6852532194721, 899.5812692538589, 973.5640032019405, 1057.7641997299395, 1134.7909557694925, 1220.6713762864017, 1290.88951323659, 1367.7841674191586, 1430.3541331972988, 1469.736693771985, 1602.7185526941705, 1674.6907425449517, 1747.8428223770557, 1818.1477089058835, 1900.6412618995653, 1923.4908782307075, 1931.3469776966544, 2017.6107263755323, 2100.2195805737542, 2221.948385263105, 2162.4975881339615, 2334.2756414077217, 2396.3225134620757, 2463.9628038185974, 2539.0608768587317, 2685.6971876832026, 2750.493620382199, 2864.8295862455443], "dream_std": [726.9389096694996, 734.7857999510735, 745.3680919123767, 764.5978557831502, 789.9339190321244, 826.5964116641563, 855.9972656616183, 884.893551311083, 916.5124351522535, 950.431578233899, 974.3224207562102, 988.2558965290154, 1042.7648003491104, 1067.4353973413592, 1090.551469355171, 1112.4532024700145, 1144.5282927235364, 1157.4595658897372, 1135.0379060212715, 1164.5289201519013, 1196.5972226622382, 1229.8140665978524, 1186.660507027605, 1231.6692104583303, 1255.9043866035124, 1276.857306325108, 1298.354677653013, 1330.4631705904521, 1351.2271797919527, 1371.6800128713921], "arctander": [2674.4330025894014, 2646.3232753277334, 2624.2987913780244, 2598.745198052785, 2574.5214977429096, 2552.164309975238, 2533.3573551458794, 2518.936738300234, 2504.0340586349694, 2490.352093660165, 2477.9246923887263, 2474.9155631158023, 2463.082799058313, 2454.061069503235, 2448.2432464039834, 2443.3102673350068, 2438.092908553658, 2435.368101873573, 2441.5092993195403, 2434.3551633107513, 2432.3889560690523, 2428.6561920168006, 2436.4782961135425, 2434.986714065977, 2435.4683122785245, 2436.624981826826, 2441.635561936507, 2442.9477828526947, 2450.0296011364676, 2453.1911833557197], "ifra_2019": [1100.1123949803273, 1052.2672519597425, 1012.8273710498468, 984.3805385933701, 962.4090942423153, 946.9501655289257, 937.3027453481765, 931.2923622509851, 927.1717690538848, 923.262181465851, 923.2204181460897, 922.5837421099258, 920.979872690292, 927.304431012346, 932.2009788715221, 937.5370813700513, 942.2584357462173, 944.8073968397235, 950.0949547535585, 955.6196273950094, 956.7616710735016, 961.4781688546801, 976.932311577871, 983.1900172542581, 989.7097331918608, 995.4160455348941, 1000.3238599417177, 1009.5962735657382, 1013.3954469055229, 1022.8017243524134], "leffingwell": [4052.8062004982903, 4108.436333209901, 4137.286575758951, 4141.9776074328, 4133.197432940686, 4109.114234842687, 4081.9862493439186, 4053.9411104208957, 4030.7362587513735, 4008.7729537597547, 3993.3609846252402, 3980.9136628293904, 3957.725609697394, 3938.4966955633727, 3923.5291689661744, 3909.644675631626, 3892.080901384236, 3889.40607249164, 3886.7320979650003, 3872.5982067249647, 3860.4646423021713, 3845.1898850862035, 3852.3245865179347, 3827.4415307728377, 3812.0418423993833, 3799.647938651312, 3786.725682296984, 3765.8446648577865, 3753.665242343591, 3734.878062777252], "sigma_2014": [982.7075100411704, 955.8802418046229, 932.6860144060417, 913.4599894437201, 898.0322719962851, 884.7258688903522, 875.4667073563164, 865.6449021582231, 858.7923067512771, 853.8338218685518, 848.7857523192787, 844.3838258243677, 837.6878036353679, 833.6513818473525, 828.8386139380023, 824.6305303347227, 821.7519822817289, 820.6347273234676, 820.3417265383523, 817.4747312908146, 814.9506264821356, 811.4188481549221, 809.6402383807875, 803.7536075416965, 801.8008347264704, 799.3997807552838, 795.7711479074397, 792.20927906951, 790.0737473516248, 788.689282470728]}, "l_hat": [0.16666666666666666, 0.05901188454381796, 0.05004060836873929, 0.04543060802280221, 0.0427449197437364, 0.04082750392687015, 0.040161227752125085, 0.03931060407503535, 0.038457670310453884, 0.038211754636130996, 0.03754171213629602, 0.0373396337953736, 0.03591953316803617, 0.03586085848446121, 0.035377300183763144, 0.034958997117441305, 0.03453758251192504, 0.03481018109890232, 0.03506836253396166, 0.03382840524473343, 0.03355636120002513, 0.0328989073816771, 0.03381611411896965, 0.03175269508375701, 0.031886126154068335, 0.03169820911161301, 0.03135887312353907, 0.030317566871558545, 0.030638552695410135, 0.02984129925488906],