{"train": {"dream_mean": [0.17331552505493164, 0.05757557973265648, 0.04719018191099167, 0.04253927618265152, 0.04009516164660454, 0.038270752876996994, 0.03890124708414078, 0.0381256528198719, 0.03889290615916252, 0.0387175977230072, 0.03928391635417938, 0.040741726756095886, 0.03503949195146561, 0.03823237866163254, 0.03797932341694832, 0.03796488419175148, 0.03734667971730232, 0.04040767624974251, 0.0413740836083889, 0.03687359765172005, 0.03702399134635925, 0.035395942628383636, 0.0436316654086113, 0.03312155231833458, 0.03681528568267822, 0.03658881038427353, 0.03616825491189957, 0.03348894044756889, 0.03618679195642471, 0.03425896167755127], "dream_std": [0.1844066083431244, 0.06923707574605942, 0.058086395263671875, 0.05091651529073715, 0.0469077043235302, 0.04327431693673134, 0.043794240802526474, 0.04310101270675659, 0.041936684399843216, 0.04157143086194992, 0.04208777844905853, 0.04306361451745033, 0.03764965757727623, 0.04043107107281685, 0.040097806602716446, 0.039793964475393295, 0.038523972034454346, 0.040464241057634354, 0.04458077624440193, 0.03799636662006378, 0.037563540041446686, 0.036906540393829346, 0.045128121972084045, 0.03482451289892197, 0.03639631345868111, 0.036473676562309265, 0.03609607368707657, 0.03437931463122368, 0.03541497141122818, 0.034637849777936935], "arctander": [0.12569166719913483, 0.05937841162085533, 0.05018940195441246, 0.046136870980262756, 0.043583836406469345, 0.04176503047347069, 0.04099144786596298, 0.039975572377443314, 0.03922569751739502, 0.03900802880525589, 0.038263630121946335, 0.037429384887218475, 0.03683539479970932, 0.036490894854068756, 0.035817600786685944, 0.03535064682364464, 0.035005245357751846, 0.03497326001524925, 0.0345722995698452, 0.034383129328489304, 0.033796247094869614, 0.03328974172472954, 0.03304075449705124, 0.032040029764175415, 0.0318899005651474, 0.03164732828736305, 0.031092224642634392, 0.030337397009134293, 0.030213186517357826, 0.029663734138011932], "ifra_2019": [0.16957123577594757, 0.0861259400844574, 0.07192859798669815, 0.06284452229738235, 0.058048758655786514, 0.054205264896154404, 0.052042510360479355, 0.05023087561130524, 0.048793721944093704, 0.04858362674713135, 0.04676906019449234, 0.04659349471330643, 0.04538944363594055, 0.04332389682531357, 0.04293498024344444, 0.0422513410449028, 0.04184536263346672, 0.04235013574361801, 0.04190628603100777, 0.0406302846968174, 0.04105491563677788, 0.03960874304175377, 0.038216523826122284, 0.03780968487262726, 0.03765416517853737, 0.03748338669538498, 0.037150125950574875, 0.03534955531358719, 0.03629202023148537, 0.03459452465176582], "leffingwell": [0.08878960460424423, 0.04365812614560127, 0.03795573115348816, 0.035309191793203354, 0.033733293414115906, 0.032808881253004074, 0.03244449198246002, 0.03188159316778183, 0.031103070825338364, 0.03094075620174408, 0.030208293348550797, 0.029932033270597458, 0.029321350157260895, 0.029071569442749023, 0.02857367880642414, 0.028216971084475517, 0.02803538367152214, 0.02772289700806141, 0.027826420962810516, 0.027371851727366447, 0.027097174897789955, 0.026704799383878708, 0.026445617899298668, 0.026091504842042923, 0.02582985907793045, 0.02560492418706417, 0.025358526036143303, 0.024829646572470665, 0.02477111853659153, 0.024369504302740097], "sigma_2014": [0.17424461245536804, 0.07920242846012115, 0.0669696033000946, 0.060414016246795654, 0.05635093152523041, 0.05378352850675583, 0.05208352580666542, 0.0514804944396019, 0.049755197018384933, 0.049115803092718124, 0.0483526773750782, 0.04794953390955925, 0.047219377011060715, 0.046342719346284866, 0.04602229967713356, 0.045409925282001495, 0.04464384913444519, 0.04435139149427414, 0.04431089013814926, 0.04378813877701759, 0.0433797724545002, 0.04292760044336319, 0.043049924075603485, 0.04230501502752304, 0.041279252618551254, 0.04118676111102104, 0.041144851595163345, 0.03998551890254021, 0.03991447761654854, 0.03880433365702629]}, "val": {"dream_mean": [0.0, 0.0, 0.0, 0.0, 0.0, 0.0, 0.0, 0.0, 0.0, 0.0, 0.0, 0.0, 0.0, 0.0, 0.0, 0.0, 0.0, 0.0, 0.0, 0.0, 0.0, 0.0, 0.0, 0.0, 0.0, 0.0, 0.0, 0.0, 0.0, 0.0], "dream_std": [0.0, 0.0, 0.0, 0.0, 0.0, 0.0, 0.0, 0.0, 0.0, 0.0, 0.0, 0.0, 0.0, 0.0, 0.0, 0.0, 0.0, 0.0, 0.0, 0.0, 0.0, 0.0, 0.0, 0.0, 0.0, 0.0, 0.0, 0.0, 0.0, 0.0], "arctander": [0.0, 0.0, 0.0, 0.0, 0.0, 0.0, 0.0, 0.0, 0.0, 0.0, 0.0, 0.0, 0.0, 0.0, 0.0, 0.0, 0.0, 0.0, 0.0, 0.0, 0.0, 0.0, 0.0, 0.0, 0.0, 0.0, 0.0, 0.0, 0.0, 0.0], "ifra_2019": [0.0, 0.0, 0.0, 0.0, 0.0, 0.0, 0.0, 0.0, 0.0, 0.0, 0.0, 0.0, 0.0, 0.0, 0.0, 0.0, 0.0, 0.0, 0.0, 0.0, 0.0, 0.0, 0.0, 0.0, 0.0, 0.0, 0.0, 0.0, 0.0, 0.0], "leffingwell": [0.0, 0.0, 0.0, 0.0, 0.0, 0.0, 0.0, 0.0, 0.0, 0.0, 0.0, 0.0, 0.0, 0.0, 0.0, 0.0, 0.0, 0.0, 0.0, 0.0, 0.0, 0.0, 0.0, 0.0, 0.0, 0.0, 0.0, 0.0, 0.0, 0.0], "sigma_2014": [0.0, 0.0, 0.0, 0.0, 0.0, 0.0, 0.0, 0.0, 0.0, 0.0, 0.0, 0.0, 0.0, 0.0, 0.0, 0.0, 0.0, 0.0, 0.0, 0.0, 0.0, 0.0, 0.0, 0.0, 0.0, 0.0, 0.0, 0.0, 0.0, 0.0]}}