{"train": {"dream_mean": [0.2963138818740845, 0.18531309068202972, 0.16039028763771057, 0.14380022883415222, 0.13341280817985535, 0.12645693123340607, 0.11990275233983994, 0.11493562906980515, 0.1110592857003212, 0.11059609800577164, 0.1070663332939148, 0.10524284839630127, 0.10244923830032349, 0.1026681587100029, 0.09862696379423141, 0.09559312462806702, 0.09363891184329987, 0.09059002250432968, 0.08758732676506042, 0.08533669263124466, 0.0825391635298729, 0.08555721491575241, 0.0848565325140953, 0.0836917981505394, 0.08254967629909515, 0.07889066636562347, 0.07656341791152954, 0.07550764828920364, 0.07297369837760925, 0.07214480638504028], "dream_std": [0.34730657935142517, 0.22262704372406006, 0.19841276109218597, 0.1790071725845337, 0.16981445252895355, 0.16317597031593323, 0.15545718371868134, 0.15263020992279053, 0.1491611748933792, 0.14750835299491882, 0.14476493000984192, 0.1418982595205307, 0.14087648689746857, 0.14086586236953735, 0.13519993424415588, 0.13496117293834686, 0.13136015832424164, 0.12863865494728088, 0.12492067366838455, 0.1226067990064621, 0.12097875773906708, 0.12430982291698456, 0.12395307421684265, 0.12141813337802887, 0.1192585676908493, 0.11703093349933624, 0.11352502554655075, 0.1132453978061676, 0.10994932055473328, 0.10855591297149658], "arctander": [0.42576712369918823, 0.4057779610157013, 0.39358532428741455, 0.38492852449417114, 0.37451058626174927, 0.3749779760837555, 0.37384000420570374, 0.37119150161743164, 0.37656304240226746, 0.37384000420570374, 0.37597373127937317, 0.3780667781829834, 0.37759262323379517, 0.38372960686683655, 0.382164865732193, 0.38964301347732544, 0.3846034109592438, 0.38329607248306274, 0.3887692093849182, 0.3959764242172241, 0.39540743827819824, 0.39439138770103455, 0.39135000109672546, 0.39895686507225037, 0.39949196577072144, 0.4002167582511902, 0.402662068605423, 0.40462642908096313, 0.4078100621700287, 0.40961864590644836], "ifra_2019": [0.39042791724205017, 0.37069258093833923, 0.35945945978164673, 0.35104167461395264, 0.3489301800727844, 0.34383445978164673, 0.34028714895248413, 0.3485923409461975, 0.34524211287498474, 0.34535473585128784, 0.3496340215206146, 0.35551801323890686, 0.351548433303833, 0.35174548625946045, 0.3550112545490265, 0.3563344478607178, 0.35720720887184143, 0.3618243336677551, 0.3600788414478302, 0.368130624294281, 0.3707488775253296, 0.37069258093833923, 0.3733389675617218, 0.37103042006492615, 0.37835022807121277, 0.37612614035606384, 0.3825450539588928, 0.38676801323890686, 0.3849662244319916, 0.39574888348579407], "leffingwell": [0.42690423130989075, 0.41679781675338745, 0.4126741588115692, 0.4123671054840088, 0.41577109694480896, 0.417980432510376, 0.4211925268173218, 0.4251386523246765, 0.42750874161720276, 0.4274871349334717, 0.42938944697380066, 0.4333091974258423, 0.43462374806404114, 0.4376727044582367, 0.43746161460876465, 0.435895174741745, 0.4393998980522156, 0.440215528011322, 0.4392823576927185, 0.444271981716156, 0.44205543398857117, 0.44244885444641113, 0.4425208270549774, 0.44540664553642273, 0.44947513937950134, 0.4422833323478699, 0.4453706741333008, 0.44677162170410156, 0.4453178942203522, 0.4517492651939392], "sigma_2014": [0.4047619104385376, 0.3713134825229645, 0.35210761427879333, 0.33546730875968933, 0.32031363248825073, 0.3104109764099121, 0.30717402696609497, 0.30525583028793335, 0.3031937777996063, 0.29719945788383484, 0.3015393614768982, 0.29789477586746216, 0.2943461239337921, 0.3019229769706726, 0.30547162890434265, 0.3023306131362915, 0.31216132640838623, 0.315733939409256, 0.3170766830444336, 0.31484678387641907, 0.32148852944374084, 0.3191866874694824, 0.3098834753036499, 0.3189229369163513, 0.3273869454860687, 0.32825013995170593, 0.3342684507369995, 0.3318227529525757, 0.33803290128707886, 0.3409581482410431]}, "val": {"dream_mean": [0.0, 0.0, 0.0, 0.0, 0.0, 0.0, 0.0, 0.0, 0.0, 0.0, 0.0, 0.0, 0.0, 0.0, 0.0, 0.0, 0.0, 0.0, 0.0, 0.0, 0.0, 0.0, 0.0, 0.0, 0.0, 0.0, 0.0, 0.0, 0.0, 0.0], "dream_std": [0.0, 0.0, 0.0, 0.0, 0.0, 0.0, 0.0, 0.0, 0.0, 0.0, 0.0, 0.0, 0.0, 0.0, 0.0, 0.0, 0.0, 0.0, 0.0, 0.0, 0.0, 0.0, 0.0, 0.0, 0.0, 0.0, 0.0, 0.0, 0.0, 0.0], "arctander": [0.0, 0.0, 0.0, 0.0, 0.0, 0.0, 0.0, 0.0, 0.0, 0.0, 0.0, 0.0, 0.0, 0.0, 0.0, 0.0, 0.0, 0.0, 0.0, 0.0, 0.0, 0.0, 0.0, 0.0, 0.0, 0.0, 0.0, 0.0, 0.0, 0.0], "ifra_2019": [0.0, 0.0, 0.0, 0.0, 0.0, 0.0, 0.0, 0.0, 0.0, 0.0, 0.0, 0.0, 0.0, 0.0, 0.0, 0.0, 0.0, 0.0, 0.0, 0.0, 0.0, 0.0, 0.0, 0.0, 0.0, 0.0, 0.0, 0.0, 0.0, 0.0], "leffingwell": [0.0, 0.0, 0.0, 0.0, 0.0, 0.0, 0.0, 0.0, 0.0, 0.0, 0.0, 0.0, 0.0, 0.0, 0.0, 0.0, 0.0, 0.0, 0.0, 0.0, 0.0, 0.0, 0.0, 0.0, 0.0, 0.0, 0.0, 0.0, 0.0, 0.0], "sigma_2014": [0.0, 0.0, 0.0, 0.0, 0.0, 0.0, 0.0, 0.0, 0.0, 0.0, 0.0, 0.0, 0.0, 0.0, 0.0, 0.0, 0.0, 0.0, 0.0, 0.0, 0.0, 0.0, 0.0, 0.0, 0.0, 0.0, 0.0, 0.0, 0.0, 0.0]}}