{"train": {"dream_mean": [0.1667415201663971, 0.058340124785900116, 0.04652242362499237, 0.04139252379536629, 0.03917800262570381, 0.03839008882641792, 0.03753397986292839, 0.037241749465465546, 0.036925505846738815, 0.03888580948114395, 0.038222771137952805, 0.03793041408061981, 0.037681445479393005, 0.03961841017007828, 0.0375773087143898, 0.03630094230175018, 0.03699212148785591, 0.03503643721342087, 0.03478753939270973, 0.03465279936790466, 0.03351593017578125, 0.038934413343667984, 0.038222700357437134, 0.03742381930351257, 0.039648380130529404, 0.033341653645038605, 0.032789453864097595, 0.0330548956990242, 0.0321064367890358, 0.03310709074139595], "dream_std": [0.21770451962947845, 0.07673987746238708, 0.06185068190097809, 0.05179592967033386, 0.04877327010035515, 0.04777093231678009, 0.04520099237561226, 0.046569205820560455, 0.045343175530433655, 0.04558975622057915, 0.0455959178507328, 0.045314934104681015, 0.0453089214861393, 0.04637787863612175, 0.04343549907207489, 0.04426715523004532, 0.04364658147096634, 0.042170509696006775, 0.04086504876613617, 0.04109404608607292, 0.040927451103925705, 0.04423576593399048, 0.04381726309657097, 0.04188491776585579, 0.0436844602227211, 0.039971739053726196, 0.03806700184941292, 0.039052046835422516, 0.03770146518945694, 0.037615466862916946], "arctander": [0.12298283725976944, 0.06089898943901062, 0.051254261285066605, 0.046248797327280045, 0.043174345046281815, 0.04153286665678024, 0.04018818214535713, 0.03987858444452286, 0.03828463330864906, 0.03791716694831848, 0.037343356758356094, 0.036615509539842606, 0.036509379744529724, 0.03609490767121315, 0.03562382608652115, 0.035065680742263794, 0.03495064377784729, 0.03445745259523392, 0.03363192826509476, 0.033035337924957275, 0.032606177031993866, 0.033296797424554825, 0.033058907836675644, 0.032297275960445404, 0.031680405139923096, 0.03125372529029846, 0.03092053160071373, 0.03051300346851349, 0.029921194538474083, 0.02913006767630577], "ifra_2019": [0.1753206104040146, 0.08713456243276596, 0.07206844538450241, 0.06301583349704742, 0.05768636241555214, 0.05454355105757713, 0.05297228693962097, 0.05031176283955574, 0.04905417189002037, 0.048779550939798355, 0.047020960599184036, 0.04592673107981682, 0.04588228091597557, 0.04543333873152733, 0.04396960511803627, 0.044361528009176254, 0.043388430029153824, 0.04186851531267166, 0.04138851538300514, 0.04035075008869171, 0.039674241095781326, 0.04095088690519333, 0.04097060486674309, 0.03907724842429161, 0.03791496902704239, 0.03792368248105049, 0.03750883787870407, 0.03678536415100098, 0.035835932940244675, 0.03476786985993385], "leffingwell": [0.09585437923669815, 0.046368785202503204, 0.0392567478120327, 0.03580363094806671, 0.034388747066259384, 0.033547136932611465, 0.03315640613436699, 0.03239518404006958, 0.03179030492901802, 0.031597547233104706, 0.030947688966989517, 0.03056960366666317, 0.030346138402819633, 0.030126625671982765, 0.029795775189995766, 0.0292265173047781, 0.02915823459625244, 0.02877034805715084, 0.02828105166554451, 0.02793337218463421, 0.027555830776691437, 0.027775080874562263, 0.027644647285342216, 0.027411693707108498, 0.026770414784550667, 0.026756761595606804, 0.026189949363470078, 0.02607787400484085, 0.025580259039998055, 0.025076355785131454], "sigma_2014": [0.17266416549682617, 0.08302491158246994, 0.06863049417734146, 0.061161573976278305, 0.05691174790263176, 0.0539291575551033, 0.052702851593494415, 0.05099968612194061, 0.04992092773318291, 0.048998963087797165, 0.04810505360364914, 0.04758337512612343, 0.0468364879488945, 0.04693540558218956, 0.04569893702864647, 0.04521738365292549, 0.04519941657781601, 0.04447739198803902, 0.04425615444779396, 0.04316824674606323, 0.042776964604854584, 0.04298277944326401, 0.04273686930537224, 0.04220561310648918, 0.04149232804775238, 0.041175827383995056, 0.040596507489681244, 0.040511827915906906, 0.03980327397584915, 0.03909816965460777]}, "val": {"dream_mean": [0.0, 0.0, 0.0, 0.0, 0.0, 0.0, 0.0, 0.0, 0.0, 0.0, 0.0, 0.0, 0.0, 0.0, 0.0, 0.0, 0.0, 0.0, 0.0, 0.0, 0.0, 0.0, 0.0, 0.0, 0.0, 0.0, 0.0, 0.0, 0.0, 0.0], "dream_std": [0.0, 0.0, 0.0, 0.0, 0.0, 0.0, 0.0, 0.0, 0.0, 0.0, 0.0, 0.0, 0.0, 0.0, 0.0, 0.0, 0.0, 0.0, 0.0, 0.0, 0.0, 0.0, 0.0, 0.0, 0.0, 0.0, 0.0, 0.0, 0.0, 0.0], "arctander": [0.0, 0.0, 0.0, 0.0, 0.0, 0.0, 0.0, 0.0, 0.0, 0.0, 0.0, 0.0, 0.0, 0.0, 0.0, 0.0, 0.0, 0.0, 0.0, 0.0, 0.0, 0.0, 0.0, 0.0, 0.0, 0.0, 0.0, 0.0, 0.0, 0.0], "ifra_2019": [0.0, 0.0, 0.0, 0.0, 0.0, 0.0, 0.0, 0.0, 0.0, 0.0, 0.0, 0.0, 0.0, 0.0, 0.0, 0.0, 0.0, 0.0, 0.0, 0.0, 0.0, 0.0, 0.0, 0.0, 0.0, 0.0, 0.0, 0.0, 0.0, 0.0], "leffingwell": [0.0, 0.0, 0.0, 0.0, 0.0, 0.0, 0.0, 0.0, 0.0, 0.0, 0.0, 0.0, 0.0, 0.0, 0.0, 0.0, 0.0, 0.0, 0.0, 0.0, 0.0, 0.0, 0.0, 0.0, 0.0, 0.0, 0.0, 0.0, 0.0, 0.0], "sigma_2014": [0.0, 0.0, 0.0, 0.0, 0.0, 0.0, 0.0, 0.0, 0.0, 0.0, 0.0, 0.0, 0.0, 0.0, 0.0, 0.0, 0.0, 0.0, 0.0, 0.0, 0.0, 0.0, 0.0, 0.0, 0.0, 0.0, 0.0, 0.0, 0.0, 0.0]}}