{"lambda_history": {"dream_mean": [0.9999551080620737, 1.0551371385346942, 1.1328758896190827, 1.2201604931776997, 1.3125576703126556, 1.404720095551251, 1.5054584255183174, 1.6086209646556722, 1.7094570562151106, 1.774977868471942, 1.8439286939952932, 1.912394801512679, 1.9872360632937829, 2.0215211746898767, 2.0854009578138375, 2.176630713021355, 2.251887705924558, 2.3724412563465838, 2.494524943766899, 2.61524135433938, 2.7781138145875484, 2.791350052548302, 2.819960268623025, 2.8505981727604417, 2.7999162010666647, 2.9410806880440026, 3.0990112895800666, 3.253638336352207, 3.4427725215723264, 3.5641243737470205], "dream_std": [0.9765563649989097, 0.9938332421869529, 1.0213834273520037, 1.07304046468416, 1.1266558221331664, 1.176256100892426, 1.243332385034005, 1.2895058424819505, 1.3383030740312152, 1.3840996408167032, 1.4214014848241658, 1.455401421457472, 1.4875552510558436, 1.5062285267325453, 1.5509184608830417, 1.578646195101822, 1.6131151859227517, 1.658500661878589, 1.716319618183945, 1.7619484064841204, 1.8029099882105741, 1.8081029229253025, 1.8156117947694044, 1.8401710185033002, 1.8268388532637447, 1.861826024523783, 1.92379340024576, 1.9634153016227915, 2.0170184644691784, 2.058778636706278], "arctander": [1.0355202647623314, 1.0214579355071143, 1.0065634750691634, 0.9912257741167775, 0.9789962052428365, 0.9685556287258581, 0.9609594540103169, 0.9516033573863992, 0.9462144777883453, 0.9423813435203197, 0.9380439944576214, 0.9350956011545389, 0.9318263545415493, 0.9306229134849745, 0.9277459854946454, 0.9258802083029235, 0.923859948912254, 0.9208100616139894, 0.9194089181875986, 0.9185252770973567, 0.9175739338848798, 0.9174095808059257, 0.9174550480831998, 0.9179970222736362, 0.9194748321414051, 0.9198139616155686, 0.9187483860042214, 0.9192302579213081, 0.919323878745981, 0.9209050220101442], "ifra_2019": [0.9950639324621301, 0.9569694913291764, 0.9244307780974204, 0.8989781618456739, 0.8804607569535905, 0.8670653585829788, 0.8558932428589198, 0.8510045972660876, 0.8465904009613732, 0.8428130155158956, 0.8423337915255718, 0.8434580907173805, 0.8437390950411262, 0.8452524925326823, 0.8486695768618886, 0.8481627215522182, 0.8508013049577375, 0.8561753524410922, 0.8601158186050154, 0.865617562916503, 0.8713983626941301, 0.8753898825726134, 0.8778132561999687, 0.885381659597432, 0.8958399549812159, 0.9016848407877048, 0.905844264139253, 0.912631854320259, 0.9201396747410027, 0.9296868557887403], "leffingwell": [1.0738748589202254, 1.092754038432198, 1.1067798035028074, 1.1147799231993267, 1.1164981615173146, 1.1151972873138634, 1.1105703749848985, 1.1075198845142276, 1.1028015108875469, 1.0988890221555985, 1.095712054158966, 1.0920424053872004, 1.089102317236705, 1.0876235281365028, 1.0832203198301231, 1.0811236429075652, 1.078467799031718, 1.0741106969616938, 1.0699344327452145, 1.0649988072382517, 1.0602773903872929, 1.0603190487639793, 1.0599373496934754, 1.0561478521908412, 1.0549780707122187, 1.0490249634571953, 1.0444405279363775, 1.0395896074560944, 1.0344638117099234, 1.0296427429216912], "sigma_2014": [0.9965264947634604, 0.9645520056586966, 0.9374149591571572, 0.9138464470031405, 0.8945699252066907, 0.8802146402655889, 0.8671907495318333, 0.8576229847619503, 0.8483602527576813, 0.8422289952218567, 0.8365739042353731, 0.8308708186323417, 0.8272985225013918, 0.8233049427060666, 0.8204705303367953, 0.8176917366223855, 0.8145186528462441, 0.8110685097809738, 0.8061526228490191, 0.8029990253256608, 0.7994793165076061, 0.7991446740732138, 0.7987686518539737, 0.7971890481201266, 0.7960940302861119, 0.7935395726183165, 0.7907784377735179, 0.7877106847436589, 0.7844395442700367, 0.78123342160624]}, "lambda_history_scaled": {"dream_mean": [731.967139101438, 772.3603854073962, 829.2651512011686, 893.1574810060762, 960.7922146688638, 1028.255109943516, 1101.9955674794085, 1177.510546127952, 1251.3225651494608, 1299.2837997214615, 1349.7558040045546, 1399.8729947072811, 1454.656798331049, 1479.7534998729898, 1526.513501119729, 1593.293681931632, 1648.3818007367763, 1736.6269996456992, 1825.9922588373702, 1914.3566713764262, 2033.5793122780854, 2043.2682384653572, 2064.2109166320542, 2086.637862460643, 2049.5386591807987, 2152.87106364821, 2268.4762639726086, 2381.6632622098155, 2520.109485790943, 2608.939041582819], "dream_std": [714.8392591792019, 727.4859332808495, 747.6526688216667, 785.4656201488051, 824.7120618014778, 861.0194658532558, 910.1193058448916, 943.9182766967878, 979.6378501908495, 1013.1609370778268, 1040.4658868912893, 1065.3538405068696, 1088.8904437728775, 1102.5592815682232, 1135.2723133663865, 1155.5690148145338, 1180.8003160954543, 1214.0224844951272, 1256.3459605106477, 1289.746233546376, 1319.7301113701403, 1323.5313395813214, 1329.027833771204, 1347.0051855444158, 1337.246040589061, 1362.856649951409, 1408.2167689798962, 1437.2200007878835, 1476.4575159914386, 1507.0259620689956], "arctander": [2681.997485734438, 2645.576052963426, 2606.9994004291334, 2567.2747549624537, 2535.6001715789466, 2508.5590783999723, 2488.8849858867206, 2464.652695630774, 2450.6954974718146, 2440.7676797176277, 2429.5339456452393, 2421.897606990256, 2413.430258262613, 2410.313345926084, 2402.8621024311315, 2398.029739504572, 2392.7972676827376, 2384.8980595802323, 2381.2690981058804, 2378.9804676821536, 2376.516488761839, 2376.0908142873477, 2376.2085745354875, 2377.612287688718, 2381.4398152462395, 2382.318160584323, 2379.558319750933, 2380.806368016188, 2381.0488459520907, 2385.1440070062736], "ifra_2019": [1104.5209650329643, 1062.2361353753859, 1026.1181636881365, 997.865759648698, 977.3114402184855, 962.4425480271066, 950.041499573401, 944.6151029653572, 939.7153450671242, 935.5224472226441, 934.9905085933847, 936.2384806962924, 936.55039549565, 938.2302667112774, 942.0232303166963, 941.4606209229622, 944.3894485030887, 950.3546412096124, 954.7285586515671, 960.8354948373184, 967.2521825904844, 971.6827696556009, 974.3727143819654, 982.7736421531495, 994.3823500291497, 1000.8701732743524, 1005.4871331945708, 1013.0213582954874, 1021.3550389625129, 1031.9524099255018], "leffingwell": [3996.962224901079, 4067.2305310446413, 4119.434428637449, 4149.210874147894, 4155.606157167445, 4150.7643033822, 4133.542935693792, 4122.189010161955, 4104.627223523449, 4090.0649404631376, 4078.2402655796714, 4064.58183285116, 4053.638824755016, 4048.1347717240633, 4031.746030407718, 4023.942198901958, 4014.0571479960545, 3997.8400140914246, 3982.2959586776883, 3963.925560540773, 3946.352447021504, 3946.507499499531, 3945.0868155591156, 3930.9823058543107, 3926.628379190878, 3904.470913987681, 3887.4076449791974, 3869.3525189515835, 3850.2743071843347, 3832.3302891545345], "sigma_2014": [989.5508093001163, 957.8001416190857, 930.8530544430571, 907.4495218741185, 888.3079357302438, 874.0531377837298, 861.1204142851104, 851.6196238686167, 842.4217309883776, 836.3333922553037, 830.7178869057255, 825.0547229019153, 821.507432843882, 817.5418081071241, 814.7272366244378, 811.9678944660287, 808.8170222763205, 805.391030212507, 800.509554489076, 797.3780321483812, 793.8829612920529, 793.5506613547012, 793.1772712909959, 791.6087247832857, 790.5213720741091, 787.9847956099883, 785.2429887091032, 782.1967099504533, 778.9484674601465, 775.7647876549963]}, "l_hat": [0.16666666666666666, 0.06158059159006615, 0.05125390428430168, 0.04574759242265605, 0.04299443565487789, 0.041461426349548525, 0.04040800740991193, 0.0396496379237593, 0.03863984229378173, 0.03851087348727408, 0.037779477393715254, 0.03722834218301347, 0.037017363462129915, 0.037008225403462894, 0.03610206157216443, 0.03570393926325158, 0.03554214243464581, 0.03476906823253979, 0.03417694872758604, 0.03367057687887925, 0.033203896065329794, 0.034278318861007136, 0.034060561227218046, 0.033304604091091865, 0.03299715251042747, 0.03210690381237884, 0.03151910476177639, 0.03137289273132799, 0.030682006161703322, 0.030161635964348652],