{"train": {"dream_mean": [0.3044167160987854, 0.18703556060791016, 0.1620762050151825, 0.14406712353229523, 0.13154898583889008, 0.1248796284198761, 0.12194735556840897, 0.11339151859283447, 0.11308781802654266, 0.10852072387933731, 0.10477159172296524, 0.10457123070955276, 0.10507450997829437, 0.09981986880302429, 0.09733276069164276, 0.09525094926357269, 0.09347079694271088, 0.09130261093378067, 0.08903501182794571, 0.08612693101167679, 0.0844026505947113, 0.0828118771314621, 0.08146161586046219, 0.08361738920211792, 0.07966487854719162, 0.08039959520101547, 0.07712162286043167, 0.07711178064346313, 0.07370301336050034, 0.07212060689926147], "dream_std": [0.33668047189712524, 0.21622738242149353, 0.19671587646007538, 0.17860910296440125, 0.1689254194498062, 0.16315150260925293, 0.15920156240463257, 0.15276578068733215, 0.15158714354038239, 0.14798030257225037, 0.14305010437965393, 0.14248892664909363, 0.14506064355373383, 0.13928751647472382, 0.13634049892425537, 0.13464787602424622, 0.13277465105056763, 0.1303664743900299, 0.1285294145345688, 0.12675336003303528, 0.12452733516693115, 0.12282578647136688, 0.12223823368549347, 0.1232990175485611, 0.11887885630130768, 0.12006457149982452, 0.11776676028966904, 0.11931777000427246, 0.11329736560583115, 0.11251316964626312], "arctander": [0.4336525499820709, 0.40862178802490234, 0.3923494219779968, 0.3799118101596832, 0.37239784002304077, 0.36884036660194397, 0.3671833872795105, 0.3751640021800995, 0.37077465653419495, 0.3711736798286438, 0.3766181170940399, 0.38187992572784424, 0.3752654492855072, 0.37575241923332214, 0.3821842670440674, 0.3831649422645569, 0.3851397931575775, 0.3885822892189026, 0.3869050145149231, 0.38818326592445374, 0.3959609866142273, 0.3950952887535095, 0.397996723651886, 0.39805760979652405, 0.4002353549003601, 0.4013174772262573, 0.4003097712993622, 0.4043406546115875, 0.4058015048503876, 0.410623699426651], "ifra_2019": [0.38470515608787537, 0.3664902150630951, 0.35817965865135193, 0.3499544560909271, 0.344091534614563, 0.34002164006233215, 0.33734631538391113, 0.3396516442298889, 0.34764912724494934, 0.3476775884628296, 0.3506944477558136, 0.35211747884750366, 0.34787681698799133, 0.3486168086528778, 0.35391050577163696, 0.35991576313972473, 0.3592042326927185, 0.36125341057777405, 0.36594945192337036, 0.36316028237342834, 0.37138548493385315, 0.37195467948913574, 0.37491461634635925, 0.3797529637813568, 0.37889912724494934, 0.38595741987228394, 0.37468692660331726, 0.38336747884750366, 0.3848474621772766, 0.3932434022426605], "leffingwell": [0.4253641366958618, 0.4160253703594208, 0.41203606128692627, 0.4098842740058899, 0.41217041015625, 0.41441813111305237, 0.4157350957393646, 0.42053523659706116, 0.4236609637737274, 0.4245533347129822, 0.42826196551322937, 0.4297516644001007, 0.4341655671596527, 0.43768709897994995, 0.43957263231277466, 0.43786942958831787, 0.4368738830089569, 0.440309077501297, 0.4436962604522705, 0.44425758719444275, 0.44601595401763916, 0.4487842619419098, 0.4485827386379242, 0.44676920771598816, 0.4505426287651062, 0.4502715468406677, 0.44734492897987366, 0.4550524950027466, 0.45012521743774414, 0.45299187302589417], "sigma_2014": [0.4113878011703491, 0.37180233001708984, 0.35078394412994385, 0.33396437764167786, 0.31845542788505554, 0.30561622977256775, 0.3029949963092804, 0.29629629850387573, 0.30013105273246765, 0.28998592495918274, 0.2948157787322998, 0.2943789064884186, 0.29173341393470764, 0.2965875566005707, 0.29464590549468994, 0.29394203424453735, 0.3018057346343994, 0.29976698756217957, 0.30132031440734863, 0.30865007638931274, 0.3166351020336151, 0.31588271260261536, 0.31576135754585266, 0.318139910697937, 0.3103732764720917, 0.30913546681404114, 0.3189651072025299, 0.3232852816581726, 0.33304208517074585, 0.33119750022888184]}, "val": {"dream_mean": [0.0, 0.0, 0.0, 0.0, 0.0, 0.0, 0.0, 0.0, 0.0, 0.0, 0.0, 0.0, 0.0, 0.0, 0.0, 0.0, 0.0, 0.0, 0.0, 0.0, 0.0, 0.0, 0.0, 0.0, 0.0, 0.0, 0.0, 0.0, 0.0, 0.0], "dream_std": [0.0, 0.0, 0.0, 0.0, 0.0, 0.0, 0.0, 0.0, 0.0, 0.0, 0.0, 0.0, 0.0, 0.0, 0.0, 0.0, 0.0, 0.0, 0.0, 0.0, 0.0, 0.0, 0.0, 0.0, 0.0, 0.0, 0.0, 0.0, 0.0, 0.0], "arctander": [0.0, 0.0, 0.0, 0.0, 0.0, 0.0, 0.0, 0.0, 0.0, 0.0, 0.0, 0.0, 0.0, 0.0, 0.0, 0.0, 0.0, 0.0, 0.0, 0.0, 0.0, 0.0, 0.0, 0.0, 0.0, 0.0, 0.0, 0.0, 0.0, 0.0], "ifra_2019": [0.0, 0.0, 0.0, 0.0, 0.0, 0.0, 0.0, 0.0, 0.0, 0.0, 0.0, 0.0, 0.0, 0.0, 0.0, 0.0, 0.0, 0.0, 0.0, 0.0, 0.0, 0.0, 0.0, 0.0, 0.0, 0.0, 0.0, 0.0, 0.0, 0.0], "leffingwell": [0.0, 0.0, 0.0, 0.0, 0.0, 0.0, 0.0, 0.0, 0.0, 0.0, 0.0, 0.0, 0.0, 0.0, 0.0, 0.0, 0.0, 0.0, 0.0, 0.0, 0.0, 0.0, 0.0, 0.0, 0.0, 0.0, 0.0, 0.0, 0.0, 0.0], "sigma_2014": [0.0, 0.0, 0.0, 0.0, 0.0, 0.0, 0.0, 0.0, 0.0, 0.0, 0.0, 0.0, 0.0, 0.0, 0.0, 0.0, 0.0, 0.0, 0.0, 0.0, 0.0, 0.0, 0.0, 0.0, 0.0, 0.0, 0.0, 0.0, 0.0, 0.0]}}