{
    "Alpha": 1.5,
    "Batchsize": 32,
    "Beta": 0.8,
    "D_H": 192,
    "D_Shared_first": 704,
    "D_Shared_intermediate": 496,
    "D_Shared_last": 288,
    "Epochs": 30,
    "L2_factor": 0.0001,
    "LearningRate": 0.00067,
    "N_H": 1,
    "N_Shared": 1,
    "P_Dropout_head": 0.15,
    "P_Dropout_shared": 0.2,
    "START_TIME": "2023-08-11T12:26:46.811369",
    "Seed": 3751784952,
    "WeightDecay": 1e-06,
    "objective_value": 0.020186316825953003
}