{"lambda_history": {"dream_mean": [0.9969979697002757, 1.05161081681928, 1.1162754302981859, 1.2139736014059572, 1.334185308640483, 1.4332947930037194, 1.5103740591575592, 1.63638938039225, 1.6872150863736217, 1.785629889750029, 1.8825480868558921, 1.9450116261322608, 1.963465956754129, 2.0596622309611243, 2.1450789181970817, 2.2344655104703817, 2.3218585508414376, 2.4069215805184268, 2.495436126266351, 2.6238797927776303, 2.743351849789409, 2.8475703207067364, 2.917575446464622, 2.9015673932648163, 3.0033220615378657, 3.041833568818318, 3.1626802585860117, 3.2422333267519847, 3.3978367014348705, 3.4982933253583353], "dream_std": [0.9817866175280549, 0.9944982653379313, 1.0074491724375898, 1.0413273761103847, 1.085528160042713, 1.1267556646729506, 1.1619109616309504, 1.212529145979764, 1.2390137345653487, 1.277006671120195, 1.325705152153759, 1.3575526416485297, 1.369611058626147, 1.402917157510003, 1.4339679290145726, 1.4704028393616446, 1.5041995064424247, 1.5414187441205318, 1.5617375538648515, 1.5919307067483717, 1.6280886649833421, 1.662068073976037, 1.6796090308386717, 1.6796282315333488, 1.7150480053267836, 1.7242816158366963, 1.7538297707490935, 1.7505116900681394, 1.7938976369126345, 1.8143033946083253], "arctander": [1.0280373986191265, 1.0158237738796712, 1.0036091050694669, 0.9914416411468534, 0.9799892873205195, 0.971104798007542, 0.9648255783110284, 0.9566901419611283, 0.9520660226352355, 0.9466814805577964, 0.9423768104023222, 0.9386396780653682, 0.9383225461387418, 0.9350285915228623, 0.93320516849466, 0.9301819409646817, 0.9280585641391407, 0.9259689056224382, 0.9244367907930517, 0.9224229309274251, 0.9227412912667163, 0.9225218879282311, 0.9228735248089868, 0.9245516908324554, 0.9243848733823475, 0.9259456346318051, 0.925779041579704, 0.9263491029338853, 0.9254579523497597, 0.928281859954626], "ifra_2019": [0.9866010443919487, 0.9499220503146578, 0.9211056890932008, 0.8983101181729358, 0.8801346749913834, 0.8685313801515504, 0.8617201779434447, 0.8551561022501319, 0.8538827883234712, 0.8550751835603221, 0.8554082903542403, 0.8579086443126398, 0.8599525531552271, 0.8623413135472799, 0.8654306604887849, 0.8706220105642841, 0.872083338402617, 0.8745416648111575, 0.8783748200685997, 0.8836806477758009, 0.8858654553382019, 0.8884091257837843, 0.8969361250298966, 0.9039545869318535, 0.9123784454103964, 0.9200878105147293, 0.9214415430406129, 0.9249764617692697, 0.9311782026921942, 0.939474485865645], "leffingwell": [1.0698569330390413, 1.0898542157423046, 1.1057822160730137, 1.1114903186308878, 1.111653370958684, 1.1092329871102524, 1.105175528567653, 1.100406132304679, 1.097377232194183, 1.0910125461721951, 1.085358213560518, 1.0815134763995238, 1.0784175409902006, 1.0737088664226038, 1.0689537462819279, 1.0646221622093204, 1.0620421227562504, 1.0599296056336434, 1.0581086633403476, 1.0546589975919884, 1.0514240559856567, 1.0479621611489516, 1.0446731048486468, 1.0434938532698566, 1.0392780564349395, 1.0362369554040463, 1.0332488402758586, 1.0322698913973105, 1.0282777596435095, 1.0241999345376196], "sigma_2014": [0.9944837267434246, 0.9630417761671493, 0.9350401952712057, 0.911427433252277, 0.8931712969048546, 0.8779969370121079, 0.8659227146771696, 0.8559596334000277, 0.847876198742999, 0.8412519849679699, 0.8344625940404611, 0.8298916586304081, 0.8274806827353614, 0.8242301552336995, 0.8209110308119354, 0.8177956763508382, 0.8151556340911881, 0.8116860504321618, 0.8085498931716998, 0.8055536576522041, 0.8015794101764552, 0.8002310063692486, 0.7972850602130404, 0.7957637113390329, 0.7920016405252318, 0.7898424488478107, 0.7891517930805688, 0.787931611816825, 0.785552055620734, 0.7814390011124387]}, "lambda_history_scaled": {"dream_mean": [729.8025138206018, 769.7791179117129, 817.113614978272, 888.6286762291606, 976.6236459248335, 1049.1717884787226, 1105.5938113033333, 1197.837026447127, 1235.041443225491, 1307.0810792970212, 1378.0251995785131, 1423.748510328815, 1437.2570803440224, 1507.672753063543, 1570.1977681202638, 1635.6287536643194, 1699.6004592159322, 1761.8665969394883, 1826.6592444269688, 1920.6800083132255, 2008.1335540458474, 2084.421474757331, 2135.6652268121034, 2123.9473318698456, 2198.431749045718, 2226.6221723750086, 2315.0819492849605, 2373.3147951824526, 2487.2164654503254, 2560.7507141623014], "dream_std": [718.6678040305361, 727.9727302273657, 737.4527942243158, 762.2516393128017, 794.6066131512658, 824.7851465405998, 850.5188239138557, 887.5713348571873, 906.9580537018353, 934.7688832599828, 970.4161713765516, 993.7285336867237, 1002.5552949143396, 1026.9353592973223, 1049.6645240386672, 1076.3348784127238, 1101.0740387158548, 1128.3185206962294, 1143.1918894290714, 1165.2932773398081, 1191.7609027678066, 1216.633830150459, 1229.4738105739077, 1229.4878654824113, 1255.4151398992055, 1262.1741427924617, 1283.8033921883364, 1281.374557129878, 1313.1330702200485, 1328.0700848532942], "arctander": [2666.729012018014, 2635.046869443867, 2603.3620185501973, 2571.7996171349378, 2542.0922113094275, 2519.045846031564, 2502.757550138808, 2481.654228247167, 2469.659262715801, 2455.691760566924, 2444.525446183624, 2434.831324901565, 2434.0086846838963, 2425.464166410305, 2420.734207075148, 2412.8919548623844, 2407.383915376931, 2401.963341184605, 2397.9890353171763, 2392.7650828257406, 2393.5909095458624, 2393.0217772858314, 2393.9339233545115, 2398.2870860193893, 2397.8543615538097, 2401.9029762349023, 2401.470833857752, 2402.9495730104986, 2400.6379283952765, 2407.9631447222996], "ifra_2019": [1083.2879467423597, 1043.0144112454943, 1011.3740466243345, 986.3445097538836, 966.387873140539, 953.6474554064023, 946.1687553819023, 938.9614002706448, 937.5633015791714, 938.8725515492337, 939.2383028089558, 941.9836914552785, 944.2279033644394, 946.8507622749133, 950.2428652166858, 955.942967599584, 957.5475055660735, 960.2467479626509, 964.4555524353225, 970.2813512578294, 972.6802699613457, 975.4732201105951, 984.8358652828265, 992.5421364511751, 1001.7915330606152, 1010.2564159451728, 1011.742814258593, 1015.6241550226582, 1022.4336665560293, 1031.5429854804781], "leffingwell": [3982.0075047713117, 4056.4373909928577, 4115.721408223757, 4136.966965944164, 4137.573846708222, 4128.56517802436, 4113.463317328805, 4095.7116244380154, 4084.4380582267495, 4060.74869685291, 4039.703270872248, 4025.3931591590276, 4013.870087565527, 3996.344400824931, 3978.6458436613357, 3962.5236877430902, 3952.920780898764, 3945.0579921684207, 3938.280444952774, 3925.440789037381, 3913.400336378614, 3900.5151637963977, 3888.2732962466634, 3883.884121870406, 3868.192926050845, 3856.87394801386, 3845.752183506746, 3842.1085357807897, 3827.2498213931426, 3812.07215634902], "sigma_2014": [975.5885359352995, 944.7439824199735, 917.2744315610528, 894.1103120204838, 876.2010422636624, 861.3149952088778, 849.4701830983034, 839.6964003654272, 831.766550966882, 825.2681972535785, 818.6078047536923, 814.1237171164304, 811.7585497633895, 808.5697822842592, 805.3137212265086, 802.2575585001722, 799.6676770434555, 796.2640154739507, 793.1874452014375, 790.2481381568123, 786.3494013831025, 785.0266172482329, 782.1366440689926, 780.6442008235913, 776.9536093552524, 774.8354423197023, 774.157909012038, 772.9609111923054, 770.6265665639401, 766.5916600913024]}, "l_hat": [0.16666666666666666, 0.06156032146964019, 0.051164533032680794, 0.045689842189778444, 0.042995590724157554, 0.041192093186397105, 0.040456539557065734, 0.03907845502348795, 0.038953946421391605, 0.03811639428625412, 0.03742410781985909, 0.03733044385740754, 0.03749447603366996, 0.036611214944400755, 0.03598171262423266, 0.03567866308784458, 0.03547567136125483, 0.03519904477012993, 0.03450130126242077, 0.0340099137445313, 0.0339005180636542, 0.03345870276574298, 0.03313334007052309, 0.03339596576395462, 0.03243506865150632, 0.03264945715126238, 0.032233922521544355, 0.03218310224429832, 0.031125610916280085, 0.030503865423608428],