{"train": {"dream_mean": [0.17182490229606628, 0.058357615023851395, 0.047677259892225266, 0.040381286293268204, 0.03739096224308014, 0.0377868190407753, 0.03890392929315567, 0.035660017281770706, 0.03973550349473953, 0.036862123757600784, 0.03669338673353195, 0.03838154301047325, 0.040771111845970154, 0.03661201894283295, 0.036698319017887115, 0.036547303199768066, 0.036654118448495865, 0.03670075908303261, 0.03606991469860077, 0.03474953770637512, 0.03522256389260292, 0.03545115143060684, 0.036191537976264954, 0.03902382031083107, 0.03480570390820503, 0.03674511983990669, 0.034451019018888474, 0.03548046946525574, 0.03308696299791336, 0.033721715211868286], "dream_std": [0.203782320022583, 0.073532834649086, 0.06108797714114189, 0.051169734448194504, 0.046984948217868805, 0.045512694865465164, 0.045499905943870544, 0.04262842237949371, 0.04487950727343559, 0.04299519583582878, 0.04143458604812622, 0.04280366376042366, 0.04473993554711342, 0.04203074425458908, 0.041540391743183136, 0.040878888219594955, 0.04088449478149414, 0.040401529520750046, 0.04079790785908699, 0.03965149447321892, 0.03918058052659035, 0.038855426013469696, 0.03948373347520828, 0.04080219939351082, 0.037690117955207825, 0.03941095247864723, 0.0378352552652359, 0.03963959962129593, 0.03593376278877258, 0.03635529428720474], "arctander": [0.1301703006029129, 0.06146626174449921, 0.05136007070541382, 0.04623254016041756, 0.043668024241924286, 0.041541554033756256, 0.04045744985342026, 0.03963088244199753, 0.03885188698768616, 0.03835039585828781, 0.03755619004368782, 0.03735075518488884, 0.03686732053756714, 0.036671657115221024, 0.03581361472606659, 0.035756029188632965, 0.03539920225739479, 0.035133425146341324, 0.034329891204833984, 0.03399193286895752, 0.03349827975034714, 0.033115364611148834, 0.03265077993273735, 0.03255840763449669, 0.032065052539110184, 0.031901899725198746, 0.03181508928537369, 0.0315498411655426, 0.030861638486385345, 0.02965112403035164], "ifra_2019": [0.19245341420173645, 0.09012074768543243, 0.07310498505830765, 0.06427279859781265, 0.05974684655666351, 0.055562715977430344, 0.05337264761328697, 0.0518387034535408, 0.05010290816426277, 0.04855845496058464, 0.04792135953903198, 0.047149818390607834, 0.04730526730418205, 0.04627940431237221, 0.045256130397319794, 0.04436651989817619, 0.04485331475734711, 0.04423893988132477, 0.04297345504164696, 0.04206870496273041, 0.042483214288949966, 0.04178891330957413, 0.04010660946369171, 0.040440402925014496, 0.03918477147817612, 0.03934826701879501, 0.04000889137387276, 0.03939695656299591, 0.03779388964176178, 0.03655357286334038], "leffingwell": [0.09812179207801819, 0.045994408428668976, 0.038736313581466675, 0.03581877797842026, 0.03440165892243385, 0.03327936679124832, 0.032903384417295456, 0.031989969313144684, 0.03163127973675728, 0.03144560009241104, 0.03085361048579216, 0.03055712766945362, 0.03054855205118656, 0.030152970924973488, 0.029651114717125893, 0.02939741499722004, 0.02903713658452034, 0.028767965734004974, 0.028146611526608467, 0.02796662412583828, 0.027846267446875572, 0.027499523013830185, 0.027184495702385902, 0.027080213651061058, 0.0267635490745306, 0.02674292027950287, 0.02647751197218895, 0.02615956962108612, 0.02571878582239151, 0.025162415578961372], "sigma_2014": [0.17639721930027008, 0.08235692977905273, 0.06844151020050049, 0.0607793815433979, 0.05627981200814247, 0.05352206528186798, 0.05205018073320389, 0.05013178288936615, 0.04952330142259598, 0.048415228724479675, 0.047807395458221436, 0.04711649939417839, 0.046674035489559174, 0.04608872905373573, 0.04538203030824661, 0.04505322128534317, 0.04469488933682442, 0.0446520671248436, 0.04371335729956627, 0.043204788118600845, 0.04340182617306709, 0.04213886708021164, 0.04215436056256294, 0.041962847113609314, 0.04168689623475075, 0.04143698140978813, 0.040645550936460495, 0.04061289504170418, 0.03982275724411011, 0.039486125111579895]}, "val": {"dream_mean": [0.0, 0.0, 0.0, 0.0, 0.0, 0.0, 0.0, 0.0, 0.0, 0.0, 0.0, 0.0, 0.0, 0.0, 0.0, 0.0, 0.0, 0.0, 0.0, 0.0, 0.0, 0.0, 0.0, 0.0, 0.0, 0.0, 0.0, 0.0, 0.0, 0.0], "dream_std": [0.0, 0.0, 0.0, 0.0, 0.0, 0.0, 0.0, 0.0, 0.0, 0.0, 0.0, 0.0, 0.0, 0.0, 0.0, 0.0, 0.0, 0.0, 0.0, 0.0, 0.0, 0.0, 0.0, 0.0, 0.0, 0.0, 0.0, 0.0, 0.0, 0.0], "arctander": [0.0, 0.0, 0.0, 0.0, 0.0, 0.0, 0.0, 0.0, 0.0, 0.0, 0.0, 0.0, 0.0, 0.0, 0.0, 0.0, 0.0, 0.0, 0.0, 0.0, 0.0, 0.0, 0.0, 0.0, 0.0, 0.0, 0.0, 0.0, 0.0, 0.0], "ifra_2019": [0.0, 0.0, 0.0, 0.0, 0.0, 0.0, 0.0, 0.0, 0.0, 0.0, 0.0, 0.0, 0.0, 0.0, 0.0, 0.0, 0.0, 0.0, 0.0, 0.0, 0.0, 0.0, 0.0, 0.0, 0.0, 0.0, 0.0, 0.0, 0.0, 0.0], "leffingwell": [0.0, 0.0, 0.0, 0.0, 0.0, 0.0, 0.0, 0.0, 0.0, 0.0, 0.0, 0.0, 0.0, 0.0, 0.0, 0.0, 0.0, 0.0, 0.0, 0.0, 0.0, 0.0, 0.0, 0.0, 0.0, 0.0, 0.0, 0.0, 0.0, 0.0], "sigma_2014": [0.0, 0.0, 0.0, 0.0, 0.0, 0.0, 0.0, 0.0, 0.0, 0.0, 0.0, 0.0, 0.0, 0.0, 0.0, 0.0, 0.0, 0.0, 0.0, 0.0, 0.0, 0.0, 0.0, 0.0, 0.0, 0.0, 0.0, 0.0, 0.0, 0.0]}}