{"train": {"dream_mean": [0.31971508264541626, 0.18410556018352509, 0.16085098683834076, 0.14352567493915558, 0.13250616192817688, 0.12858101725578308, 0.12210166454315186, 0.11869412660598755, 0.11204779148101807, 0.11107122898101807, 0.10703542083501816, 0.1034669280052185, 0.10259231179952621, 0.10328881442546844, 0.10107538849115372, 0.09923890978097916, 0.10117886960506439, 0.09302036464214325, 0.09124008566141129, 0.08979574590921402, 0.08878527581691742, 0.08361852914094925, 0.08302067965269089, 0.0838993489742279, 0.08462020754814148], "dream_std": [0.323045939207077, 0.2127128541469574, 0.18917278945446014, 0.1774984896183014, 0.17034785449504852, 0.16568978130817413, 0.15830066800117493, 0.15452931821346283, 0.14750076830387115, 0.14761868119239807, 0.14384756982326508, 0.1423652172088623, 0.1405779868364334, 0.14156672358512878, 0.13987307250499725, 0.13713061809539795, 0.1394617110490799, 0.13266414403915405, 0.13049034774303436, 0.12964501976966858, 0.12627474963665009, 0.12303926795721054, 0.12223047763109207, 0.12282760441303253, 0.12370454519987106], "arctander": [0.42938292026519775, 0.40344083309173584, 0.3876567780971527, 0.3767445385456085, 0.3681832253932953, 0.37024882435798645, 0.37001779675483704, 0.3712952136993408, 0.3708195686340332, 0.371315598487854, 0.374148964881897, 0.37314334511756897, 0.3767649233341217, 0.37532445788383484, 0.37141069769859314, 0.373109370470047, 0.37454307079315186, 0.3797953426837921, 0.3851087689399719, 0.38531261682510376, 0.3876635730266571, 0.3899465799331665, 0.3892807066440582, 0.3919917941093445, 0.39816814661026], "ifra_2019": [0.3851534426212311, 0.3629569113254547, 0.3532547354698181, 0.34470894932746887, 0.3382784426212311, 0.34019631147384644, 0.3438910245895386, 0.3432987332344055, 0.34578070044517517, 0.34944719076156616, 0.34606271982192993, 0.35209837555885315, 0.3569212555885315, 0.35204195976257324, 0.35285988450050354, 0.35133686661720276, 0.35381880402565, 0.3554264307022095, 0.36098262667655945, 0.3544110953807831, 0.3645927309989929, 0.3622235953807831, 0.3697822690010071, 0.36885154247283936, 0.3731103241443634], "leffingwell": [0.42377814650535583, 0.4136248230934143, 0.40923258662223816, 0.40765485167503357, 0.4118117392063141, 0.41587018966674805, 0.42240211367607117, 0.42098766565322876, 0.4230048656463623, 0.4292174279689789, 0.4256032407283783, 0.42739951610565186, 0.4291693866252899, 0.4268447756767273, 0.43361204862594604, 0.43067270517349243, 0.4329588711261749, 0.4330357015132904, 0.4381147623062134, 0.4406675100326538, 0.44116461277008057, 0.4373919367790222, 0.4417169392108917, 0.4425046145915985, 0.446150004863739], "sigma_2014": [0.4096788167953491, 0.3698105812072754, 0.345540851354599, 0.3277624249458313, 0.31325387954711914, 0.3042920231819153, 0.3049459755420685, 0.2961536645889282, 0.2985515594482422, 0.298478901386261, 0.30756187438964844, 0.29465192556381226, 0.29993218183517456, 0.2964685261249542, 0.3019183278083801, 0.29562079906463623, 0.2970740795135498, 0.3027902841567993, 0.3105410933494568, 0.31184905767440796, 0.3142469525337219, 0.31790438294410706, 0.31804969906806946, 0.3154338002204895, 0.3161846697330475]}, "val": {"dream_mean": [0.0, 0.0, 0.0, 0.0, 0.0, 0.0, 0.0, 0.0, 0.0, 0.0, 0.0, 0.0, 0.0, 0.0, 0.0, 0.0, 0.0, 0.0, 0.0, 0.0, 0.0, 0.0, 0.0, 0.0, 0.0], "dream_std": [0.0, 0.0, 0.0, 0.0, 0.0, 0.0, 0.0, 0.0, 0.0, 0.0, 0.0, 0.0, 0.0, 0.0, 0.0, 0.0, 0.0, 0.0, 0.0, 0.0, 0.0, 0.0, 0.0, 0.0, 0.0], "arctander": [0.0, 0.0, 0.0, 0.0, 0.0, 0.0, 0.0, 0.0, 0.0, 0.0, 0.0, 0.0, 0.0, 0.0, 0.0, 0.0, 0.0, 0.0, 0.0, 0.0, 0.0, 0.0, 0.0, 0.0, 0.0], "ifra_2019": [0.0, 0.0, 0.0, 0.0, 0.0, 0.0, 0.0, 0.0, 0.0, 0.0, 0.0, 0.0, 0.0, 0.0, 0.0, 0.0, 0.0, 0.0, 0.0, 0.0, 0.0, 0.0, 0.0, 0.0, 0.0], "leffingwell": [0.0, 0.0, 0.0, 0.0, 0.0, 0.0, 0.0, 0.0, 0.0, 0.0, 0.0, 0.0, 0.0, 0.0, 0.0, 0.0, 0.0, 0.0, 0.0, 0.0, 0.0, 0.0, 0.0, 0.0, 0.0], "sigma_2014": [0.0, 0.0, 0.0, 0.0, 0.0, 0.0, 0.0, 0.0, 0.0, 0.0, 0.0, 0.0, 0.0, 0.0, 0.0, 0.0, 0.0, 0.0, 0.0, 0.0, 0.0, 0.0, 0.0, 0.0, 0.0]}}