{"train": {"dream_mean": [0.19033457338809967, 0.056456971913576126, 0.04865545779466629, 0.042280878871679306, 0.04098505899310112, 0.04330160841345787, 0.041230425238609314, 0.04221706837415695, 0.03939451649785042, 0.042267587035894394, 0.04123475030064583, 0.04206358268857002, 0.04194846749305725, 0.044192854315042496, 0.043183326721191406, 0.04289906844496727, 0.045454688370227814, 0.03877544030547142, 0.040956441313028336, 0.04144962504506111, 0.04042767733335495, 0.03633655607700348, 0.03873971104621887, 0.04467068240046501, 0.04658137634396553], "dream_std": [0.18554310500621796, 0.0711042732000351, 0.05636478215456009, 0.05045085772871971, 0.04748651757836342, 0.046980470418930054, 0.04316920414566994, 0.04348184913396835, 0.04051491245627403, 0.04271499067544937, 0.041680045425891876, 0.04284098744392395, 0.04158272221684456, 0.04320801421999931, 0.043495167046785355, 0.04153032600879669, 0.043527889996767044, 0.039975933730602264, 0.04021930322051048, 0.04057639464735985, 0.03863530606031418, 0.03722771257162094, 0.03803740814328194, 0.041525039821863174, 0.042327944189310074], "arctander": [0.12490615248680115, 0.058654654771089554, 0.04986560344696045, 0.045812249183654785, 0.04345724731683731, 0.04215558245778084, 0.0410018265247345, 0.03978220745921135, 0.03940499201416969, 0.038681045174598694, 0.038395531475543976, 0.03753412142395973, 0.037343837320804596, 0.03714695945382118, 0.03690062835812569, 0.03641536831855774, 0.036907829344272614, 0.035864610224962234, 0.03547433018684387, 0.03497553989291191, 0.03447304666042328, 0.033929791301488876, 0.03373750299215317, 0.03307294100522995, 0.0325925387442112], "ifra_2019": [0.18550598621368408, 0.08679363876581192, 0.07130800187587738, 0.063212551176548, 0.058188311755657196, 0.055865563452243805, 0.052966631948947906, 0.052298255264759064, 0.05046921595931053, 0.048665791749954224, 0.048096828162670135, 0.04741448536515236, 0.04781069606542587, 0.047015201300382614, 0.04649101197719574, 0.04638718441128731, 0.046931490302085876, 0.045555371791124344, 0.04582776129245758, 0.042936213314533234, 0.04263278469443321, 0.04334074631333351, 0.04161619022488594, 0.0410933718085289, 0.039783380925655365], "leffingwell": [0.08882616460323334, 0.04454100877046585, 0.03772645443677902, 0.03506026789546013, 0.033907193690538406, 0.03299970552325249, 0.032500915229320526, 0.031549613922834396, 0.031180141493678093, 0.030786896124482155, 0.030640872195363045, 0.02984260395169258, 0.029828539118170738, 0.029598426073789597, 0.029200082644820213, 0.02899792790412903, 0.02924940548837185, 0.028542086482048035, 0.028230099007487297, 0.02804880030453205, 0.027602631598711014, 0.02723035402595997, 0.027081722393631935, 0.026744969189167023, 0.02649434469640255], "sigma_2014": [0.1700804978609085, 0.08095501363277435, 0.06663431227207184, 0.06006911024451256, 0.05667663738131523, 0.05353250727057457, 0.05215781554579735, 0.050754956901073456, 0.049423471093177795, 0.048777855932712555, 0.04815363138914108, 0.047854114323854446, 0.047341763973236084, 0.04692678153514862, 0.04642162472009659, 0.045773811638355255, 0.04595933109521866, 0.045093610882759094, 0.04540831968188286, 0.04452018067240715, 0.044080574065446854, 0.04351058974862099, 0.043097272515296936, 0.04275662824511528, 0.04271151125431061]}, "val": {"dream_mean": [0.0, 0.0, 0.0, 0.0, 0.0, 0.0, 0.0, 0.0, 0.0, 0.0, 0.0, 0.0, 0.0, 0.0, 0.0, 0.0, 0.0, 0.0, 0.0, 0.0, 0.0, 0.0, 0.0, 0.0, 0.0], "dream_std": [0.0, 0.0, 0.0, 0.0, 0.0, 0.0, 0.0, 0.0, 0.0, 0.0, 0.0, 0.0, 0.0, 0.0, 0.0, 0.0, 0.0, 0.0, 0.0, 0.0, 0.0, 0.0, 0.0, 0.0, 0.0], "arctander": [0.0, 0.0, 0.0, 0.0, 0.0, 0.0, 0.0, 0.0, 0.0, 0.0, 0.0, 0.0, 0.0, 0.0, 0.0, 0.0, 0.0, 0.0, 0.0, 0.0, 0.0, 0.0, 0.0, 0.0, 0.0], "ifra_2019": [0.0, 0.0, 0.0, 0.0, 0.0, 0.0, 0.0, 0.0, 0.0, 0.0, 0.0, 0.0, 0.0, 0.0, 0.0, 0.0, 0.0, 0.0, 0.0, 0.0, 0.0, 0.0, 0.0, 0.0, 0.0], "leffingwell": [0.0, 0.0, 0.0, 0.0, 0.0, 0.0, 0.0, 0.0, 0.0, 0.0, 0.0, 0.0, 0.0, 0.0, 0.0, 0.0, 0.0, 0.0, 0.0, 0.0, 0.0, 0.0, 0.0, 0.0, 0.0], "sigma_2014": [0.0, 0.0, 0.0, 0.0, 0.0, 0.0, 0.0, 0.0, 0.0, 0.0, 0.0, 0.0, 0.0, 0.0, 0.0, 0.0, 0.0, 0.0, 0.0, 0.0, 0.0, 0.0, 0.0, 0.0, 0.0]}}