{"lambda_history": {"dream_mean": [0.9875651037538129, 1.079898464867336, 1.1672102831380713, 1.2922796973126993, 1.4224245833687132, 1.5100194131459161, 1.620668375477405, 1.7076779173584495, 1.8456002700397507, 1.926628897412872, 2.03016435867655, 2.1094432378788928, 2.195047537015441, 2.2335871284339883, 2.2871790375853114, 2.3397631034266557, 2.3526157878462635, 2.5042534890985686, 2.6003728207919723, 2.6707892862074614, 2.7586238957033924, 2.994142696510088, 3.1478471378385566, 3.1098690514986282, 3.0134414459024006], "dream_std": [0.9898263865213861, 0.994861213837891, 1.0156701655011695, 1.0423928856003886, 1.0731782740205893, 1.0985069982153304, 1.1452591117886999, 1.1814474498246814, 1.2410961943556806, 1.2738911984758503, 1.3150085794395077, 1.3366852238548206, 1.3715619428538015, 1.387134594624711, 1.394910545851834, 1.4197598939777838, 1.4288650660089308, 1.463511871275724, 1.4944327837877946, 1.512466829982289, 1.5497796466241243, 1.601980508923604, 1.6388809339647619, 1.6244470144418497, 1.5960046339887333], "arctander": [1.0334335125599825, 1.024947491045593, 1.013935239257895, 1.0021975075858967, 0.9922687977636973, 0.983934356816863, 0.9757964207983502, 0.9702881368304608, 0.9625713610269342, 0.9575691255909038, 0.9526335279994946, 0.9496462060967885, 0.9472260615497047, 0.9456141441001785, 0.9433408243286153, 0.9416417076093329, 0.9403141891050558, 0.9375050178856053, 0.9366787279473309, 0.9355322712992791, 0.9341078944768652, 0.9327286633380103, 0.9314015579614773, 0.9343003004880422, 0.9384101656072538], "ifra_2019": [0.9898443603187466, 0.9544271240119855, 0.926044953036172, 0.9051515665256904, 0.8918978308743231, 0.8822702086631166, 0.8776435460589812, 0.871963627831696, 0.8692818828410263, 0.8719863118221729, 0.8751226143407305, 0.8778779648220272, 0.8782051205190065, 0.8813133127464903, 0.8844313595660296, 0.8855704608385051, 0.8872200592074057, 0.8875489050205394, 0.8862199196287536, 0.8949549451751375, 0.9012748807294026, 0.900496025923565, 0.9069756955467471, 0.9157095743354557, 0.9296202517562322], "leffingwell": [1.087632402469621, 1.0966394446696044, 1.1025937704651212, 1.1029221192892011, 1.0988707663939743, 1.0952660864015848, 1.0878242414405161, 1.0832460341781043, 1.076263440531715, 1.0708007115966536, 1.064560332605731, 1.061670276788653, 1.0581284687551, 1.0562411613807072, 1.055375595704851, 1.0533697237733226, 1.0531050010294754, 1.049734101296858, 1.0488034958387373, 1.0453761381601714, 1.0420969150085269, 1.0383169090672852, 1.0346272738952402, 1.0341763438927014, 1.033978130314775], "sigma_2014": [0.9979928144395287, 0.9645602199021838, 0.9376913960914415, 0.9155087954861661, 0.8970491493587768, 0.8853719683615557, 0.8741737752643745, 0.8650359442593145, 0.8575779724462875, 0.8515446257765111, 0.8467294324154606, 0.8408881388157048, 0.8367370582745601, 0.8339884555138484, 0.8315818995408211, 0.8298301126164397, 0.8299557500963246, 0.8273325674120711, 0.8234553382949011, 0.8205164357880081, 0.8168942721748342, 0.8131362403150405, 0.8102689707181798, 0.8087187019966751, 0.8061861116560445]}, "lambda_history_scaled": {"dream_mean": [722.897655947791, 790.4856762828899, 854.3979272570682, 945.9487384328959, 1041.2147950258982, 1105.3342104228107, 1186.3292508494603, 1250.020235506385, 1350.9793976690976, 1410.2923529062223, 1486.0803105512346, 1544.1124501273496, 1606.774797095303, 1634.9857780136795, 1674.2150555124479, 1712.706591708312, 1722.1147567034648, 1833.1135540201522, 1903.4729048197237, 1955.0177575038617, 2019.3126916548833, 2191.7124538453845, 2304.2241048978235, 2276.4241456969958, 2205.839138400557], "dream_std": [724.5529149336546, 728.2384085293362, 743.4705611468561, 763.0315922594845, 785.5664965830714, 804.1071226936218, 838.3296698293283, 864.8195332716668, 908.4824142683582, 932.4883572843224, 962.5862801497196, 978.4535838617287, 1003.9833421689827, 1015.3825232652883, 1021.0745195635425, 1039.2642423917378, 1045.9292283185373, 1071.29068977383, 1093.9247977326656, 1107.1257195470355, 1134.438701328859, 1172.6497325320781, 1199.6608436622057, 1189.0952145714339, 1168.2753920797527], "arctander": [2668.3253294298747, 2646.414421879721, 2617.980787763885, 2587.673964586785, 2562.0380358258662, 2540.5185093011405, 2519.50635850134, 2505.28396929625, 2485.3592541715443, 2472.4434822757134, 2459.699769294695, 2451.986504141908, 2445.7376909213376, 2441.575720066661, 2435.7060084164846, 2431.3188890472975, 2427.891236269254, 2420.637956180633, 2418.5044755600084, 2415.5443244947387, 2411.866583539266, 2408.3054087387427, 2404.8788226565343, 2412.363375860125, 2422.975047597929], "ifra_2019": [1096.7475512331712, 1057.50525340528, 1026.0578079640786, 1002.9079357104649, 988.22279660875, 977.5553911987331, 972.4290490333511, 966.1356996375192, 963.1643261878571, 966.1608334989676, 969.6358566895293, 972.6887850228061, 973.0512735350592, 976.4951505231112, 979.9499463991608, 981.2120706090636, 983.0398256018054, 983.4041867627576, 981.931670948659, 991.6100792540524, 998.6125678481782, 997.7495967233101, 1004.9290706657957, 1014.6062083636849, 1030.0192389459053], "leffingwell": [4043.8172723820503, 4077.3054552815893, 4099.4436385893205, 4100.66443951725, 4085.6015094527966, 4072.1993092410926, 4044.5305296758393, 4027.508755074192, 4001.5474718969167, 3981.237045716358, 3958.0353166281075, 3947.290089100212, 3934.121646831462, 3927.1046380134694, 3923.8864648306358, 3916.4286329892134, 3915.4443938275895, 3902.911388621718, 3899.4513975284253, 3886.7084816795173, 3874.516330001703, 3860.4622679121667, 3846.744204342503, 3845.0676465930637, 3844.3306885103334], "sigma_2014": [981.0269365940567, 948.1626961638466, 921.7506423578869, 899.9451459629013, 881.7993138196775, 870.3206448994093, 859.31282108488, 850.3303332069062, 842.9991469147006, 837.0683671383105, 832.3350320643978, 826.5930404558378, 822.5125282838926, 819.8106517701129, 817.4450072486271, 815.7230007019602, 815.8465023446871, 813.2679137660658, 809.4565975438878, 806.567656379612, 803.0070695478621, 799.3129242296848, 796.4943982159708, 794.9704840627315, 792.4809477578917]}, "l_hat": [0.16666666666666666, 0.05947952823990316, 0.049762106177650825, 0.045216476579703756, 0.04294475258598771, 0.04182106541844869, 0.04043062491118455, 0.039633619615204264, 0.03862692245723087, 0.038398550477640576, 0.037988834177960853, 0.03750318543997772, 0.037339455352359954, 0.03735765626683325, 0.03697985646908868, 0.03653310510953147, 0.03717490269493961, 0.03563371673037352, 0.03565585098022861, 0.03510623966555859, 0.03450821150209565, 0.03383974416010396, 0.03373681232711194, 0.03404247786061587, 0.03387183489373407], "r": {"dream_mean": [1.0, 0.6753025761147035, 0.6325554919340944, 0.5551988977526963, 0.5089299166813408, 0.5013371641134853, 0.4616223597886166, 0.4498594883035446, 0.4056895259145887, 0.4067896735081712, 0.3828823024454787, 0.376906038513739, 0.3627058183637386, 0.3687251442230494, 0.35768627153455496, 0.3507162415989645, 0.3586290318781393, 0.314050903722812, 0.3130777919336601, 0.3100904743153934, 0.2990333434467315, 0.26382447194836367, 0.26115407138295643, 0.2885777888147367, 0.3079307953853957], "dream_std": [1.0, 0.8704745908054257, 0.8159587190765213, 0.7809845017540542, 0.7498953900350572, 0.7395601012785523, 0.6815467176691642, 0.6726049866015107, 0.6186390661693816, 0.6271159461034833, 0.6004387378220849, 0.6079414897219675, 0.5820534924035018, 0.5918564373470934, 0.595092308144887, 0.5710840416220442, 0.580582875103725, 0.54685800980573, 0.5396590835414743, 0.5418428784618192, 0.5176685872398247, 0.4935521752369163, 0.4916312379246604, 0.5285541250630815, 0.5495122750715217],