{"train": {"dream_mean": [0.31904494762420654, 0.1869230717420578, 0.1579902172088623, 0.1440133899450302, 0.1328609585762024, 0.12752415239810944, 0.12257056683301926, 0.12083259969949722, 0.11519598960876465, 0.11274666339159012, 0.10868878662586212, 0.10522954165935516, 0.10097203403711319, 0.0979316383600235, 0.09880559891462326, 0.10042868554592133, 0.0947023406624794, 0.0952657014131546, 0.09443124383687973, 0.09179272502660751, 0.08671344816684723, 0.08786141127347946, 0.08308134973049164, 0.0845005065202713, 0.08330442756414413, 0.08322221785783768, 0.08285599946975708, 0.08321626484394073, 0.07848386466503143, 0.07986365258693695], "dream_std": [0.34416669607162476, 0.22209982573986053, 0.19703564047813416, 0.1800813525915146, 0.17076732218265533, 0.1656140387058258, 0.1614283174276352, 0.1599651426076889, 0.1549426019191742, 0.15099520981311798, 0.1460341513156891, 0.1454067826271057, 0.14044445753097534, 0.13728156685829163, 0.1363176554441452, 0.14060606062412262, 0.13331447541713715, 0.1341022551059723, 0.1332540214061737, 0.130031555891037, 0.12589231133460999, 0.12589207291603088, 0.12220354378223419, 0.12494711577892303, 0.12211053818464279, 0.12352706491947174, 0.1206018254160881, 0.12222298979759216, 0.11663486808538437, 0.11767885088920593], "arctander": [0.42710748314857483, 0.4001917243003845, 0.3820754587650299, 0.3701450824737549, 0.368876188993454, 0.3699106276035309, 0.3706209361553192, 0.37255874276161194, 0.37537238001823425, 0.3699933886528015, 0.374448299407959, 0.37799984216690063, 0.37865495681762695, 0.38313058018684387, 0.38501325249671936, 0.3791721761226654, 0.38221338391304016, 0.38195133209228516, 0.3809376060962677, 0.3809927701950073, 0.3871234655380249, 0.3917783796787262, 0.39093706011772156, 0.3896060883998871, 0.3939093053340912, 0.3955160975456238, 0.3965022563934326, 0.3909577429294586, 0.395895391702652, 0.399102121591568], "ifra_2019": [0.38450711965560913, 0.36540672183036804, 0.3563591539859772, 0.3513614535331726, 0.34509995579719543, 0.34690946340560913, 0.3455020785331726, 0.34728285670280457, 0.34791475534439087, 0.3467371463775635, 0.3522518277168274, 0.3519933223724365, 0.35724952816963196, 0.3567899763584137, 0.35480812191963196, 0.35759422183036804, 0.35710594058036804, 0.36012178659439087, 0.357421875, 0.3587431013584137, 0.36638328433036804, 0.36911189556121826, 0.37405216693878174, 0.36353975534439087, 0.3666417598724365, 0.37649357318878174, 0.3787626326084137, 0.3734776973724365, 0.3741095960140228, 0.37140968441963196], "leffingwell": [0.4280572533607483, 0.41349470615386963, 0.4105144739151001, 0.40977853536605835, 0.41420626640319824, 0.4165017604827881, 0.4209246337413788, 0.4195721745491028, 0.42579343914985657, 0.427287220954895, 0.4296460747718811, 0.43146395683288574, 0.43541163206100464, 0.4376510977745056, 0.43548229336738586, 0.43162721395492554, 0.43744394183158875, 0.43879884481430054, 0.43707600235939026, 0.4395713210105896, 0.44355309009552, 0.4420544505119324, 0.4440014958381653, 0.4437967836856842, 0.4464626908302307, 0.44429147243499756, 0.44246384501457214, 0.4445156455039978, 0.44425490498542786, 0.44918951392173767], "sigma_2014": [0.40644288063049316, 0.36198505759239197, 0.3457273244857788, 0.32231923937797546, 0.3120577931404114, 0.3115309476852417, 0.30681419372558594, 0.2971799969673157, 0.29903659224510193, 0.29492196440696716, 0.3026494085788727, 0.3015705645084381, 0.2995634377002716, 0.30500778555870056, 0.30543428659439087, 0.3032766282558441, 0.3081439137458801, 0.30232325196266174, 0.3046816289424896, 0.3035275340080261, 0.3088464140892029, 0.3192332684993744, 0.31235888600349426, 0.30626222491264343, 0.315369576215744, 0.31338751316070557, 0.320588082075119, 0.31672435998916626, 0.3224697709083557, 0.324602335691452]}, "val": {"DREAM": [1.6122684343680875, 2.1768434529204037, 3.1640410741326144, 4.354310468810991, 4.992406918886915, 5.994980044548348, 6.452064247269525, 6.867971505498976, 7.115459589351533, 7.3313254635656335, 7.586866672921055, 7.853483923512123, 8.085606268100756, 8.316443814977703, 8.51960282983943, 8.660855589048216, 8.823825584927853, 8.955364417391015, 8.946904304533364, 8.963172541195034, 9.034563350785355, 9.061726340050171, 9.061333208233874, 9.02931623062027, 9.056207748143576, 9.146891911418123, 9.088741602032341, 9.00747905875828, 8.941526864877545, 8.864609534954694]}}