{"lambda_history": {"dream_mean": [0.9787941249693026, 1.0880220035547814, 1.2230422125198464, 1.3457483970323998, 1.4654237224778117, 1.569986865340968, 1.6666368983472934, 1.7271373155030272, 1.8127554801893082, 1.8860816061086108, 2.0017797451538684, 2.095567499601145, 2.2654230543020106, 2.3652185250952695, 2.384831682099975, 2.383301304180652, 2.515927595535311, 2.55811799969083, 2.5743157207919127, 2.6734248077499276, 2.8981901998074533, 2.808066522092413, 3.097133290764326, 3.150453719129247, 3.210502092106684, 3.1650107821514295, 3.208273643786363, 3.1878901462585176, 3.4087262210829694, 3.388332248267437], "dream_std": [0.9673994984852041, 0.9711973002076697, 0.9992371729648464, 1.052352356537912, 1.1151585852474646, 1.1591082554131225, 1.1996835473380165, 1.228809491123437, 1.267026517351928, 1.3066990962415828, 1.3700126686133247, 1.3743086996099119, 1.4452488798471381, 1.4865226418560509, 1.5207497048808778, 1.5097317504780123, 1.5635975579521553, 1.584120976790803, 1.5918031563084325, 1.6283215924938015, 1.6846959985983552, 1.6725978337528384, 1.742138198513866, 1.7442490086404967, 1.7778087565855165, 1.7439948324769834, 1.7794821115911228, 1.783208082719725, 1.8553413300290864, 1.860428801123491], "arctander": [1.0446317954212638, 1.0236651176757159, 1.0054429906001174, 0.9887710852265282, 0.977277761793764, 0.9669632877290237, 0.960786434087519, 0.9544182200779293, 0.9504931851723202, 0.9472392428828493, 0.9420953923654686, 0.9426666876418994, 0.9386591357674843, 0.9389089976928549, 0.9381656535816647, 0.939123316263988, 0.9360811389474186, 0.9370726139596913, 0.9385267427725923, 0.9346180322620026, 0.9306621223394953, 0.9348681745327365, 0.9341800151892969, 0.9317431161967034, 0.9307920738226734, 0.9336464046062047, 0.9300430634897401, 0.9305111639237618, 0.9297350551350002, 0.9323414246489068], "ifra_2019": [0.9845089128946343, 0.9315182838023853, 0.8944370967567483, 0.8716417988417805, 0.8594318776915795, 0.8558477527707683, 0.8520214703788496, 0.8512474043419466, 0.8532874972387574, 0.8520815595724751, 0.8542225056083079, 0.8560917796760201, 0.8530145574058927, 0.8608382941641104, 0.8699969078927068, 0.8717997638147297, 0.8762526958442288, 0.8796352689899549, 0.8757485550191617, 0.8825785394331168, 0.8896189151925027, 0.9001248944500163, 0.9048158618552069, 0.9083649060035278, 0.9163971028490081, 0.9265160093692862, 0.9306456404612169, 0.9308058682833927, 0.932012265839212, 0.9332172820103195], "leffingwell": [1.1082168048232683, 1.1290526505083045, 1.1350394651701292, 1.1309982854385232, 1.1213249591980938, 1.111704778085853, 1.103956307389602, 1.1005787043340673, 1.0937984849985423, 1.0894709939703304, 1.0834915712801871, 1.0812637239789673, 1.0768845871078712, 1.06942345504227, 1.0649245624288892, 1.0651978036231875, 1.061077890559843, 1.0578343822151375, 1.0603202676961023, 1.0582209343250142, 1.053960337262908, 1.0530634855591643, 1.046700727626664, 1.0489561383161305, 1.0458733009716628, 1.0450285943439597, 1.0445264082513943, 1.0456824088085523, 1.0401848250853045, 1.040560237268105], "sigma_2014": [0.9965773148031659, 0.9434014832255218, 0.9041410902564312, 0.8790347488135002, 0.8597403396161687, 0.8498497698089378, 0.842117790774718, 0.8376477793585879, 0.8321464540120611, 0.8296006535550307, 0.8257296598093294, 0.8206722486351699, 0.8179866815520274, 0.8146269766976515, 0.81398986154182, 0.8164028583697764, 0.812421779674665, 0.8122092432076821, 0.8107578433139369, 0.8078863519813753, 0.80289780291667, 0.8012101187878173, 0.7934582992561355, 0.793285705859734, 0.7922022925383145, 0.7918453697217898, 0.791986821441744, 0.7918492771160361, 0.7884700817725229, 0.786981023228068]}, "lambda_history_scaled": {"dream_mean": [661.6648284792486, 735.5028744030323, 826.7765356634161, 909.7259163939023, 990.6264363950007, 1061.3111209704944, 1126.6465432827704, 1167.5448252800463, 1225.4227046079723, 1274.9911657294208, 1353.203107724015, 1416.603629730374, 1531.4259847081591, 1598.8877229644022, 1612.146217099583, 1611.1116816261208, 1700.76705458187, 1729.287767791001, 1740.237427255333, 1807.235170038951, 1959.1765750698385, 1898.2529689344713, 2093.6621045566844, 2129.706714131371, 2170.2994142641182, 2139.5472887343662, 2168.7929831995816, 2155.013738870758, 2304.298925452087, 2290.512599828787], "dream_std": [653.962060975998, 656.5293749403847, 675.4843289242361, 711.3901930196286, 753.847203627286, 783.5571806592708, 810.9860780004992, 830.6752159994435, 856.5099257299033, 883.3285890593099, 926.1285639826075, 929.0326809363004, 976.9882427766654, 1004.8893058946904, 1028.0268004994734, 1020.5786633231363, 1056.991949175657, 1070.865780310583, 1076.0589336645003, 1100.7453965258098, 1138.8544950524881, 1130.6761356169188, 1177.6854221953733, 1179.1123298409757, 1201.7987194518091, 1178.9405067544408, 1202.929907435599, 1205.448663918534, 1254.2107390996623, 1257.64986955948], "arctander": [2657.5432875516954, 2604.2040593670213, 2557.846968086699, 2515.4336408162876, 2486.1946260033355, 2459.9546039826364, 2444.240688318648, 2428.0399518782524, 2418.0546630783824, 2409.7766338939687, 2396.690678177752, 2398.144053360992, 2387.94884139248, 2388.5844901306227, 2386.693422711755, 2389.1297165755855, 2381.390417482233, 2383.9127299134548, 2387.612033613475, 2377.6682740745346, 2367.604439231676, 2378.3046360112817, 2376.5539586415716, 2370.3544876044134, 2367.935035804881, 2375.196453318185, 2366.029553517899, 2367.22040102205, 2365.2459802634407, 2371.876584306819], "ifra_2019": [1071.145697229362, 1013.4918927769952, 973.1475612713422, 948.3462771398572, 935.0618829284384, 931.162355014596, 926.9993597721883, 926.1571759240379, 928.376796995768, 927.064736814853, 929.394086101839, 931.4278562875099, 928.0798384576112, 936.5920640505522, 946.556635787265, 948.5181430304259, 953.362933078521, 957.0431726610709, 952.8144278608479, 960.2454509032311, 967.905379729443, 979.3358851616177, 984.4396576984651, 988.3010177318382, 997.0400478997208, 1008.0494181937835, 1012.542456821804, 1012.7167846923313, 1014.0293452330627, 1015.3404028272276], "leffingwell": [4060.5063728724554, 4136.848911462428, 4158.784600383354, 4143.977717846749, 4108.534650501816, 4073.2863069065656, 4044.8959102755016, 4032.520372680023, 4007.6776490346588, 3991.821721907291, 3969.913117170606, 3961.7502846589364, 3945.70512716324, 3918.367539274878, 3901.8835967394502, 3902.884752475359, 3887.789391011265, 3875.905176436264, 3885.0134608385188, 3877.321503366852, 3861.710675731295, 3858.424611088778, 3835.111466024097, 3843.375290790302, 3832.0797747601723, 3828.984769676268, 3827.1447598331088, 3831.3803458745356, 3811.2371991125556, 3812.612709350337], "sigma_2014": [945.7518717482045, 895.2880075810201, 858.0298946533532, 834.2039766240117, 815.8935822957441, 806.507431548682, 799.1697834452074, 794.9277426112999, 789.706984857446, 787.2910202237241, 783.6174471590537, 778.8179639547762, 776.269360792874, 773.0810008860713, 772.4763786031872, 774.7663125929179, 770.9882689112571, 770.7865718040903, 769.409193304926, 766.6841480303251, 761.9500149679199, 760.3484027296387, 752.9919259940726, 752.8281348608875, 751.7999756188605, 751.4612558659785, 751.5954935482151, 751.4649639831183, 748.2581076021243, 746.8449910434365]}, "l_hat": [0.16666666666666666, 0.0596750995119599, 0.04945631515527003, 0.044898750710946345, 0.042753286934155435, 0.040904728530194716, 0.04032208464672519, 0.040027930645134914, 0.03897315164570126, 0.03860801887638596, 0.03770028059100551, 0.03788499921564946, 0.036809810910347136, 0.03631951271318464, 0.03625284181301253, 0.037285276000308676, 0.035623934444840084, 0.035983348705671825, 0.03623392952613263, 0.035242121469090094, 0.034120344087082456, 0.03468829337567653, 0.033364319265342154, 0.03403143980120624, 0.03380211401485062, 0.03376176156009673, 0.0332847268757217, 0.03354057905648392, 0.032493595830413766, 0.032696465244777775],