{"train": {"dream_mean": [0.19410823285579681, 0.057845160365104675, 0.0473523885011673, 0.044818978756666183, 0.04371717944741249, 0.043175335973501205, 0.04341142997145653, 0.04496612027287483, 0.04306834936141968, 0.04341137781739235, 0.041329123079776764, 0.04248437657952309, 0.03971414268016815, 0.041457708925008774, 0.043793532997369766, 0.04559099301695824, 0.040228601545095444, 0.04310018569231033, 0.04408955201506615, 0.04101792722940445, 0.037683866918087006, 0.045450542122125626, 0.036288220435380936, 0.04159237816929817, 0.04135264828801155, 0.04338659346103668, 0.04102097451686859, 0.04258395731449127, 0.037311166524887085, 0.04179178550839424], "dream_std": [0.21294809877872467, 0.07605776935815811, 0.05965675786137581, 0.05157410725951195, 0.048530470579862595, 0.04818674921989441, 0.04787919670343399, 0.04845054820179939, 0.046606067568063736, 0.046109315007925034, 0.043759047985076904, 0.04768695309758186, 0.04254264384508133, 0.04360374063253403, 0.0438682921230793, 0.04766647517681122, 0.042285285890102386, 0.04432390257716179, 0.045226629823446274, 0.04272190481424332, 0.04070740565657616, 0.04421719163656235, 0.039427850395441055, 0.0428423210978508, 0.041270457208156586, 0.04407120868563652, 0.04051099345088005, 0.04206962138414383, 0.03848182037472725, 0.041031863540410995], "arctander": [0.12844766676425934, 0.05906958132982254, 0.049221307039260864, 0.04499189928174019, 0.042589180171489716, 0.04083109647035599, 0.03993164747953415, 0.03972213342785835, 0.03854687511920929, 0.038148049265146255, 0.03759588301181793, 0.03704984858632088, 0.03664402663707733, 0.03564329072833061, 0.035594336688518524, 0.036299727857112885, 0.035309601575136185, 0.035125620663166046, 0.035221345722675323, 0.03493960201740265, 0.03397222235798836, 0.033375777304172516, 0.03288984298706055, 0.0334668904542923, 0.03316133841872215, 0.032572388648986816, 0.032866936177015305, 0.03263049200177193, 0.03196291998028755, 0.031591933220624924], "ifra_2019": [0.18586128950119019, 0.08461158722639084, 0.06834127008914948, 0.06010964512825012, 0.055755022913217545, 0.05199136212468147, 0.05146373063325882, 0.050566352903842926, 0.048841383308172226, 0.04893459007143974, 0.04732738807797432, 0.047398343682289124, 0.04706938564777374, 0.04456627368927002, 0.04405244439840317, 0.04617024213075638, 0.04393785446882248, 0.044310685247182846, 0.04560619965195656, 0.04294733330607414, 0.04158471152186394, 0.04130173102021217, 0.04077157378196716, 0.04134766384959221, 0.0405179001390934, 0.03992399200797081, 0.04013486206531525, 0.04076060652732849, 0.03964848816394806, 0.03957696259021759], "leffingwell": [0.09681786596775055, 0.04479964077472687, 0.038488272577524185, 0.03588418662548065, 0.03477120399475098, 0.03338530659675598, 0.032866958528757095, 0.03233246132731438, 0.03181258216500282, 0.03136613219976425, 0.030842307955026627, 0.030642680823802948, 0.030051175504922867, 0.029820328578352928, 0.029516354203224182, 0.0299298707395792, 0.02906857803463936, 0.029209977015852928, 0.028953690081834793, 0.028563888743519783, 0.02789151482284069, 0.027858439832925797, 0.027449162676930428, 0.027220914140343666, 0.027423562481999397, 0.027109824120998383, 0.02681672014296055, 0.026829488575458527, 0.02661311626434326, 0.026212168857455254], "sigma_2014": [0.17055845260620117, 0.07977581024169922, 0.06501447409391403, 0.0573163740336895, 0.05430332198739052, 0.050618793815374374, 0.049794938415288925, 0.04895989969372749, 0.048094261437654495, 0.04719724878668785, 0.0465201772749424, 0.04692046716809273, 0.0454338937997818, 0.044921498745679855, 0.044288888573646545, 0.044828206300735474, 0.04421941936016083, 0.04387624189257622, 0.044310130178928375, 0.04356098920106888, 0.04277811571955681, 0.04254012554883957, 0.04257991909980774, 0.04178968816995621, 0.0417490154504776, 0.041368067264556885, 0.04086536914110184, 0.041096270084381104, 0.04072001948952675, 0.04038797691464424]}, "val": {}}