{"train": {"dream_mean": [0.2964152693748474, 0.18231123685836792, 0.1566941887140274, 0.14233265817165375, 0.1317855715751648, 0.1222665086388588, 0.1146998479962349, 0.11335983872413635, 0.11098881810903549, 0.10994569212198257, 0.10570091754198074, 0.10208044201135635, 0.10193010419607162, 0.09736858308315277, 0.09716286510229111, 0.0949530079960823, 0.08899642527103424, 0.08665628731250763, 0.0859392061829567, 0.08533203601837158, 0.08827312290668488, 0.08321159332990646, 0.0789690762758255, 0.08147425949573517, 0.07975830137729645], "dream_std": [0.32441553473472595, 0.21378719806671143, 0.191969096660614, 0.17784221470355988, 0.16767160594463348, 0.15925757586956024, 0.15087850391864777, 0.15132750570774078, 0.1490745097398758, 0.1487128883600235, 0.1421188861131668, 0.14049185812473297, 0.1409950852394104, 0.13547492027282715, 0.13646353781223297, 0.13510443270206451, 0.12872932851314545, 0.12636108696460724, 0.12606772780418396, 0.12507763504981995, 0.12892238795757294, 0.12286743521690369, 0.11853775382041931, 0.12107212096452713, 0.11947820335626602], "arctander": [0.424789696931839, 0.4035971164703369, 0.39039504528045654, 0.38218027353286743, 0.3764931261539459, 0.37544673681259155, 0.3793197274208069, 0.37478765845298767, 0.3747265040874481, 0.3707040548324585, 0.38139209151268005, 0.37846359610557556, 0.37634363770484924, 0.3800467550754547, 0.3819764256477356, 0.3878198564052582, 0.3919849991798401, 0.393649697303772, 0.3971693515777588, 0.39254894852638245, 0.3909657895565033, 0.3999755382537842, 0.40012502670288086, 0.39949312806129456, 0.39554542303085327], "ifra_2019": [0.3824176490306854, 0.36842846870422363, 0.3585570752620697, 0.3529444932937622, 0.3520137667655945, 0.3475857377052307, 0.3520701825618744, 0.3506881892681122, 0.3493625819683075, 0.34719088673591614, 0.3489959239959717, 0.348657488822937, 0.35184454917907715, 0.35252144932746887, 0.35491877794265747, 0.35632896423339844, 0.3629004955291748, 0.36583369970321655, 0.36904895305633545, 0.36899256706237793, 0.3760717511177063, 0.37466156482696533, 0.37968185544013977, 0.3745487332344055, 0.37660762667655945], "leffingwell": [0.4259226322174072, 0.41590139269828796, 0.4136512577533722, 0.41519778966903687, 0.4171525537967682, 0.42422962188720703, 0.4255816340446472, 0.4285498261451721, 0.4264245331287384, 0.4275820255279541, 0.43116259574890137, 0.43675553798675537, 0.43561485409736633, 0.44225966930389404, 0.4400791525840759, 0.44437533617019653, 0.445011705160141, 0.44449782371520996, 0.44910138845443726, 0.4464621841907501, 0.444279283285141, 0.44853705167770386, 0.4487723708152771, 0.4491085708141327, 0.44508376717567444], "sigma_2014": [0.403889924287796, 0.3706341087818146, 0.35321900248527527, 0.33706340193748474, 0.3270600140094757, 0.3220462203025818, 0.3147071599960327, 0.31264835596084595, 0.3032504916191101, 0.30736812949180603, 0.3049217760562897, 0.3138594329357147, 0.2976311445236206, 0.3046553432941437, 0.30012595653533936, 0.3038560152053833, 0.31395629048347473, 0.3168144226074219, 0.32458946108818054, 0.31819501519203186, 0.3154338002204895, 0.3204960525035858, 0.33175894618034363, 0.31974518299102783, 0.31901854276657104]}, "val": {"dream_mean": [0.0, 0.0, 0.0, 0.0, 0.0, 0.0, 0.0, 0.0, 0.0, 0.0, 0.0, 0.0, 0.0, 0.0, 0.0, 0.0, 0.0, 0.0, 0.0, 0.0, 0.0, 0.0, 0.0, 0.0, 0.0], "dream_std": [0.0, 0.0, 0.0, 0.0, 0.0, 0.0, 0.0, 0.0, 0.0, 0.0, 0.0, 0.0, 0.0, 0.0, 0.0, 0.0, 0.0, 0.0, 0.0, 0.0, 0.0, 0.0, 0.0, 0.0, 0.0], "arctander": [0.0, 0.0, 0.0, 0.0, 0.0, 0.0, 0.0, 0.0, 0.0, 0.0, 0.0, 0.0, 0.0, 0.0, 0.0, 0.0, 0.0, 0.0, 0.0, 0.0, 0.0, 0.0, 0.0, 0.0, 0.0], "ifra_2019": [0.0, 0.0, 0.0, 0.0, 0.0, 0.0, 0.0, 0.0, 0.0, 0.0, 0.0, 0.0, 0.0, 0.0, 0.0, 0.0, 0.0, 0.0, 0.0, 0.0, 0.0, 0.0, 0.0, 0.0, 0.0], "leffingwell": [0.0, 0.0, 0.0, 0.0, 0.0, 0.0, 0.0, 0.0, 0.0, 0.0, 0.0, 0.0, 0.0, 0.0, 0.0, 0.0, 0.0, 0.0, 0.0, 0.0, 0.0, 0.0, 0.0, 0.0, 0.0], "sigma_2014": [0.0, 0.0, 0.0, 0.0, 0.0, 0.0, 0.0, 0.0, 0.0, 0.0, 0.0, 0.0, 0.0, 0.0, 0.0, 0.0, 0.0, 0.0, 0.0, 0.0, 0.0, 0.0, 0.0, 0.0, 0.0]}}