{
    "Alpha": 1.5,
    "Batchsize": 32,
    "Beta": 0.8,
    "D_H": 208,
    "D_Shared_first": 752,
    "D_Shared_intermediate": 496,
    "D_Shared_last": 320,
    "Epochs": 25,
    "L2_factor": 0.0001,
    "LearningRate": 0.0007400000000000001,
    "N_H": 1,
    "N_Shared": 1,
    "P_Dropout_head": 0.15,
    "P_Dropout_shared": 0.2,
    "START_TIME": "2023-08-11T12:26:46.662243",
    "Seed": 2858895259,
    "WeightDecay": 1e-06,
    "objective_value": 0.024770397326140003
}