{"train": {"dream_mean": [0.16495917737483978, 0.056054387241601944, 0.04527796059846878, 0.04117662459611893, 0.03944232687354088, 0.03616466373205185, 0.03506779670715332, 0.0387045256793499, 0.03877255693078041, 0.039999671280384064, 0.03810058534145355, 0.03739418461918831, 0.03912339359521866, 0.03728872910141945, 0.0386635884642601, 0.03897314518690109, 0.03374479338526726, 0.036301225423812866, 0.03521682322025299, 0.036569006741046906, 0.042344436049461365, 0.035622160881757736, 0.03364282101392746, 0.03864319995045662, 0.036264050751924515], "dream_std": [0.18677918612957, 0.07152970880270004, 0.05815446004271507, 0.05031539872288704, 0.04715263843536377, 0.04346037283539772, 0.04053538665175438, 0.04364697262644768, 0.04329206049442291, 0.04403573274612427, 0.04113725945353508, 0.04159410297870636, 0.04327712208032608, 0.04038698598742485, 0.04194876179099083, 0.04254418984055519, 0.03801020234823227, 0.039811328053474426, 0.03836126998066902, 0.03875654935836792, 0.0430702343583107, 0.03806835412979126, 0.03614983707666397, 0.03959958255290985, 0.03801865130662918], "arctander": [0.11826297640800476, 0.05985111743211746, 0.050112586468458176, 0.045623645186424255, 0.04282579943537712, 0.04089556261897087, 0.039443694055080414, 0.03877036273479462, 0.038202837109565735, 0.03809055685997009, 0.03688341751694679, 0.036536578088998795, 0.03617482632398605, 0.035568717867136, 0.03578028455376625, 0.03470846265554428, 0.033907096832990646, 0.033582959324121475, 0.0331212654709816, 0.033346906304359436, 0.03332057222723961, 0.032475754618644714, 0.031889259815216064, 0.03168410435318947, 0.031525466591119766], "ifra_2019": [0.1846451610326767, 0.08672600984573364, 0.07240669429302216, 0.0632864460349083, 0.05870233103632927, 0.05482800304889679, 0.05181092396378517, 0.05040941759943962, 0.050694309175014496, 0.04904823750257492, 0.04806652292609215, 0.048259563744068146, 0.048122838139534, 0.04594197869300842, 0.04611232876777649, 0.044577840715646744, 0.04324443265795708, 0.04361673444509506, 0.041477736085653305, 0.04223601520061493, 0.04274558648467064, 0.04114948585629463, 0.03970766067504883, 0.040312349796295166, 0.03984171152114868], "leffingwell": [0.09045524895191193, 0.0446801632642746, 0.03830200061202049, 0.035396650433540344, 0.03395327180624008, 0.0327359102666378, 0.03204704821109772, 0.03162593021988869, 0.031225912272930145, 0.0310817938297987, 0.03029000759124756, 0.030277017503976822, 0.029761984944343567, 0.0293805580586195, 0.029532602056860924, 0.028837144374847412, 0.028352797031402588, 0.02803623490035534, 0.02759002335369587, 0.027700209990143776, 0.027654368430376053, 0.027088897302746773, 0.026514971628785133, 0.026604952290654182, 0.02640838734805584], "sigma_2014": [0.1709163933992386, 0.08195444196462631, 0.06761690974235535, 0.06080034747719765, 0.05713965743780136, 0.05339670181274414, 0.051326438784599304, 0.050667740404605865, 0.04927755519747734, 0.04874281957745552, 0.04749801754951477, 0.047365594655275345, 0.04687052220106125, 0.04635060951113701, 0.046187497675418854, 0.04555182158946991, 0.04460577294230461, 0.0444522425532341, 0.04384265094995499, 0.04340671747922897, 0.043667472898960114, 0.042649608105421066, 0.04197884723544121, 0.04201486334204674, 0.04143795743584633]}, "val": {"dream_mean": [0.0, 0.0, 0.0, 0.0, 0.0, 0.0, 0.0, 0.0, 0.0, 0.0, 0.0, 0.0, 0.0, 0.0, 0.0, 0.0, 0.0, 0.0, 0.0, 0.0, 0.0, 0.0, 0.0, 0.0, 0.0], "dream_std": [0.0, 0.0, 0.0, 0.0, 0.0, 0.0, 0.0, 0.0, 0.0, 0.0, 0.0, 0.0, 0.0, 0.0, 0.0, 0.0, 0.0, 0.0, 0.0, 0.0, 0.0, 0.0, 0.0, 0.0, 0.0], "arctander": [0.0, 0.0, 0.0, 0.0, 0.0, 0.0, 0.0, 0.0, 0.0, 0.0, 0.0, 0.0, 0.0, 0.0, 0.0, 0.0, 0.0, 0.0, 0.0, 0.0, 0.0, 0.0, 0.0, 0.0, 0.0], "ifra_2019": [0.0, 0.0, 0.0, 0.0, 0.0, 0.0, 0.0, 0.0, 0.0, 0.0, 0.0, 0.0, 0.0, 0.0, 0.0, 0.0, 0.0, 0.0, 0.0, 0.0, 0.0, 0.0, 0.0, 0.0, 0.0], "leffingwell": [0.0, 0.0, 0.0, 0.0, 0.0, 0.0, 0.0, 0.0, 0.0, 0.0, 0.0, 0.0, 0.0, 0.0, 0.0, 0.0, 0.0, 0.0, 0.0, 0.0, 0.0, 0.0, 0.0, 0.0, 0.0], "sigma_2014": [0.0, 0.0, 0.0, 0.0, 0.0, 0.0, 0.0, 0.0, 0.0, 0.0, 0.0, 0.0, 0.0, 0.0, 0.0, 0.0, 0.0, 0.0, 0.0, 0.0, 0.0, 0.0, 0.0, 0.0, 0.0]}}