{"lambda_history": {"dream_mean": [1.0010350980885088, 1.0664886220244503, 1.1541101884608223, 1.2480028023970813, 1.3440857304689602, 1.475811836885498, 1.6237992022034957, 1.705524374793938, 1.7846138362743469, 1.8413913895405618, 1.9179365812694222, 2.01638991593088, 2.075876207827733, 2.164257377045079, 2.231628048635892, 2.2743799092836965, 2.4488408718057793, 2.551565935613148, 2.6771400858537273, 2.7746794520336664, 2.723920818894811, 2.829420870081345, 2.995314752596493, 2.998677585511388, 3.0702072631293076], "dream_std": [0.9892319268117213, 0.9979784191689864, 1.0155905558610097, 1.0478794126573523, 1.0840469341982726, 1.1329076374597493, 1.1998980190484843, 1.2336082150780854, 1.2670269577642852, 1.2914222159634954, 1.3345791861407943, 1.3724178658039772, 1.388640856370991, 1.4288117275328873, 1.4540024252653467, 1.4612141869422586, 1.5128663988546502, 1.5390503528005002, 1.5754784548788663, 1.6110865178689333, 1.5953628785957183, 1.6280017435420082, 1.6799848988814094, 1.6831820216515605, 1.7037431177332296], "arctander": [1.0409288618710815, 1.023259755689403, 1.0075534556071652, 0.99214670188449, 0.9797706707455589, 0.9673157285392143, 0.9562332464403459, 0.9487047646196286, 0.9426403915637482, 0.9367206506957888, 0.9317433813385776, 0.9286097142676932, 0.9266014091208654, 0.9234908948354874, 0.9209869006101369, 0.9204493980117424, 0.9180998638622766, 0.9178496602525312, 0.9160955416131458, 0.9144327611366735, 0.9160543503499073, 0.914933092997573, 0.9125642131776974, 0.9143054567185573, 0.9143006649424075], "ifra_2019": [0.9902632193199862, 0.957038763046851, 0.9281762275423259, 0.9080797691087907, 0.8932903212119288, 0.8827723385763183, 0.8770728354405709, 0.8760854535451009, 0.8722853803963521, 0.8740732716235695, 0.8739660720517752, 0.8727247643596674, 0.8710809101128769, 0.8739642535206903, 0.8774662525269568, 0.8831638806510532, 0.8881204099163766, 0.8909933325005616, 0.8997817933627396, 0.9056116539868062, 0.9116600174507599, 0.9173065012933096, 0.9251045458428127, 0.9319642818580776, 0.9382181346299112], "leffingwell": [1.0842531733623004, 1.101081868389623, 1.1109022564869169, 1.1144931276416143, 1.1140439701264149, 1.1093640287342863, 1.101237018754419, 1.0961528881292393, 1.0920136522150776, 1.0881628712262272, 1.0834020086939031, 1.0783709169719873, 1.0768366336579795, 1.0725673977083363, 1.0692428855902896, 1.0666537475814557, 1.0600037292139215, 1.056648157448891, 1.0520616997450278, 1.0484114324307519, 1.0493196215902452, 1.0453969975942738, 1.0407966236900288, 1.0388849807233385, 1.035632057382755], "sigma_2014": [0.9975135640016431, 0.9652507383679568, 0.9391485300286637, 0.9169839017673507, 0.8981924429113672, 0.8839206414877, 0.8718636387204477, 0.8623498730162962, 0.8565530655171318, 0.8523552406610904, 0.8478866150759626, 0.8438979013953786, 0.8410585225666686, 0.8365641503895241, 0.8342855204018684, 0.8309374564593819, 0.8261177308594625, 0.8222283165060588, 0.8175682034611238, 0.815853553385535, 0.8156157145946642, 0.8131169935394957, 0.8095155189298914, 0.8080117508538429, 0.8067869402334019]}, "lambda_history_scaled": {"dream_mean": [732.7576918007884, 780.6696713218976, 844.8086579533219, 913.5380513546635, 983.8707547032789, 1080.2942646001845, 1188.6210160129588, 1248.4438423491627, 1306.337328152822, 1347.8984971436912, 1403.929577489217, 1475.997418461404, 1519.5413841299005, 1584.2363999969978, 1633.551731601473, 1664.846093595666, 1792.5515181618305, 1867.7462648688243, 1959.6665428449285, 2031.065358888644, 1993.9100394310017, 2071.1360768995446, 2192.570398900633, 2195.031992594336, 2247.391716610653], "dream_std": [724.1177704261801, 730.520202831698, 743.4122868902591, 767.0477300651819, 793.5223558331355, 829.2883906205365, 878.3253499434904, 903.0012134371585, 927.4637330834568, 945.3210620852786, 976.9119642550614, 1004.6098777685113, 1016.4851068635655, 1045.8901845540736, 1064.3297752942337, 1069.6087848417333, 1107.418203961604, 1126.5848582499661, 1153.2502289713302, 1179.3153310800592, 1167.8056271320659, 1191.69727627275, 1229.7489459811918, 1232.0892398489423, 1247.139962180724], "arctander": [2687.678321351132, 2642.0566891900385, 2601.5030223777007, 2561.722784265753, 2529.767871865033, 2497.6092110882514, 2468.9942423089733, 2449.555702247881, 2433.897491017598, 2418.6127200965266, 2405.7614106162073, 2397.670282239184, 2392.4848383500744, 2384.4534904652287, 2377.9881773753737, 2376.600345666319, 2370.533848492398, 2369.8878227720356, 2365.3586884451424, 2361.0653892548908, 2365.2523326034607, 2362.357246119733, 2356.240798424815, 2360.736689247315, 2360.724316881296], "ifra_2019": [1097.2116470065446, 1060.398949455911, 1028.419260116897, 1006.1523841725401, 989.7656759028171, 978.1117511425607, 971.7967016681525, 970.7026825279718, 966.4922014791581, 968.473184958915, 968.354407833367, 966.9790389105115, 965.1576484050677, 968.3523929009249, 972.2326077998681, 978.545579761367, 984.0374141873453, 987.2206124106223, 996.9582270459155, 1003.4177126173813, 1010.119299335442, 1016.3756034329871, 1025.0158367938363, 1032.61642429875, 1039.5456931699416], "leffingwell": [4031.253298561033, 4093.8223866726184, 4130.334589618357, 4143.685448571522, 4142.01548093001, 4124.615458834077, 4094.3992357289294, 4075.4964380645115, 4060.1067589356585, 4045.789555219113, 4028.088668323932, 4009.3830693018485, 4003.678603940368, 3987.8055846795946, 3975.4450486246965, 3965.818633507852, 3941.09386521736, 3928.617849394977, 3911.5653996520136, 3897.9937057775355, 3901.3703530725315, 3886.78603705551, 3869.6818468795273, 3862.5743583293724, 3850.4799893490836], "sigma_2014": [980.5558334136152, 948.8414758157015, 923.1830050181765, 901.3951754373057, 882.923171381874, 868.8939905824091, 857.0419568622001, 847.6899251750191, 841.9916634033406, 837.8652015698518, 833.4725426196712, 829.5516370716572, 826.7605276830352, 822.3425598329022, 820.1026665550366, 816.8115196995724, 812.0737294348517, 808.2504351254557, 803.6695440022847, 801.984042977981, 801.7502474465549, 799.2940046493243, 795.7537551080832, 794.2755510893276, 793.0715622494341]}, "l_hat": [0.16666666666666666, 0.05993928218072348, 0.05014755027902605, 0.045283133742214765, 0.04276128456351844, 0.04046964678650638, 0.038984928117192744, 0.03892761089969928, 0.03850006073342853, 0.03832424980380825, 0.037118375778409936, 0.0370125619890211, 0.036912173216473575, 0.03596147431570041, 0.03629527346947846, 0.035583371967304066, 0.03422128731098531, 0.03436714436070742, 0.03358829385742266, 0.03386054875802595, 0.034669044519335654, 0.033082554102669755, 0.032193836016379186, 0.03287326038443214, 0.03235293813597909], "r": {"dream_mean": [1.0, 0.7468875682671183, 0.6722964516887473, 0.621016149365871, 0.5796175097222994, 0.5175575723025743, 0.4717041839792879, 0.47576355682621607, 0.45815829183132334, 0.45352529907440053, 0.4305665950274321, 0.406403090950869, 0.40744818733547195, 0.3850972676026846, 0.3803334568089648, 0.38044952045061864, 0.33233155172313966, 0.3330795169784059, 0.31640464298682675, 0.3113532933939059, 0.3449179249034673, 0.3053944524046389, 0.2841475113132959, 0.3060543238672835, 0.2900011805159602], "dream_std": [1.0, 0.8517874995978291, 0.8149670866363871, 0.7616048385570796, 0.7288484315915266, 0.6810744241472557, 0.6273068882143019, 0.6412384265826941, 0.6246374899111243, 0.6210931329135798, 0.5854231591109416, 0.573749864491725, 0.5848310216624109, 0.5506730406315952, 0.5520309420847007, 0.562958689988014, 0.5145909182935356, 0.5222053263044527, 0.5046469085774816, 0.49521299733785673, 0.533627993966683, 0.4921392279346539, 0.4686498543130992, 0.49385691163945405, 0.4783732115211394],