{"train": {"dream_mean": [0.31904494762420654, 0.1868802309036255, 0.15818502008914948, 0.14436636865139008, 0.13360755145549774, 0.1276359111070633, 0.12321482598781586, 0.12154068052768707, 0.11551664769649506, 0.11184926331043243, 0.10854482650756836, 0.1054924950003624, 0.09974584728479385, 0.09728140383958817, 0.09818173944950104, 0.10291512310504913, 0.09552780538797379, 0.09599786251783371, 0.09393353760242462, 0.08971288800239563, 0.08647464215755463, 0.08636661618947983, 0.0818745419383049, 0.08212357014417648, 0.08125100284814835, 0.08296900242567062, 0.08418039977550507, 0.08208972215652466, 0.07733115553855896, 0.07901521772146225], "dream_std": [0.34416669607162476, 0.22198937833309174, 0.19702184200286865, 0.18012134730815887, 0.17066781222820282, 0.16537204384803772, 0.16230468451976776, 0.15936364233493805, 0.15556290745735168, 0.14999908208847046, 0.145966574549675, 0.14498142898082733, 0.1396465003490448, 0.1363842636346817, 0.13705067336559296, 0.14290258288383484, 0.13463865220546722, 0.13470707833766937, 0.13305921852588654, 0.128426656126976, 0.1252843737602234, 0.12502320110797882, 0.1217159852385521, 0.12156819552183151, 0.11955467611551285, 0.12238024920225143, 0.12207294255495071, 0.12030968070030212, 0.11562860012054443, 0.11711645126342773], "arctander": [0.42710748314857483, 0.4000468850135803, 0.38237202167510986, 0.3692210018634796, 0.3682555556297302, 0.37169674038887024, 0.371848464012146, 0.3723036050796509, 0.3754965364933014, 0.36957961320877075, 0.3760620057582855, 0.3764895796775818, 0.37962043285369873, 0.38199272751808167, 0.3828754127025604, 0.37939974665641785, 0.37916529178619385, 0.38205477595329285, 0.3838960528373718, 0.38453051447868347, 0.38899922370910645, 0.3928403854370117, 0.39483338594436646, 0.3910611867904663, 0.39221975207328796, 0.3948816657066345, 0.3959505558013916, 0.38913026452064514, 0.3929852247238159, 0.3963436484336853], "ifra_2019": [0.38450711965560913, 0.3662109375, 0.35584214329719543, 0.35207951068878174, 0.3419979214668274, 0.34616267681121826, 0.34581801295280457, 0.34814453125, 0.3443244397640228, 0.34509995579719543, 0.3503848910331726, 0.35144761204719543, 0.3569910526275635, 0.3565314710140228, 0.35354435443878174, 0.35486558079719543, 0.3550666272640228, 0.36115577816963196, 0.3578526973724365, 0.3603515625, 0.3680204451084137, 0.3698299527168274, 0.3731904923915863, 0.36721622943878174, 0.3670438826084137, 0.3795955777168274, 0.38005515933036804, 0.37365004420280457, 0.37985408306121826, 0.3678768277168274], "leffingwell": [0.4280572533607483, 0.4134679138660431, 0.4105144739151001, 0.41089949011802673, 0.4146205484867096, 0.4167795777320862, 0.41974520683288574, 0.4188143312931061, 0.4278891086578369, 0.42922937870025635, 0.43149808049201965, 0.4328334629535675, 0.43361568450927734, 0.43719783425331116, 0.4330722689628601, 0.4342224597930908, 0.43780946731567383, 0.43820181488990784, 0.44090181589126587, 0.44046807289123535, 0.4461410343647003, 0.44672098755836487, 0.4441598653793335, 0.4453027546405792, 0.4465138614177704, 0.4464651346206665, 0.4454343318939209, 0.446591854095459, 0.447298526763916, 0.45277896523475647], "sigma_2014": [0.40644288063049316, 0.3615083694458008, 0.34540116786956787, 0.3241758346557617, 0.31120479106903076, 0.31138038635253906, 0.30395403504371643, 0.29886096715927124, 0.29861006140708923, 0.2975563108921051, 0.30330172181129456, 0.30159565806388855, 0.29966381192207336, 0.30530884861946106, 0.30480706691741943, 0.30172109603881836, 0.307341068983078, 0.30177128314971924, 0.30676400661468506, 0.3059360682964325, 0.30857041478157043, 0.32078880071640015, 0.31047719717025757, 0.3130362927913666, 0.3160720467567444, 0.3176526725292206, 0.3267850875854492, 0.3154699206352234, 0.3211400508880615, 0.31981033086776733]}, "val": {"DREAM": [1.6122684343680875, 2.213743418659764, 3.180977561731235, 4.232917651584969, 4.876517727250432, 5.8447183415684565, 6.336413287589721, 6.79550004086805, 7.044552498017082, 7.35605042953267, 7.638987221639262, 7.888341262519617, 8.194227014922921, 8.409643476151624, 8.647579885504193, 8.774174842636938, 8.893465130580449, 8.959633504652656, 9.044240572124176, 9.010172436825782, 9.108361247760692, 9.034583724797018, 9.06306404533506, 9.062711225325405, 9.114905636682222, 9.165957870125144, 9.185352332340527, 9.143507019688116, 9.12388121449408, 9.062776426671354]}}