{"lambda_history": {"dream_mean": [0.9858627499795352, 1.0603653515174627, 1.1697584372911958, 1.2835105753264453, 1.3983352280690058, 1.5117681775756746, 1.6126551520497316, 1.690399905568908, 1.786417740543034, 1.89550707349279, 1.9942493567563928, 2.083212863330049, 2.2819867010759176, 2.378339585028187, 2.452115822490488, 2.432370176347468, 2.5418992943471714, 2.595707975975887, 2.650455882534742, 2.7971123474211987, 2.987170411096952, 3.0113717545328793, 3.255088703016466, 3.3886292429261, 3.500646306593179, 3.40539811654488, 3.3779257831660847, 3.410841583477927, 3.623643676917369, 3.6463069816586575], "dream_std": [0.9782663323234695, 0.9781269954359421, 0.9967642219129556, 1.0369691197263027, 1.0909914092631599, 1.136410050501241, 1.1748874526019282, 1.212709504158307, 1.2480341964173123, 1.296855224237898, 1.3538642539987327, 1.3660715615886072, 1.4348510232942304, 1.484129699119109, 1.511768586541747, 1.5101288587677886, 1.556532637847919, 1.5832902180258643, 1.6094301078758473, 1.6577889600762465, 1.7090557273635534, 1.7225797923488702, 1.778988875097962, 1.8208493483002313, 1.8625981462380592, 1.8424110300890022, 1.8521079230673911, 1.869511883747765, 1.9323552029269826, 1.9513809134631936], "arctander": [1.0297545302808426, 1.0187066540313225, 1.0070922065740482, 0.994803710306561, 0.9848943072536122, 0.9751614670544505, 0.9686800866381999, 0.9617219908778007, 0.9562063689385334, 0.9509014278999934, 0.9456207226809774, 0.9435303928576924, 0.9388203070813383, 0.9379605969914534, 0.9367034235420839, 0.9382829189247107, 0.9360746914041973, 0.9357464717946175, 0.9354610798628309, 0.9325769526201579, 0.9301072819392133, 0.9310564375922356, 0.9311854602453042, 0.9287580475901656, 0.9285883265249838, 0.9311463260893401, 0.9300136345604193, 0.9293693111316763, 0.927926367268305, 0.9292835287077529], "ifra_2019": [0.9896726085964229, 0.9519388581356577, 0.9211506488227047, 0.8984058886869919, 0.8826713778814534, 0.8740003268129208, 0.8662178338611669, 0.8619174095216626, 0.8606359009157962, 0.8569106033648557, 0.8570948639836669, 0.8593130682064785, 0.8574968798135661, 0.8620657310624362, 0.868265814972855, 0.8707958731459449, 0.8744945539492257, 0.8796118869737726, 0.8788108516323978, 0.8849728430458961, 0.8914114478090333, 0.8993870417619729, 0.9048552770714213, 0.9086450323794819, 0.9139831779610318, 0.924337292999859, 0.9305694874127287, 0.9323073096421366, 0.931837585527245, 0.9329744572959655], "leffingwell": [1.0721445365488456, 1.0960247989043292, 1.109334787862062, 1.1139256683178205, 1.1123001103488577, 1.1081422160662213, 1.1040291579694979, 1.1010531637644592, 1.0963121097191992, 1.0922746772959142, 1.0879937405452356, 1.0858336556278743, 1.0805600212833708, 1.074101206267577, 1.068911528572859, 1.0674923945745667, 1.0630739891487568, 1.0594505182385223, 1.0593479886236026, 1.0561198792700108, 1.0522807464352915, 1.050329680523708, 1.0459417939849016, 1.0448272976318904, 1.0422512049315018, 1.0422301540409988, 1.042228645542459, 1.0427812917639199, 1.040233736309618, 1.0394854010920513], "sigma_2014": [0.9977182098687772, 0.9608462906857933, 0.9291564868928388, 0.9049912836357079, 0.8846341570588786, 0.8705070139916026, 0.859312318869601, 0.8511236215191313, 0.8436722613154155, 0.8379407211164532, 0.8320010491288348, 0.8256215281075262, 0.8209263633703603, 0.8167072291508592, 0.8153022269853496, 0.8166860467988161, 0.8140534124736188, 0.8123417340369223, 0.8099405036088559, 0.80557330194282, 0.8012940882269788, 0.7987902461637778, 0.7919615777770321, 0.7907622971496879, 0.7887211962505339, 0.7890392252111936, 0.7898918140170821, 0.7882820263084773, 0.7854954716223767, 0.7847785607152578]}, "lambda_history_scaled": {"dream_mean": [666.4432189861658, 716.8069776258047, 790.7567036088484, 867.653148920677, 945.2746141746479, 1021.955288041156, 1090.1548827856186, 1142.7103361645818, 1207.618392607091, 1281.362781681126, 1348.1125651673215, 1408.251895611113, 1542.6230099273203, 1607.7575594790546, 1657.63029600357, 1644.2822392108883, 1718.323922978688, 1754.6985917596996, 1791.7081765934856, 1890.8479468567305, 2019.3271979015394, 2035.6873060642265, 2200.439963239131, 2290.713368218044, 2366.436903256989, 2302.049126784339, 2283.4778294202733, 2305.7289104310785, 2449.5831255961416, 2464.9035196012524], "dream_std": [661.3080406506654, 661.2138489146969, 673.8126140131579, 700.9911249349806, 737.5101926618961, 768.213194138839, 794.2239179589035, 819.7916248110155, 843.671116778103, 876.674131584819, 915.2122357031433, 923.4643756338985, 969.9592917468998, 1003.2716766045178, 1021.9555645022209, 1020.8471085270251, 1052.2160631851932, 1070.3041873854843, 1087.9747529240728, 1120.6653370115428, 1155.321671697762, 1164.4639396278362, 1202.5964795662223, 1230.8941594509563, 1259.116346856928, 1245.4698563401655, 1252.0249559935564, 1263.790033413489, 1306.2721171786402, 1319.1334975011189], "arctander": [2619.6955250344636, 2591.5897278556845, 2562.0425735243784, 2530.780639019891, 2505.5711176531895, 2480.810772186522, 2464.3221404075807, 2446.620744793125, 2432.589002579629, 2419.0932325775834, 2405.6591185004067, 2400.341319429969, 2388.3588612149247, 2386.1717587462576, 2382.9735094910616, 2386.991745744464, 2381.374014932278, 2380.539024245507, 2379.8129871710416, 2372.4757674656817, 2366.1929252533587, 2368.607577234647, 2368.935810864054, 2362.760473069381, 2362.328702679559, 2368.8362535712813, 2365.9546863217065, 2364.3155275189847, 2360.644678330568, 2364.0972970325233], "ifra_2019": [1076.763798152908, 1035.7094776515955, 1002.2119059191027, 977.4656068914471, 960.3464591350214, 950.9123555724578, 942.4450032409496, 937.766141559569, 936.3718601963863, 932.318736460963, 932.5192120142295, 934.9326182086486, 932.9566052371599, 937.9275153959306, 944.6732066904663, 947.425909982788, 951.4500746967576, 957.0177330274646, 956.1462065760488, 962.8504532339349, 969.8556552162282, 978.5331014370265, 984.4825414537064, 988.6057952288763, 994.4136976216026, 1005.6789747838466, 1012.4596023050489, 1014.3503528906447, 1013.8392930536426, 1015.0762095380105], "leffingwell": [3928.33758191497, 4015.8348631854624, 4064.6026627265956, 4081.4236487164944, 4075.4676043182144, 4060.2330796666347, 4045.16283480024, 4034.2587920329784, 4016.887570011146, 4002.09441761223, 3986.409065357743, 3978.494514220531, 3959.1719179822708, 3935.5068197644023, 3916.491840690955, 3911.2921337212124, 3895.103096241045, 3881.8266988259456, 3881.45103031688, 3869.6232376453195, 3855.5566549389077, 3848.4079494388657, 3832.3307331606793, 3828.2472185232464, 3818.8084148690227, 3818.73128440622, 3818.72575726757, 3820.7506530230025, 3811.41640983844, 3808.674509601276], "sigma_2014": [946.8345811654696, 911.8431298608178, 881.769506061304, 858.8367281702868, 839.5178150488758, 826.1111562780309, 815.4873906072513, 807.7163168216556, 800.6449759883293, 795.2057443395141, 789.5689956232642, 783.5148301740423, 779.0591188384719, 775.0551604641654, 773.7218134090967, 775.0350584120764, 772.5366884374642, 770.9123056010393, 768.6335379248043, 764.4890635437362, 760.4280897274028, 758.0519436094252, 751.5715373104035, 750.4334199950539, 748.4964152417567, 748.7982247254228, 749.6073315022109, 748.0796429667449, 745.4352025696354, 744.7548541187796]}, "l_hat": [0.16666666666666666, 0.05908453001806584, 0.04925763930217467, 0.04486846367732378, 0.04281868316940408, 0.04096128703261447, 0.040491914053462974, 0.04011953215220452, 0.03910553700250735, 0.03855936770535352, 0.0377874015008017, 0.03788775636056531, 0.03659290957928474, 0.03637080525866248, 0.036372356079895314, 0.0378496133472673, 0.03598134985394101, 0.03603635698819304, 0.03597148635115203, 0.03486258475517709, 0.03412094616572894, 0.03436519813719883, 0.033234734840460516, 0.033645289114822854, 0.03362025614143523, 0.03389069171577949, 0.03398732749173278, 0.033653663997120616, 0.03274147782847014, 0.03306996158815317],