{"train": {"dream_mean": [0.19410823285579681, 0.05823785439133644, 0.04624370113015175, 0.04303590580821037, 0.04210745915770531, 0.04130687937140465, 0.042300984263420105, 0.04379270598292351, 0.042247697710990906, 0.04165524244308472, 0.04186157509684563, 0.042740434408187866, 0.038248736411333084, 0.04209841415286064, 0.04322250559926033, 0.04904726520180702, 0.041807129979133606, 0.044065576046705246, 0.044069986790418625, 0.0402957946062088, 0.03896978124976158, 0.04412512853741646, 0.03765295818448067, 0.041133105754852295, 0.0419636145234108, 0.048147860914468765, 0.04598304256796837, 0.04375172406435013, 0.03888821601867676, 0.04377783089876175], "dream_std": [0.21294809877872467, 0.07688358426094055, 0.06008603051304817, 0.051481857895851135, 0.04775094613432884, 0.0469706691801548, 0.04739345982670784, 0.047186143696308136, 0.04646233096718788, 0.044772084802389145, 0.04347599670290947, 0.047594211995601654, 0.041772302240133286, 0.04301978647708893, 0.044710222631692886, 0.0488174706697464, 0.04306313768029213, 0.04452425613999367, 0.04451272636651993, 0.04200690612196922, 0.041166722774505615, 0.04360527917742729, 0.0400790311396122, 0.04136092960834503, 0.041440993547439575, 0.04513908922672272, 0.04346444830298424, 0.04267733544111252, 0.03956924378871918, 0.0420166552066803], "arctander": [0.12844766676425934, 0.058278437703847885, 0.04903426393866539, 0.04510235786437988, 0.04286768287420273, 0.04115378111600876, 0.040219783782958984, 0.04001110792160034, 0.038886796683073044, 0.03841455280780792, 0.037712935358285904, 0.037209752947092056, 0.036612335592508316, 0.03566502779722214, 0.035666704177856445, 0.03643612936139107, 0.035487934947013855, 0.03515166789293289, 0.03503621742129326, 0.034512147307395935, 0.03375845029950142, 0.03324553370475769, 0.03250377997756004, 0.033126696944236755, 0.03274776041507721, 0.03227407485246658, 0.03299880772829056, 0.03265984728932381, 0.03210220858454704, 0.03178216516971588], "ifra_2019": [0.18586128950119019, 0.08504986763000488, 0.06980337202548981, 0.06181962415575981, 0.05740540474653244, 0.05319065600633621, 0.05253580957651138, 0.05122453346848488, 0.04927694424986839, 0.049342136830091476, 0.047419652342796326, 0.04688706621527672, 0.04652881249785423, 0.04456757381558418, 0.04406658187508583, 0.04632606729865074, 0.04409778490662575, 0.043678250163793564, 0.044770289212465286, 0.04213235154747963, 0.041147906333208084, 0.04078470170497894, 0.04012054204940796, 0.04067930951714516, 0.04029049351811409, 0.039299242198467255, 0.04016951844096184, 0.04056121036410332, 0.040092676877975464, 0.03990044444799423], "leffingwell": [0.09681786596775055, 0.04343362897634506, 0.037478093057870865, 0.03516078367829323, 0.034306470304727554, 0.03315175697207451, 0.03279322758316994, 0.032395798712968826, 0.03182682394981384, 0.03136890009045601, 0.030796246603131294, 0.030578073114156723, 0.03004121035337448, 0.02988355979323387, 0.029718833044171333, 0.030351554974913597, 0.029391709715127945, 0.029277607798576355, 0.02884116768836975, 0.02838604710996151, 0.027870580554008484, 0.027682986110448837, 0.027216963469982147, 0.02711530402302742, 0.02721133828163147, 0.026903914287686348, 0.027075044810771942, 0.026796139776706696, 0.026530202478170395, 0.026425732299685478], "sigma_2014": [0.17055845260620117, 0.07982794940471649, 0.06621464341878891, 0.05888237804174423, 0.05582217872142792, 0.05204969272017479, 0.05093253776431084, 0.04984898865222931, 0.048654425889253616, 0.047716397792100906, 0.04698183014988899, 0.04723896458745003, 0.04557619243860245, 0.04509589076042175, 0.044312577694654465, 0.04508093371987343, 0.044246356934309006, 0.043976034969091415, 0.044067639857530594, 0.043513406068086624, 0.04269569739699364, 0.04227207228541374, 0.04251128062605858, 0.04135299474000931, 0.04154202342033386, 0.0408305861055851, 0.04094152897596359, 0.04125380888581276, 0.040766287595033646, 0.04034347087144852]}, "val": {}}