{"train": {"dream_mean": [0.29747864603996277, 0.18480895459651947, 0.159322589635849, 0.14493343234062195, 0.13313157856464386, 0.12632833421230316, 0.12173525243997574, 0.11640959233045578, 0.10967852920293808, 0.10568412393331528, 0.10572875291109085, 0.1025180071592331, 0.105062335729599, 0.09786178171634674, 0.0936315581202507, 0.09968119859695435, 0.09493379294872284, 0.08941728621721268, 0.08845687657594681, 0.08573513478040695, 0.08559125661849976, 0.0826450064778328, 0.08285336941480637, 0.07914717495441437, 0.07610438019037247], "dream_std": [0.3421907126903534, 0.21551017463207245, 0.1944519579410553, 0.18101732432842255, 0.16864818334579468, 0.162271648645401, 0.15961742401123047, 0.15242235362529755, 0.14498957991600037, 0.14442399144172668, 0.14454196393489838, 0.14135633409023285, 0.14276179671287537, 0.1352468878030777, 0.13002969324588776, 0.13959023356437683, 0.13410399854183197, 0.12840525805950165, 0.127898171544075, 0.12489721924066544, 0.1240137368440628, 0.12183217704296112, 0.12191369384527206, 0.1175471842288971, 0.11561263352632523], "arctander": [0.4297635853290558, 0.40469416975975037, 0.38969722390174866, 0.3809862434864044, 0.3741786777973175, 0.3747815489768982, 0.3727697730064392, 0.37529635429382324, 0.3750457167625427, 0.37757909297943115, 0.3746122121810913, 0.37267494201660156, 0.3775045573711395, 0.38305899500846863, 0.3844069540500641, 0.3798753619194031, 0.37697622179985046, 0.3826458156108856, 0.38784122467041016, 0.3875567317008972, 0.3951432704925537, 0.39317888021469116, 0.39666056632995605, 0.3975953459739685, 0.39749372005462646], "ifra_2019": [0.3857544958591461, 0.3664695918560028, 0.35706645250320435, 0.3500281572341919, 0.3472691476345062, 0.3447072207927704, 0.3463400900363922, 0.3464527130126953, 0.34405967593193054, 0.35219594836235046, 0.3469313085079193, 0.3509853482246399, 0.35326576232910156, 0.3541385233402252, 0.35729166865348816, 0.3540259003639221, 0.3518018126487732, 0.35802364349365234, 0.3669481873512268, 0.36264076828956604, 0.3674549460411072, 0.3732545077800751, 0.3718186914920807, 0.3776182532310486, 0.38130632042884827], "leffingwell": [0.4280172884464264, 0.4153273105621338, 0.41408950090408325, 0.41147953271865845, 0.4137032628059387, 0.41598939895629883, 0.41973400115966797, 0.4215259552001953, 0.42348822951316833, 0.4270649552345276, 0.42780858278274536, 0.4294038414955139, 0.431277334690094, 0.4326111078262329, 0.43550413846969604, 0.43410560488700867, 0.43493083119392395, 0.44004759192466736, 0.4402898848056793, 0.4397021532058716, 0.44295740127563477, 0.4436458945274353, 0.4396013915538788, 0.44260719418525696, 0.44275590777397156], "sigma_2014": [0.40080565214157104, 0.36783677339553833, 0.34709635376930237, 0.3319666087627411, 0.32120078802108765, 0.31230518221855164, 0.3113940358161926, 0.30513596534729004, 0.30429673194885254, 0.30439266562461853, 0.3102191388607025, 0.29710352420806885, 0.29957321286201477, 0.3031218647956848, 0.30686232447624207, 0.3019949197769165, 0.2950175106525421, 0.30683833360671997, 0.31288063526153564, 0.3117297291755676, 0.319042831659317, 0.32127273082733154, 0.3254447877407074, 0.32858580350875854, 0.32980865240097046]}, "val": {"dream_mean": [0.0, 0.0, 0.0, 0.0, 0.0, 0.0, 0.0, 0.0, 0.0, 0.0, 0.0, 0.0, 0.0, 0.0, 0.0, 0.0, 0.0, 0.0, 0.0, 0.0, 0.0, 0.0, 0.0, 0.0, 0.0], "dream_std": [0.0, 0.0, 0.0, 0.0, 0.0, 0.0, 0.0, 0.0, 0.0, 0.0, 0.0, 0.0, 0.0, 0.0, 0.0, 0.0, 0.0, 0.0, 0.0, 0.0, 0.0, 0.0, 0.0, 0.0, 0.0], "arctander": [0.0, 0.0, 0.0, 0.0, 0.0, 0.0, 0.0, 0.0, 0.0, 0.0, 0.0, 0.0, 0.0, 0.0, 0.0, 0.0, 0.0, 0.0, 0.0, 0.0, 0.0, 0.0, 0.0, 0.0, 0.0], "ifra_2019": [0.0, 0.0, 0.0, 0.0, 0.0, 0.0, 0.0, 0.0, 0.0, 0.0, 0.0, 0.0, 0.0, 0.0, 0.0, 0.0, 0.0, 0.0, 0.0, 0.0, 0.0, 0.0, 0.0, 0.0, 0.0], "leffingwell": [0.0, 0.0, 0.0, 0.0, 0.0, 0.0, 0.0, 0.0, 0.0, 0.0, 0.0, 0.0, 0.0, 0.0, 0.0, 0.0, 0.0, 0.0, 0.0, 0.0, 0.0, 0.0, 0.0, 0.0, 0.0], "sigma_2014": [0.0, 0.0, 0.0, 0.0, 0.0, 0.0, 0.0, 0.0, 0.0, 0.0, 0.0, 0.0, 0.0, 0.0, 0.0, 0.0, 0.0, 0.0, 0.0, 0.0, 0.0, 0.0, 0.0, 0.0, 0.0]}}