{"train": {"dream_mean": [0.16468803584575653, 0.057498201727867126, 0.04529739171266556, 0.04127858206629753, 0.037731509655714035, 0.03741678595542908, 0.037483006715774536, 0.03757818415760994, 0.03526260331273079, 0.0350603349506855, 0.03795138746500015, 0.03657730296254158, 0.04090115800499916, 0.0368000827729702, 0.03387608006596565, 0.04279840365052223, 0.0370776429772377, 0.0342012420296669, 0.034496426582336426, 0.03478943556547165, 0.03633794188499451, 0.03550253435969353, 0.03525979071855545, 0.033036161214113235, 0.03251316398382187], "dream_std": [0.21410709619522095, 0.07229650020599365, 0.05957731604576111, 0.05338587611913681, 0.047384507954120636, 0.046807173639535904, 0.04687804356217384, 0.044803936034440994, 0.04189842939376831, 0.044782400131225586, 0.04620136320590973, 0.043822258710861206, 0.04701964557170868, 0.04384644329547882, 0.03985247388482094, 0.04933343827724457, 0.04417743161320686, 0.04071270301938057, 0.042441226541996, 0.0407327376306057, 0.0416221022605896, 0.0411873497068882, 0.04064731299877167, 0.03843368589878082, 0.038387980312108994], "arctander": [0.12276224792003632, 0.05963299050927162, 0.05042228102684021, 0.045771367847919464, 0.04327259585261345, 0.04117439314723015, 0.04008546099066734, 0.03896143659949303, 0.038090478628873825, 0.03721839189529419, 0.037046026438474655, 0.03680550679564476, 0.03651236742734909, 0.035745635628700256, 0.03498809039592743, 0.035493552684783936, 0.03506891429424286, 0.03427555412054062, 0.03379271924495697, 0.03313964977860451, 0.032615289092063904, 0.03244847431778908, 0.03240559250116348, 0.03150356560945511, 0.030835676938295364], "ifra_2019": [0.19415907561779022, 0.08743321150541306, 0.07293744385242462, 0.064521923661232, 0.05933554098010063, 0.055977754294872284, 0.05436668545007706, 0.05060574784874916, 0.049901824444532394, 0.048416558653116226, 0.04767244681715965, 0.04838043823838234, 0.048937343060970306, 0.047593191266059875, 0.04529641196131706, 0.0465974397957325, 0.045778825879096985, 0.0438322089612484, 0.04306276515126228, 0.04273014888167381, 0.04196181893348694, 0.04118835926055908, 0.041332095861434937, 0.040843136608600616, 0.038965582847595215], "leffingwell": [0.0952669307589531, 0.044454239308834076, 0.03793827444314957, 0.03534719720482826, 0.03420228138566017, 0.033383939415216446, 0.03302543982863426, 0.03187187761068344, 0.031373221427202225, 0.030855339020490646, 0.03083997219800949, 0.030314156785607338, 0.03047952614724636, 0.02976486086845398, 0.029220521450042725, 0.029361378401517868, 0.029064521193504333, 0.02850150875747204, 0.028323573991656303, 0.028002897277474403, 0.027497529983520508, 0.0273472610861063, 0.027239250019192696, 0.026523662731051445, 0.026083480566740036], "sigma_2014": [0.17558462917804718, 0.0808674693107605, 0.0683051124215126, 0.061438869684934616, 0.056849051266908646, 0.05446457490324974, 0.05235924571752548, 0.050677590072155, 0.049364957958459854, 0.0484393872320652, 0.04815201088786125, 0.04760223627090454, 0.047613274306058884, 0.046284932643175125, 0.045938365161418915, 0.04560454189777374, 0.04552076384425163, 0.044631604105234146, 0.0441427119076252, 0.0435364730656147, 0.04321607947349548, 0.042899735271930695, 0.0424235500395298, 0.04160367324948311, 0.04126584902405739]}, "val": {"dream_mean": [0.0, 0.0, 0.0, 0.0, 0.0, 0.0, 0.0, 0.0, 0.0, 0.0, 0.0, 0.0, 0.0, 0.0, 0.0, 0.0, 0.0, 0.0, 0.0, 0.0, 0.0, 0.0, 0.0, 0.0, 0.0], "dream_std": [0.0, 0.0, 0.0, 0.0, 0.0, 0.0, 0.0, 0.0, 0.0, 0.0, 0.0, 0.0, 0.0, 0.0, 0.0, 0.0, 0.0, 0.0, 0.0, 0.0, 0.0, 0.0, 0.0, 0.0, 0.0], "arctander": [0.0, 0.0, 0.0, 0.0, 0.0, 0.0, 0.0, 0.0, 0.0, 0.0, 0.0, 0.0, 0.0, 0.0, 0.0, 0.0, 0.0, 0.0, 0.0, 0.0, 0.0, 0.0, 0.0, 0.0, 0.0], "ifra_2019": [0.0, 0.0, 0.0, 0.0, 0.0, 0.0, 0.0, 0.0, 0.0, 0.0, 0.0, 0.0, 0.0, 0.0, 0.0, 0.0, 0.0, 0.0, 0.0, 0.0, 0.0, 0.0, 0.0, 0.0, 0.0], "leffingwell": [0.0, 0.0, 0.0, 0.0, 0.0, 0.0, 0.0, 0.0, 0.0, 0.0, 0.0, 0.0, 0.0, 0.0, 0.0, 0.0, 0.0, 0.0, 0.0, 0.0, 0.0, 0.0, 0.0, 0.0, 0.0], "sigma_2014": [0.0, 0.0, 0.0, 0.0, 0.0, 0.0, 0.0, 0.0, 0.0, 0.0, 0.0, 0.0, 0.0, 0.0, 0.0, 0.0, 0.0, 0.0, 0.0, 0.0, 0.0, 0.0, 0.0, 0.0, 0.0]}}