{"lambda_history": {"dream_mean": [1.0012014417506099, 1.0466255399807598, 1.1211983888816013, 1.2011142843389757, 1.3053843396044214, 1.4033981553583914, 1.4974571272391861, 1.5736368360123367, 1.687805134820132, 1.8079836488480359, 1.8736737458728498, 1.9665682741306696, 1.9807707662474714, 2.059519713039445, 2.2023733020453733, 2.1659075114624544, 2.232704460325631, 2.3616925746665283, 2.4868826121564913, 2.5974089866095142, 2.650809411939935, 2.726603625858527, 2.8129370056762477, 2.961927641949515, 3.1239404744891144], "dream_std": [0.9778426636148021, 0.9998371268398155, 1.0281671355664856, 1.0622453603668527, 1.1203456403388503, 1.1707425563175353, 1.2139951476092465, 1.2633670496819143, 1.3385917833307266, 1.3740066575522427, 1.3957701131948113, 1.4396319742170247, 1.4532059070628385, 1.4879357179865766, 1.5661238984446086, 1.5423331544010985, 1.56378648579651, 1.6182865680356224, 1.6437931330061155, 1.6877950066393197, 1.7117327751096407, 1.7378534718155312, 1.7713363641369089, 1.8273898273833842, 1.8722540265850538], "arctander": [1.0357637787597604, 1.0186614175811721, 1.0018583251570803, 0.9872059139536291, 0.9730050346283347, 0.9628772742343318, 0.955264412263372, 0.9467965615313729, 0.9388955632017768, 0.9333899053001645, 0.9297066825533733, 0.9251869079516014, 0.9249682631679133, 0.9227738894693709, 0.9191865439106816, 0.9195769002179951, 0.9175150628156113, 0.9141978775258552, 0.9125524770234775, 0.9120841967119111, 0.9126422661382414, 0.9124826253072782, 0.9117923809769951, 0.9112303911554395, 0.9110272825360854], "ifra_2019": [0.9858402658419927, 0.9525675343587698, 0.9241814998599597, 0.9033718199857883, 0.8885247861875621, 0.878852811257211, 0.8718713973151037, 0.8719911821456845, 0.8704896440150901, 0.8720798372788172, 0.8770263354776785, 0.8765218341448677, 0.8760223596034573, 0.8750247182476327, 0.877998888043902, 0.8815941642077392, 0.8837703203522985, 0.8885437404614179, 0.895251064400459, 0.9001934351478837, 0.9063443275606151, 0.9143937804394893, 0.920357423710251, 0.9224976657464944, 0.9305994280447002], "leffingwell": [1.0749470307680753, 1.0956091447168106, 1.1114714185319625, 1.119833221631308, 1.119650074313768, 1.1161432404560672, 1.1105702851840833, 1.1053844404833473, 1.098405998381587, 1.0924514796911462, 1.0875784666793242, 1.0844547822568988, 1.0831378465505141, 1.0798744527454112, 1.0738315367616504, 1.0758811664674923, 1.0739490737243809, 1.0692525714942926, 1.0645683956342502, 1.059323384065281, 1.0562444817903658, 1.0525122396325362, 1.0489567749144348, 1.045251559262307, 1.04090594966098], "sigma_2014": [0.9949209890677062, 0.9636528644789415, 0.9349779451203732, 0.9113080771328639, 0.8928840796898776, 0.8774254323392463, 0.8667743622297687, 0.8566978243877292, 0.8480800639996192, 0.840984054012762, 0.835823172562703, 0.831066244424074, 0.8284612389215025, 0.8256957787510268, 0.8199026666830787, 0.8207823883852211, 0.8181311181178262, 0.8141946283372561, 0.8112106051198433, 0.8084278407343586, 0.8053464318586463, 0.8023893984714666, 0.8007541935263016, 0.7980602455978446, 0.7939672230553357]}, "lambda_history_scaled": {"dream_mean": [732.8794553614464, 766.1298952659162, 820.7172206613321, 879.2156561361302, 955.5413365904365, 1027.2874497223424, 1096.1386171390843, 1151.9021639610305, 1235.4733586883365, 1323.4440309567622, 1371.529181978926, 1439.5279766636502, 1449.924200893149, 1507.5684299448737, 1612.1372570972133, 1585.4442983905167, 1634.339664958362, 1728.7589646558986, 1820.3980720985517, 1901.3033781981644, 1940.3924895400323, 1995.8738541284417, 2059.0698881550134, 2168.131033907045, 2286.7244273260317], "dream_std": [715.7808297660351, 731.880776846745, 752.6183432346675, 777.5636037885362, 820.0930087280384, 856.9835512244358, 888.6444480499684, 924.7846803671613, 979.8491853980919, 1005.7728733282416, 1021.7037228586019, 1053.8106051268621, 1063.7467239699977, 1089.1689455661742, 1146.4026936614534, 1128.9878690216042, 1144.6917076030454, 1184.5857678020757, 1203.2565733604765, 1235.465944859982, 1252.988391380257, 1272.1087413689688, 1296.6182185482173, 1337.6493536446371, 1370.4899474602594], "arctander": [2682.6281869877794, 2638.333071535236, 2594.813062156838, 2556.863317139899, 2520.0830396873866, 2493.8521402669194, 2474.1348277621337, 2452.2030943662558, 2431.7395086926017, 2417.4798547274263, 2407.940307813237, 2396.2340915946475, 2395.6678016048954, 2389.9843737256706, 2380.693148728665, 2381.7041715646073, 2376.3640126924333, 2367.772502791965, 2363.510915490807, 2362.2980694838498, 2363.743469298045, 2363.3299995458506, 2361.5422667304174, 2360.086713092588, 2359.560661768461], "ifra_2019": [1094.282695084612, 1057.3499631382344, 1025.8414648445553, 1002.742720184225, 986.262512668194, 975.5266204955043, 967.777251019765, 967.9102121817098, 966.2435048567501, 968.0086193794871, 973.4992323802231, 972.9392359008032, 972.3848191598377, 971.2774372548723, 974.5787657287312, 978.5695222705905, 980.9850555910514, 986.283551912174, 993.7286814845095, 999.2147130141509, 1006.0422035922828, 1014.9770962878331, 1021.5967403183786, 1023.9724089786088, 1032.965365129617], "leffingwell": [4000.952848518776, 4077.857236635969, 4136.896619775965, 4168.019250911729, 4167.337576595844, 4154.285140977482, 4133.542601455158, 4114.240887479019, 4088.267125976267, 4066.104407410446, 4047.967052980445, 4036.3406995601777, 4031.439064861014, 4019.29271311842, 3996.800979826863, 4004.4297015920065, 3997.2384524021454, 3979.758071101757, 3962.3235685506793, 3942.8016354909755, 3931.3419612237412, 3917.4505559122995, 3904.2171162315267, 3890.426303574307, 3874.2519446381675], "sigma_2014": [987.9565421442322, 956.9072944275889, 928.4330995045307, 904.9289205929339, 886.6338911320485, 871.2834543128715, 860.7069416941603, 850.7009396170151, 842.1435035516218, 835.0971656346727, 829.9724103547641, 825.2487807131055, 822.662010249052, 819.9159082997696, 814.163348016297, 815.0369116665246, 812.4042002910014, 808.4952659388953, 805.5321308840045, 802.7688458492181, 799.7090068356358, 796.7726726821663, 795.1489141716175, 792.4738238786597, 788.4094524939484]}, "l_hat": [0.16666666666666666, 0.0599524352402747, 0.0503447505543922, 0.045756921447041986, 0.042918857967612814, 0.04137739339250038, 0.04057435688415344, 0.039106811245469525, 0.03809269907158304, 0.03760773160739314, 0.03776361587877722, 0.037248642611933794, 0.037855075246343635, 0.03656125578832103, 0.03535206502043099, 0.037013901045947734, 0.035884397785976026, 0.034686328916580335, 0.03450705836325211, 0.03401183220828903, 0.03374606170614718, 0.033432894552742884, 0.03329124250085818, 0.03231901658795264, 0.031691015346283276], "r": {"dream_mean": [1.0, 0.8002016724782949, 0.7148299315565554, 0.6655497492888719, 0.6004153701627202, 0.566887091580716, 0.5374421110541584, 0.5223363072909536, 0.476042962348368, 0.44798425975948586, 0.452145547782308, 0.4249382131072413, 0.4491041382197998, 0.412574312617872, 0.37482437380027045, 0.43254771571062045, 0.3883034952270467, 0.35696554394404423, 0.3431973135060693, 0.3333762344857327, 0.3378623940621489, 0.32598768414861135, 0.3159468780508441, 0.2946757877435748, 0.2809893184624371], "dream_std": [1.0, 0.792402687288052, 0.7570133275626847, 0.7219911322394019, 0.6558046204939466, 0.6355648412954236, 0.6197509977430505, 0.590879642363331, 0.5419203710867116, 0.5549568261496737, 0.5571113940222139, 0.5256781568441283, 0.542474511325333, 0.5153779234309855, 0.46946447252300266, 0.5393164192658816, 0.49974947473070264, 0.46665844560188974, 0.4739762925189915, 0.4542238839850624, 0.4580945981432539, 0.4504838329811882, 0.4395477086133204, 0.4187519760813243, 0.41361860941709316],