{"train": {"dream_mean": [0.3112906813621521, 0.18839941918849945, 0.16078238189220428, 0.14571543037891388, 0.1341240108013153, 0.12636664509773254, 0.12129507958889008, 0.11612016707658768, 0.10987388342618942, 0.10627683252096176, 0.10291377454996109, 0.09991225600242615, 0.09908649325370789, 0.10174267739057541, 0.09352676570415497, 0.09392433613538742, 0.08969142287969589, 0.08888150751590729, 0.08848438411951065, 0.08441360294818878, 0.08236805349588394, 0.08646605908870697, 0.08530981838703156, 0.08332689851522446, 0.07864375412464142, 0.07706683874130249, 0.07462737709283829, 0.07682094722986221, 0.07516787946224213, 0.0732337161898613], "dream_std": [0.32803553342819214, 0.21906478703022003, 0.19495587050914764, 0.18061386048793793, 0.16980284452438354, 0.16370899975299835, 0.1589091718196869, 0.15330374240875244, 0.14719972014427185, 0.1442921757698059, 0.14095033705234528, 0.13739067316055298, 0.13732871413230896, 0.13864918053150177, 0.13279439508914948, 0.1329958289861679, 0.12789908051490784, 0.1280682533979416, 0.12654492259025574, 0.12329963594675064, 0.1208917498588562, 0.12518742680549622, 0.12187957018613815, 0.12134326249361038, 0.11619473993778229, 0.11533686518669128, 0.11343193799257278, 0.113835908472538, 0.11281368136405945, 0.11132673174142838], "arctander": [0.42658424377441406, 0.4054543375968933, 0.39125925302505493, 0.383436381816864, 0.37642017006874084, 0.3715597093105316, 0.3738170862197876, 0.37160035967826843, 0.37760651111602783, 0.3756473958492279, 0.38195177912712097, 0.3828330338001251, 0.3826635777950287, 0.3790707588195801, 0.38539549708366394, 0.3864597678184509, 0.3880053758621216, 0.397556871175766, 0.39311668276786804, 0.39910247921943665, 0.3953130543231964, 0.3968586325645447, 0.3971976041793823, 0.3981059789657593, 0.4004514813423157, 0.4059830904006958, 0.4072778522968292, 0.40678298473358154, 0.4059220552444458, 0.40857940912246704], "ifra_2019": [0.390031635761261, 0.3711290657520294, 0.3597140610218048, 0.3518591821193695, 0.3502768874168396, 0.34270456433296204, 0.34733837842941284, 0.3454735577106476, 0.3509550094604492, 0.3470558226108551, 0.3510115146636963, 0.357820987701416, 0.3528481125831604, 0.34959876537323, 0.35948801040649414, 0.3611833155155182, 0.36174842715263367, 0.3652520477771759, 0.36403706669807434, 0.3657323718070984, 0.36852961778640747, 0.372259259223938, 0.37155288457870483, 0.38147038221359253, 0.3802836835384369, 0.38248756527900696, 0.38387206196784973, 0.3869801163673401, 0.3912748694419861, 0.3934504985809326], "leffingwell": [0.4252675771713257, 0.41606807708740234, 0.41174283623695374, 0.4129272401332855, 0.41642290353775024, 0.4188396632671356, 0.4225870668888092, 0.4234190285205841, 0.4273175001144409, 0.43010109663009644, 0.43252262473106384, 0.4317722022533417, 0.43404510617256165, 0.43789801001548767, 0.44019725918769836, 0.4395403265953064, 0.44269075989723206, 0.44276028871536255, 0.4419882595539093, 0.44273871183395386, 0.4426955580711365, 0.4413457214832306, 0.4426092207431793, 0.4441964328289032, 0.448238730430603, 0.44776400923728943, 0.4449372887611389, 0.445622980594635, 0.4473132789134979, 0.4474715292453766], "sigma_2014": [0.403889924287796, 0.3695926070213318, 0.34859275817871094, 0.3325340449810028, 0.321101576089859, 0.31216391921043396, 0.3079736530780792, 0.3040740191936493, 0.30097368359565735, 0.30702900886535645, 0.3048248887062073, 0.30739232897758484, 0.3088698387145996, 0.3050428628921509, 0.3107348680496216, 0.31356877088546753, 0.31310856342315674, 0.31872791051864624, 0.31814658641815186, 0.322918176651001, 0.32534030079841614, 0.322651743888855, 0.322433739900589, 0.3275444507598877, 0.32967591285705566, 0.3379353880882263, 0.3393402099609375, 0.3387589156627655, 0.345007985830307, 0.34164124727249146]}, "val": {"dream_mean": [0.0, 0.0, 0.0, 0.0, 0.0, 0.0, 0.0, 0.0, 0.0, 0.0, 0.0, 0.0, 0.0, 0.0, 0.0, 0.0, 0.0, 0.0, 0.0, 0.0, 0.0, 0.0, 0.0, 0.0, 0.0, 0.0, 0.0, 0.0, 0.0, 0.0], "dream_std": [0.0, 0.0, 0.0, 0.0, 0.0, 0.0, 0.0, 0.0, 0.0, 0.0, 0.0, 0.0, 0.0, 0.0, 0.0, 0.0, 0.0, 0.0, 0.0, 0.0, 0.0, 0.0, 0.0, 0.0, 0.0, 0.0, 0.0, 0.0, 0.0, 0.0], "arctander": [0.0, 0.0, 0.0, 0.0, 0.0, 0.0, 0.0, 0.0, 0.0, 0.0, 0.0, 0.0, 0.0, 0.0, 0.0, 0.0, 0.0, 0.0, 0.0, 0.0, 0.0, 0.0, 0.0, 0.0, 0.0, 0.0, 0.0, 0.0, 0.0, 0.0], "ifra_2019": [0.0, 0.0, 0.0, 0.0, 0.0, 0.0, 0.0, 0.0, 0.0, 0.0, 0.0, 0.0, 0.0, 0.0, 0.0, 0.0, 0.0, 0.0, 0.0, 0.0, 0.0, 0.0, 0.0, 0.0, 0.0, 0.0, 0.0, 0.0, 0.0, 0.0], "leffingwell": [0.0, 0.0, 0.0, 0.0, 0.0, 0.0, 0.0, 0.0, 0.0, 0.0, 0.0, 0.0, 0.0, 0.0, 0.0, 0.0, 0.0, 0.0, 0.0, 0.0, 0.0, 0.0, 0.0, 0.0, 0.0, 0.0, 0.0, 0.0, 0.0, 0.0], "sigma_2014": [0.0, 0.0, 0.0, 0.0, 0.0, 0.0, 0.0, 0.0, 0.0, 0.0, 0.0, 0.0, 0.0, 0.0, 0.0, 0.0, 0.0, 0.0, 0.0, 0.0, 0.0, 0.0, 0.0, 0.0, 0.0, 0.0, 0.0, 0.0, 0.0, 0.0]}}