{"lambda_history": {"dream_mean": [0.9907508043502596, 1.064204747624451, 1.159818411027849, 1.2560430387665338, 1.3626258343240167, 1.4782527771665759, 1.5853354642722137, 1.6915508263569135, 1.828646169640111, 1.9659650425620192, 2.052489777424431, 2.1979024844199317, 2.280962514391192, 2.2531641954072863, 2.409145462248106, 2.40973854087285, 2.580571351760029, 2.6475689792578865, 2.734227837702048, 2.7878019861498826, 2.965623989622629, 2.8516745873037928, 2.9028363691907693, 2.951030045601468, 3.0975003344045766, 3.2986361628881227, 3.479660183258355, 3.5055665311288196, 3.5290940930146197, 3.6014728577067143], "dream_std": [0.9859432278445917, 0.9903797285609096, 1.0044215828647733, 1.0301268459490294, 1.069954638991541, 1.1073476606354924, 1.1483845531722443, 1.1937746878978035, 1.2525212132514179, 1.3022350273915342, 1.3408912224517557, 1.3944999348550418, 1.4296253106713739, 1.4406873518408534, 1.4869518421993995, 1.471548052170374, 1.5318999490569254, 1.5504610280377116, 1.5903018065081975, 1.6097364873780102, 1.6563578185229326, 1.641332020077286, 1.674532971592841, 1.6771712244350028, 1.7206260394657473, 1.7578620166519396, 1.7883380176622912, 1.8093256691864157, 1.8196113882469267, 1.8254466525553035], "arctander": [1.0329262484721442, 1.0195802250147392, 1.0059506344886846, 0.9936467746041224, 0.9818859545971509, 0.9717068513461646, 0.9637954313123571, 0.9562712106037952, 0.9486326905309215, 0.9426622906098714, 0.9390974522661941, 0.9338579945436766, 0.9313256729783443, 0.9297379325926072, 0.9256484682210615, 0.9275392553800226, 0.9260459076740188, 0.9264282854621888, 0.9259214914615155, 0.9235534873397172, 0.9224098266476303, 0.924713240796636, 0.9245746625539296, 0.9237589259333993, 0.9238725254416296, 0.9231961015106985, 0.9220099299932871, 0.9228578451119147, 0.9240751486380241, 0.9260078927687785], "ifra_2019": [0.9898646300540905, 0.9554069635690594, 0.9263383426149352, 0.9040004028433222, 0.8872263889280063, 0.8772967266602083, 0.8686551743416024, 0.8630193572066909, 0.85935994991587, 0.8579958976970276, 0.8597720466870261, 0.8616727482509707, 0.8622972720694081, 0.8628260961691299, 0.8651439077649861, 0.871197125181874, 0.8710861299102736, 0.8729089135696881, 0.8759127322836422, 0.885302120081622, 0.8913201262534399, 0.8985538517627772, 0.9019806031367308, 0.9071173940440486, 0.9146638799166118, 0.9200540346871494, 0.930243712975598, 0.9354022032028814, 0.9494494712406759, 0.9594978213792912], "leffingwell": [1.0763509967179659, 1.0935166090184902, 1.1055269287625233, 1.1112046627813728, 1.1123636751294097, 1.109183293688951, 1.1053215165803838, 1.1013801902393814, 1.0958374917272806, 1.0899202108869468, 1.084785280546057, 1.0789765436560488, 1.0752402988862426, 1.0762697145142501, 1.0718082168658192, 1.0698497063117474, 1.0646110913057911, 1.062888524009149, 1.0586612230359513, 1.0563308647159433, 1.0506908674661994, 1.0529870510581882, 1.0502925007701585, 1.049212422570857, 1.0437072587030438, 1.0390663730927918, 1.034655036074096, 1.0328135004832615, 1.0292387020338132, 1.0260224200514172], "sigma_2014": [0.9961722757649043, 0.9631301363730367, 0.9348595368848784, 0.9117743790792385, 0.8921813960593848, 0.8769312190902594, 0.864627380228767, 0.8539343257622012, 0.8448951399833924, 0.8378783703607529, 0.8315629661667984, 0.8265012962092662, 0.823539305081447, 0.8243035017987077, 0.8202896247089715, 0.8186203330615119, 0.8135158925078536, 0.809612622535265, 0.8074004163658941, 0.8051902378147432, 0.8015612926732766, 0.8009058004365451, 0.7982589739023025, 0.7968705356551102, 0.7922053441877313, 0.789054926561966, 0.7862184930078917, 0.7855645595644573, 0.783257835241902, 0.7801762295016527]}, "lambda_history_scaled": {"dream_mean": [727.2110903930906, 781.126284756347, 851.3067136944412, 921.9355904546358, 1000.1673623938283, 1085.0375384402666, 1163.636230775805, 1241.5983065459745, 1342.2262885158416, 1443.0183412405222, 1506.5274966295324, 1613.26042356423, 1674.226485563135, 1653.8225194289482, 1768.3127692901098, 1768.7480890006718, 1894.1393721918614, 1943.3156307752886, 2006.9232328733033, 2046.2466578340138, 2176.7680083830096, 2093.129147080984, 2130.6818949860244, 2166.0560534714778, 2273.565245452959, 2421.198943559882, 2554.0705745116325, 2573.0858338485536, 2590.355064272731, 2643.4810775567285], "dream_std": [723.6823292379303, 726.9387207637077, 737.2454418227436, 756.1131049265875, 785.3467050197911, 812.7931829064514, 842.9142620284273, 876.2306209169877, 919.3505705265407, 955.8405101053861, 984.2141572795887, 1023.5629521836006, 1049.3449780327885, 1057.4645162511863, 1091.4226521743592, 1080.1162702930546, 1124.4145626077832, 1138.0383945796802, 1167.281525977017, 1181.5465817354595, 1215.7666387958325, 1204.737702736728, 1229.1072011491453, 1231.0436787352921, 1262.9395129678585, 1290.2707202225238, 1312.6401049641217, 1328.0450411828292, 1335.594758973244, 1339.8778429755928], "arctander": [2673.213131045909, 2638.673622338145, 2603.400242056716, 2571.557852675469, 2541.1208504974265, 2514.777331283874, 2494.3025762363804, 2474.8298930426217, 2455.0614030940246, 2439.610008098347, 2430.38420646491, 2416.824489879035, 2410.270841667955, 2406.1617695496675, 2395.578235756107, 2400.4715929234985, 2396.606809060361, 2397.5964027761447, 2396.284819902402, 2390.156425235188, 2387.1966313640673, 2393.1578671816937, 2392.79922668957, 2390.6881003156373, 2390.9820958429373, 2389.231510709688, 2386.161698822627, 2388.356103149635, 2391.506484675206, 2396.5084264855986], "ifra_2019": [1094.7902808398242, 1056.6801017073797, 1024.5302069321183, 999.8244455447143, 981.272386154375, 970.2901796861904, 960.7326228218124, 954.4994090706001, 950.4521046069522, 948.9434628529125, 950.9078836358509, 953.0100595655737, 953.7007829087654, 954.2856623630577, 956.8491619880746, 963.5440204511526, 963.4212596807625, 965.4372584080751, 968.7594819057083, 979.1441448102739, 985.8000596363046, 993.8005600496316, 997.5905470692243, 1003.2718378127178, 1011.6182511877727, 1017.5797623639872, 1028.8495465510114, 1034.554836742387, 1050.0911151921875, 1061.204590445496], "leffingwell": [4008.331111777705, 4072.2558519848576, 4116.982282711637, 4138.126164197832, 4142.442326181922, 4130.598585697653, 4116.217327745349, 4101.539828451456, 4080.898819192393, 4058.86286534299, 4039.740384753516, 4018.1086485751257, 4004.1948730523677, 4008.0284168510675, 3991.4137996083105, 3984.120306304947, 3964.611704022766, 3958.196863410071, 3942.4543945858827, 3933.776140202173, 3912.7727904441267, 3921.323778140693, 3911.28927286807, 3907.2670616538717, 3886.765831410135, 3869.4831733975566, 3853.0553543399337, 3846.197475799666, 3832.8849263739203, 3820.9074922714776], "sigma_2014": [979.237347076901, 946.7569240546951, 918.9669247578355, 896.2742146348915, 877.0143123263753, 862.0233883657249, 849.9287147648779, 839.4174422242438, 830.5319226036747, 823.6344380646201, 817.4263957419628, 812.4507741737086, 809.5391368950624, 810.2903422681296, 806.344701088919, 804.7037873994663, 799.6861223352201, 795.8492079521654, 793.6746092876739, 791.5020037718925, 787.9347506978309, 787.2904018291239, 784.6885713459634, 783.3237365489733, 778.7378533365398, 775.6409928104125, 772.8527786267575, 772.2099620518615, 769.9424520427896, 766.9132336001246]}, "l_hat": [0.16666666666666666, 0.06157275166240599, 0.05084514382904647, 0.045888427559281436, 0.043002450559543055, 0.0412236213595753, 0.04026165255578965, 0.03918670774810713, 0.038236593641699325, 0.03750150058596302, 0.03698935649276673, 0.03644939499670991, 0.03653880333297097, 0.037198470647042244, 0.03555827026765679, 0.03593294423200739, 0.0347120731684747, 0.03467646021988933, 0.034230774525756444, 0.03387048575385072, 0.03298299545636413, 0.03421968395604419, 0.03334507619746369, 0.03304165098180112, 0.03188337691785813, 0.03144665687486615, 0.030835185381918404, 0.03149738290568641, 0.030732674790118424, 0.03039561637136237],