{"train": {"dream_mean": [0.1836531013250351, 0.058863792568445206, 0.047093577682971954, 0.04330357909202576, 0.04067869856953621, 0.03927057608962059, 0.03953828662633896, 0.039148058742284775, 0.037511665374040604, 0.0374796986579895, 0.03947257623076439, 0.03721591830253601, 0.03993618115782738, 0.04570196568965912, 0.03680157661437988, 0.04292628541588783, 0.03613436222076416, 0.039458174258470535, 0.038601312786340714, 0.0393516980111599, 0.03540370613336563, 0.04616419970989227, 0.03904060274362564, 0.03881191834807396, 0.03530726581811905, 0.03412913903594017, 0.03434186801314354, 0.03862017020583153, 0.03778770938515663, 0.0363234207034111], "dream_std": [0.19392646849155426, 0.07477813214063644, 0.05972355976700783, 0.05194944143295288, 0.046862244606018066, 0.04540049657225609, 0.04405529797077179, 0.04260144382715225, 0.04065408185124397, 0.040823861956596375, 0.04123822599649429, 0.03973352164030075, 0.04122856631875038, 0.04376870393753052, 0.0395733006298542, 0.04468568414449692, 0.03786362335085869, 0.040478143841028214, 0.038667142391204834, 0.039573606103658676, 0.03712955117225647, 0.04209867864847183, 0.03816729038953781, 0.03970055654644966, 0.036158010363578796, 0.03609893471002579, 0.03578795865178108, 0.03689684718847275, 0.03660304844379425, 0.036468032747507095], "arctander": [0.12538281083106995, 0.06126699969172478, 0.051015108823776245, 0.04610660299658775, 0.04341201111674309, 0.0415787510573864, 0.04036379233002663, 0.03936934843659401, 0.0386342853307724, 0.037692684680223465, 0.036761268973350525, 0.036671802401542664, 0.036229006946086884, 0.036519091576337814, 0.035677719861269, 0.034768473356962204, 0.034431904554367065, 0.03390607610344887, 0.033676549792289734, 0.03356127440929413, 0.032667260617017746, 0.03286179527640343, 0.03266920521855354, 0.03241661190986633, 0.03132089599967003, 0.0310171227902174, 0.030467411503195763, 0.030652841553092003, 0.029853835701942444, 0.02943040058016777], "ifra_2019": [0.18546414375305176, 0.08807079493999481, 0.07211552560329437, 0.06372115015983582, 0.05863908305764198, 0.0545639768242836, 0.0532207190990448, 0.051178693771362305, 0.04963238537311554, 0.04813133552670479, 0.04659748449921608, 0.04599883407354355, 0.046246688812971115, 0.046802833676338196, 0.04471150040626526, 0.043873440474271774, 0.044095318764448166, 0.043341442942619324, 0.04258313402533531, 0.0407135933637619, 0.040375903248786926, 0.04096067324280739, 0.04093754664063454, 0.04012336581945419, 0.038450777530670166, 0.038237493485212326, 0.03663666918873787, 0.03793730214238167, 0.03564148396253586, 0.03575022146105766], "leffingwell": [0.09450849145650864, 0.04606110602617264, 0.03872590512037277, 0.03572791814804077, 0.03406478837132454, 0.03321059048175812, 0.03256584703922272, 0.03176802769303322, 0.03127271682024002, 0.03074515238404274, 0.030217286199331284, 0.029966821894049644, 0.029748281463980675, 0.029614871367812157, 0.029126867651939392, 0.028924452140927315, 0.02855583466589451, 0.028020979836583138, 0.027980512008070946, 0.027461498975753784, 0.027212005108594894, 0.02703837677836418, 0.027069568634033203, 0.02662617713212967, 0.0262707881629467, 0.02586154080927372, 0.02533671259880066, 0.02549765817821026, 0.025057053193449974, 0.02477492205798626], "sigma_2014": [0.1733001172542572, 0.08349080383777618, 0.06855015456676483, 0.061146415770053864, 0.05704348906874657, 0.053975123912096024, 0.052274398505687714, 0.050797395408153534, 0.04948600009083748, 0.04816950485110283, 0.04740801081061363, 0.046653520315885544, 0.04611843079328537, 0.045655250549316406, 0.04538361728191376, 0.04485813528299332, 0.04479939863085747, 0.04426657035946846, 0.043394897133111954, 0.04291374981403351, 0.042455386370420456, 0.04261379688978195, 0.04250260442495346, 0.04174301028251648, 0.04148939996957779, 0.040618810802698135, 0.039789844304323196, 0.03985421359539032, 0.03937362879514694, 0.03924514725804329]}, "val": {"dream_mean": [0.0, 0.0, 0.0, 0.0, 0.0, 0.0, 0.0, 0.0, 0.0, 0.0, 0.0, 0.0, 0.0, 0.0, 0.0, 0.0, 0.0, 0.0, 0.0, 0.0, 0.0, 0.0, 0.0, 0.0, 0.0, 0.0, 0.0, 0.0, 0.0, 0.0], "dream_std": [0.0, 0.0, 0.0, 0.0, 0.0, 0.0, 0.0, 0.0, 0.0, 0.0, 0.0, 0.0, 0.0, 0.0, 0.0, 0.0, 0.0, 0.0, 0.0, 0.0, 0.0, 0.0, 0.0, 0.0, 0.0, 0.0, 0.0, 0.0, 0.0, 0.0], "arctander": [0.0, 0.0, 0.0, 0.0, 0.0, 0.0, 0.0, 0.0, 0.0, 0.0, 0.0, 0.0, 0.0, 0.0, 0.0, 0.0, 0.0, 0.0, 0.0, 0.0, 0.0, 0.0, 0.0, 0.0, 0.0, 0.0, 0.0, 0.0, 0.0, 0.0], "ifra_2019": [0.0, 0.0, 0.0, 0.0, 0.0, 0.0, 0.0, 0.0, 0.0, 0.0, 0.0, 0.0, 0.0, 0.0, 0.0, 0.0, 0.0, 0.0, 0.0, 0.0, 0.0, 0.0, 0.0, 0.0, 0.0, 0.0, 0.0, 0.0, 0.0, 0.0], "leffingwell": [0.0, 0.0, 0.0, 0.0, 0.0, 0.0, 0.0, 0.0, 0.0, 0.0, 0.0, 0.0, 0.0, 0.0, 0.0, 0.0, 0.0, 0.0, 0.0, 0.0, 0.0, 0.0, 0.0, 0.0, 0.0, 0.0, 0.0, 0.0, 0.0, 0.0], "sigma_2014": [0.0, 0.0, 0.0, 0.0, 0.0, 0.0, 0.0, 0.0, 0.0, 0.0, 0.0, 0.0, 0.0, 0.0, 0.0, 0.0, 0.0, 0.0, 0.0, 0.0, 0.0, 0.0, 0.0, 0.0, 0.0, 0.0, 0.0, 0.0, 0.0, 0.0]}}