{"train": {"dream_mean": [0.30938827991485596, 0.18835309147834778, 0.1587154120206833, 0.1411779671907425, 0.13358049094676971, 0.1253388226032257, 0.12308093905448914, 0.11603056639432907, 0.11018622666597366, 0.10864127427339554, 0.10746653378009796, 0.10375463962554932, 0.10437082499265671, 0.09943196177482605, 0.09865572303533554, 0.09318861365318298, 0.08901258558034897, 0.08813055604696274, 0.0945892259478569, 0.08596287667751312, 0.08486209809780121, 0.08374897390604019, 0.08145229518413544, 0.08039727061986923, 0.08032654225826263, 0.07937182486057281, 0.0798637643456459, 0.07545999437570572, 0.07282591611146927, 0.07175281643867493], "dream_std": [0.33161139488220215, 0.2186603844165802, 0.1904444694519043, 0.17696014046669006, 0.16868020594120026, 0.1617736965417862, 0.15857765078544617, 0.15242302417755127, 0.14738504588603973, 0.14570383727550507, 0.14518283307552338, 0.14163681864738464, 0.1419573873281479, 0.13652972877025604, 0.136057510972023, 0.13214698433876038, 0.12805965542793274, 0.1272067278623581, 0.13248038291931152, 0.12607130408287048, 0.12269821763038635, 0.12327568233013153, 0.12084845453500748, 0.12010630965232849, 0.11929114907979965, 0.11753551661968231, 0.11868631094694138, 0.11422797292470932, 0.11244914680719376, 0.1094915121793747], "arctander": [0.42829960584640503, 0.40568825602531433, 0.39100539684295654, 0.37844130396842957, 0.3706815242767334, 0.3692847490310669, 0.3725438714027405, 0.37018218636512756, 0.3758569359779358, 0.37056005001068115, 0.3736032247543335, 0.37741565704345703, 0.37834683060646057, 0.3821659982204437, 0.37690284848213196, 0.3823819160461426, 0.3851821720600128, 0.386228084564209, 0.3896018862724304, 0.3913697600364685, 0.39537110924720764, 0.3925573527812958, 0.39999324083328247, 0.39480432868003845, 0.39882591366767883, 0.3996221423149109, 0.3989203870296478, 0.4042712450027466, 0.4103778600692749, 0.40872469544410706], "ifra_2019": [0.38663384318351746, 0.37188631296157837, 0.35909193754196167, 0.3530910313129425, 0.34734487533569336, 0.3474298119544983, 0.3446558117866516, 0.34816575050354004, 0.35252490639686584, 0.3492130935192108, 0.3478544056415558, 0.34932631254196167, 0.3513360619544983, 0.3516191244125366, 0.35377037525177, 0.35467618703842163, 0.3611299693584442, 0.36296987533569336, 0.35538384318351746, 0.3620074689388275, 0.36854618787765503, 0.3740941882133484, 0.3721693754196167, 0.3790760934352875, 0.3735280930995941, 0.3788496255874634, 0.38139718770980835, 0.38142549991607666, 0.3886435627937317, 0.38765284419059753], "leffingwell": [0.42595428228378296, 0.4154592454433441, 0.40982189774513245, 0.4087112247943878, 0.41247984766960144, 0.4156991243362427, 0.42384806275367737, 0.4237808883190155, 0.42763346433639526, 0.4273192286491394, 0.42893606424331665, 0.431274950504303, 0.4360175132751465, 0.435597687959671, 0.43723851442337036, 0.43766310811042786, 0.437802255153656, 0.43618541955947876, 0.4328390061855316, 0.4397597312927246, 0.43954142928123474, 0.4382076561450958, 0.44780072569847107, 0.44408726692199707, 0.44671162962913513, 0.44553619623184204, 0.45075133442878723, 0.448290079832077, 0.446231871843338, 0.4469059407711029], "sigma_2014": [0.40517449378967285, 0.3750060796737671, 0.3492063581943512, 0.32823649048805237, 0.3200087249279022, 0.30736371874809265, 0.31030046939849854, 0.30442696809768677, 0.3060045540332794, 0.3030920922756195, 0.30236396193504333, 0.29826220870018005, 0.30632007122039795, 0.30585893988609314, 0.3058831989765167, 0.30852872133255005, 0.3085772395133972, 0.30932965874671936, 0.3147905468940735, 0.3157370984554291, 0.320761114358902, 0.3180670738220215, 0.32114946842193604, 0.3240862190723419, 0.3251783847808838, 0.33282366394996643, 0.3325081169605255, 0.33957087993621826, 0.3393039107322693, 0.34042036533355713]}, "val": {"dream_mean": [0.0, 0.0, 0.0, 0.0, 0.0, 0.0, 0.0, 0.0, 0.0, 0.0, 0.0, 0.0, 0.0, 0.0, 0.0, 0.0, 0.0, 0.0, 0.0, 0.0, 0.0, 0.0, 0.0, 0.0, 0.0, 0.0, 0.0, 0.0, 0.0, 0.0], "dream_std": [0.0, 0.0, 0.0, 0.0, 0.0, 0.0, 0.0, 0.0, 0.0, 0.0, 0.0, 0.0, 0.0, 0.0, 0.0, 0.0, 0.0, 0.0, 0.0, 0.0, 0.0, 0.0, 0.0, 0.0, 0.0, 0.0, 0.0, 0.0, 0.0, 0.0], "arctander": [0.0, 0.0, 0.0, 0.0, 0.0, 0.0, 0.0, 0.0, 0.0, 0.0, 0.0, 0.0, 0.0, 0.0, 0.0, 0.0, 0.0, 0.0, 0.0, 0.0, 0.0, 0.0, 0.0, 0.0, 0.0, 0.0, 0.0, 0.0, 0.0, 0.0], "ifra_2019": [0.0, 0.0, 0.0, 0.0, 0.0, 0.0, 0.0, 0.0, 0.0, 0.0, 0.0, 0.0, 0.0, 0.0, 0.0, 0.0, 0.0, 0.0, 0.0, 0.0, 0.0, 0.0, 0.0, 0.0, 0.0, 0.0, 0.0, 0.0, 0.0, 0.0], "leffingwell": [0.0, 0.0, 0.0, 0.0, 0.0, 0.0, 0.0, 0.0, 0.0, 0.0, 0.0, 0.0, 0.0, 0.0, 0.0, 0.0, 0.0, 0.0, 0.0, 0.0, 0.0, 0.0, 0.0, 0.0, 0.0, 0.0, 0.0, 0.0, 0.0, 0.0], "sigma_2014": [0.0, 0.0, 0.0, 0.0, 0.0, 0.0, 0.0, 0.0, 0.0, 0.0, 0.0, 0.0, 0.0, 0.0, 0.0, 0.0, 0.0, 0.0, 0.0, 0.0, 0.0, 0.0, 0.0, 0.0, 0.0, 0.0, 0.0, 0.0, 0.0, 0.0]}}