{"lambda_history": {"dream_mean": [0.9940635490695133, 1.0501882835393361, 1.1434343715290751, 1.262959811108216, 1.3487155666636128, 1.4556086617980442, 1.5238673791493906, 1.6365201484495921, 1.7622483986321775, 1.8611303732216937, 1.9244710957746354, 1.9998081529916545, 1.9967014416350737, 2.1065355552470413, 2.1879458788735042, 2.32398052223437, 2.4934256041444094, 2.6267929698205297, 2.543004543990783, 2.68730330111133, 2.7696357311644544, 2.837803662494165, 3.0024918534716365, 3.0872079622856003, 3.092631168924913, 3.1438200780138206, 3.193984493701405, 3.3650108627058968, 3.557495391202947, 3.5684956479741534], "dream_std": [0.9835015075443913, 0.9908151788704527, 1.0177980459889269, 1.0514741137470847, 1.092311300973293, 1.1384618631944075, 1.174551248123078, 1.2217518900638857, 1.2699651458385863, 1.314915680734236, 1.3408805148086385, 1.3705411838459913, 1.377073966258329, 1.4227263435404673, 1.4545173368401476, 1.4945250902216074, 1.5445174169256923, 1.5876672756244044, 1.5736473435495948, 1.6105399500095876, 1.647335210684075, 1.6633560481638339, 1.6996425291707038, 1.7108561204041457, 1.72114390170102, 1.7476839388224537, 1.7583390874354974, 1.7975490214749983, 1.835403995470693, 1.8636867100378427], "arctander": [1.0304532287419357, 1.0165446426701779, 1.002733009731321, 0.9919499268480865, 0.9810699044806015, 0.9725492387469679, 0.96544234484363, 0.9585317988506464, 0.9515404768200768, 0.9458199867412451, 0.9429556520916935, 0.9396236000361873, 0.9397647762310859, 0.935259922414259, 0.9320600772471753, 0.9282336570054524, 0.9260647030262967, 0.9247623675234325, 0.928962078177439, 0.9276905721559654, 0.9256268022166751, 0.9258285552694353, 0.9257879386019461, 0.9259452161470525, 0.9264177576122038, 0.9251255852155814, 0.9259383464287524, 0.9251958515326348, 0.9253153607195447, 0.9290487245071243], "ifra_2019": [0.9850184255314286, 0.9545698395320636, 0.9267189158568063, 0.9035472656846281, 0.8920107897349919, 0.8822590383089909, 0.8743794672633749, 0.8696472430358015, 0.8683613864683587, 0.8691573303067929, 0.8707326131224383, 0.8734926038953211, 0.8757328237023319, 0.8761386303534058, 0.881488202263079, 0.8817064650800351, 0.8884728570029466, 0.8940475530272667, 0.897920160720872, 0.8990565261682201, 0.9079750920597998, 0.9140616664362335, 0.9179409059377192, 0.9251371545519658, 0.9337279181408202, 0.9345113989661038, 0.9404012998537764, 0.9495343959505251, 0.9570398829014939, 0.9672430546398127], "leffingwell": [1.0785282030519607, 1.0954036399068734, 1.1044820390624128, 1.1076321446112323, 1.1055770847046142, 1.0994296129374073, 1.0959827726639018, 1.0892862335627118, 1.0833351318497746, 1.0778627124565523, 1.0746979456402115, 1.0708337741936358, 1.0694043396749848, 1.0662202753363708, 1.062116678132335, 1.0599896506628546, 1.0537026179849738, 1.0487818549967463, 1.0487664573665434, 1.0456794798792541, 1.0427272326327421, 1.0397177009716847, 1.0353615651052623, 1.0325243717944168, 1.0313700885088053, 1.030885191765723, 1.028015554731691, 1.023385335922877, 1.019217702392168, 1.0151347182095518], "sigma_2014": [0.9944935051125077, 0.9635999863655261, 0.9366578219884922, 0.9125249554305122, 0.8947657536642947, 0.8818989390120867, 0.8730642449645314, 0.8648935781176486, 0.856337818541607, 0.8499732554627829, 0.8431979056195567, 0.8380954577408597, 0.8356705747306457, 0.8315371578124815, 0.8284956492509318, 0.8248199898020167, 0.8196278947377574, 0.8160062871965825, 0.8173361841973873, 0.8135726781971028, 0.8095096929808134, 0.8074546948171032, 0.8042111362811998, 0.802550117423708, 0.8002385720057984, 0.8005199241720657, 0.8000531738213954, 0.7966815075332306, 0.7930351740822059, 0.7898836630292535]}, "lambda_history_scaled": {"dream_mean": [727.6545179188838, 768.737823550794, 836.993959959283, 924.4865817312142, 987.2597947977646, 1065.5055404361683, 1115.470921537354, 1197.9327486651014, 1289.965827798754, 1362.3474331982798, 1408.712842107033, 1463.859567989891, 1461.585455276874, 1541.9840264408342, 1601.5763833354051, 1701.153742275559, 1825.1875422337077, 1922.8124539086277, 1861.4793262012531, 1967.1060164134935, 2027.3733552123806, 2077.2722809457287, 2197.8240367412377, 2259.8362283930596, 2263.8060156530364, 2301.2762971061165, 2337.9966493894285, 2463.1879515007163, 2604.086626360557, 2612.1388143170802], "dream_std": [719.9231035224944, 725.2767109331713, 745.0281696638945, 769.679051262866, 799.5718723124505, 833.3540838583062, 859.7715136260931, 894.3223835267644, 929.6144867538452, 962.5182782974607, 981.5245368399234, 1003.2361465752657, 1008.0181433010968, 1041.435683471622, 1064.706690566988, 1093.9923660422166, 1130.5867491896067, 1162.172445757064, 1151.9098554783034, 1178.9152434070181, 1205.849374220743, 1217.5766272559265, 1244.1383313529552, 1252.3466801358347, 1259.8773360451466, 1279.304643218036, 1287.1042120027842, 1315.8058837196988, 1343.5157246845474, 1364.218671747701], "arctander": [2679.178394729033, 2643.0160709424626, 2607.1058253014344, 2579.0698098050248, 2550.781751649564, 2528.6280207421164, 2510.150096593438, 2492.182677011681, 2474.0052397321997, 2459.1319655272373, 2451.684695438403, 2443.021360094087, 2443.3884182008233, 2431.6757982770737, 2423.3562008426557, 2413.4075082141762, 2407.7682278683715, 2404.3821555609247, 2415.3014032613414, 2411.99548760551, 2406.6296857633556, 2407.154243700532, 2407.04864036506, 2407.4575619823363, 2408.6861697917298, 2405.3265215605115, 2407.4397007147563, 2405.5092139848507, 2405.8199378708164, 2415.526683718523], "ifra_2019": [1087.4603417866972, 1053.8451028433983, 1023.0976831059141, 997.5161813158294, 984.7799118674311, 974.0139782931259, 965.3149318587659, 960.0905563115249, 958.670970661068, 959.5496926586993, 961.2888048871719, 964.3358347004345, 966.8090373673743, 967.2570479101599, 973.1629752984392, 973.4039374483588, 980.8740341312531, 987.0284985421024, 991.3038574358427, 992.558404889715, 1002.404501634019, 1009.1240797456019, 1013.406760155242, 1021.3514186253702, 1030.8356216274656, 1031.7005844585785, 1038.2030350385692, 1048.2859731293797, 1056.5720307232493, 1067.8363323223532], "leffingwell": [4014.281971759398, 4077.0923477333827, 4110.882149390301, 4122.606842243006, 4114.957909270574, 4092.0770193530298, 4079.2478798550424, 4054.3233613204134, 4032.173360744861, 4011.8050157632874, 4000.0257536728673, 3985.6433075487125, 3980.3229522702936, 3968.471864801972, 3953.1982760085507, 3945.2814797671444, 3921.8811441400726, 3903.5660642978896, 3903.5087543182744, 3892.019024110584, 3881.030759859066, 3869.8292830166106, 3853.6157453217866, 3843.0557118188194, 3838.759469429773, 3836.9546837520206, 3826.2738947113535, 3809.0402203049484, 3793.5282883036493, 3778.3314211759516], "sigma_2014": [975.59812851537, 945.2915866245811, 918.8613233707109, 895.1869812773324, 877.7652043446731, 865.142859170857, 856.4760243102053, 848.4606001334132, 840.0673999893164, 833.82376360899, 827.1771454127851, 822.1716440437833, 819.7928338107633, 815.7379518140443, 812.754231915164, 809.1484099957784, 804.0549647377401, 800.5021677398474, 801.806796697637, 798.1147973113578, 794.129008814178, 792.1130556155782, 788.931124691857, 787.3016651926575, 785.0340391376882, 785.3100456127964, 784.8521635187889, 781.5445588900992, 777.967505774644, 774.8758734316976]}, "l_hat": [0.16666666666666666, 0.06095494968636807, 0.04988508950796258, 0.045336536121137735, 0.04296989973305014, 0.041471897623583893, 0.04063039673291348, 0.03936610138812709, 0.03835338746830512, 0.03808313177974194, 0.03792099327018057, 0.0372044817700102, 0.03752019063541017, 0.03624053852691704, 0.03608743206048468, 0.03569463666378636, 0.034526487938261914, 0.034459289635097874, 0.035778877023532385, 0.034161924641825075, 0.0335898365126852, 0.03360137781489645, 0.03313221382782, 0.03267792438484955, 0.0327655791393977, 0.03270588485178173, 0.032634143334245524, 0.03137739214273635, 0.030869195856498905, 0.030461373437687008],