{"train": {"dream_mean": [0.17718517780303955, 0.05919865146279335, 0.04510575160384178, 0.039948344230651855, 0.040965691208839417, 0.03887743130326271, 0.040887266397476196, 0.03770984709262848, 0.036800120025873184, 0.038264114409685135, 0.04001110792160034, 0.03898369520902634, 0.04326720908284187, 0.03697095811367035, 0.038220856338739395, 0.03628303483128548, 0.03475300595164299, 0.03616700321435928, 0.04568604379892349, 0.03567036613821983, 0.03711368516087532, 0.03766120970249176, 0.035017963498830795, 0.03671393170952797, 0.039042890071868896, 0.037739258259534836, 0.03777742385864258, 0.033964864909648895, 0.033437229692935944, 0.03686206415295601], "dream_std": [0.19959719479084015, 0.07409526407718658, 0.056803859770298004, 0.05071632191538811, 0.04729810729622841, 0.045286376029253006, 0.04554674029350281, 0.04326818138360977, 0.04226866364479065, 0.042389437556266785, 0.04389996454119682, 0.04284263774752617, 0.04518856108188629, 0.040647804737091064, 0.04159265384078026, 0.04065787047147751, 0.03887566924095154, 0.039294466376304626, 0.044624630361795425, 0.03935854136943817, 0.03874720633029938, 0.04005289450287819, 0.03842470049858093, 0.03931432217359543, 0.03937732055783272, 0.03840136528015137, 0.03928295150399208, 0.03643375262618065, 0.035986725240945816, 0.035865847021341324], "arctander": [0.12775970995426178, 0.061187710613012314, 0.05047130212187767, 0.04557771235704422, 0.043483223766088486, 0.0417947992682457, 0.04076173156499863, 0.0397009514272213, 0.03883128985762596, 0.038401827216148376, 0.03771268576383591, 0.03716269135475159, 0.036746226251125336, 0.03651413694024086, 0.03614872321486473, 0.03593681752681732, 0.03460140898823738, 0.03434428200125694, 0.03434513509273529, 0.03395868465304375, 0.033487048000097275, 0.03309383988380432, 0.0327741876244545, 0.03217694163322449, 0.03211994841694832, 0.032361581921577454, 0.03197690472006798, 0.031116412952542305, 0.03048189915716648, 0.029426876455545425], "ifra_2019": [0.1960359364748001, 0.08771319687366486, 0.07228235900402069, 0.06509938091039658, 0.05839987099170685, 0.056288380175828934, 0.05477463826537132, 0.05251860246062279, 0.05036097392439842, 0.04945556819438934, 0.04891769960522652, 0.04773306846618652, 0.047998324036598206, 0.047087423503398895, 0.04566283896565437, 0.04632647708058357, 0.04345409944653511, 0.04344642534852028, 0.044845279306173325, 0.04381795600056648, 0.0414634570479393, 0.04183757305145264, 0.041744209825992584, 0.04037356376647949, 0.04005739837884903, 0.04135003313422203, 0.04031798988580704, 0.03838246315717697, 0.03793317824602127, 0.03678536415100098], "leffingwell": [0.0933559313416481, 0.04504648223519325, 0.03787791728973389, 0.03515535220503807, 0.033980634063482285, 0.033378005027770996, 0.0324060320854187, 0.031900208443403244, 0.031073812395334244, 0.03082415834069252, 0.030400052666664124, 0.02995588257908821, 0.029827609658241272, 0.029194165021181107, 0.029154250398278236, 0.02867891639471054, 0.028242921456694603, 0.028018785640597343, 0.028236594051122665, 0.02756658010184765, 0.02707204595208168, 0.027046529576182365, 0.02690988965332508, 0.02631153166294098, 0.026150036603212357, 0.026071175932884216, 0.026248833164572716, 0.02555270679295063, 0.025106314569711685, 0.024657778441905975], "sigma_2014": [0.17637896537780762, 0.0820884183049202, 0.06708579510450363, 0.06109115481376648, 0.05661673843860626, 0.0537404790520668, 0.05170845985412598, 0.05032750591635704, 0.049430519342422485, 0.04863300547003746, 0.04861172288656235, 0.047433704137802124, 0.04695563390851021, 0.04620944708585739, 0.04575430974364281, 0.04556364193558693, 0.04470706358551979, 0.04420381784439087, 0.04399871453642845, 0.043854009360075, 0.043252769857645035, 0.04270400479435921, 0.04264112934470177, 0.04153631627559662, 0.041753076016902924, 0.04105747863650322, 0.041156232357025146, 0.04058140888810158, 0.04007607325911522, 0.03929685428738594]}, "val": {"dream_mean": [0.0, 0.0, 0.0, 0.0, 0.0, 0.0, 0.0, 0.0, 0.0, 0.0, 0.0, 0.0, 0.0, 0.0, 0.0, 0.0, 0.0, 0.0, 0.0, 0.0, 0.0, 0.0, 0.0, 0.0, 0.0, 0.0, 0.0, 0.0, 0.0, 0.0], "dream_std": [0.0, 0.0, 0.0, 0.0, 0.0, 0.0, 0.0, 0.0, 0.0, 0.0, 0.0, 0.0, 0.0, 0.0, 0.0, 0.0, 0.0, 0.0, 0.0, 0.0, 0.0, 0.0, 0.0, 0.0, 0.0, 0.0, 0.0, 0.0, 0.0, 0.0], "arctander": [0.0, 0.0, 0.0, 0.0, 0.0, 0.0, 0.0, 0.0, 0.0, 0.0, 0.0, 0.0, 0.0, 0.0, 0.0, 0.0, 0.0, 0.0, 0.0, 0.0, 0.0, 0.0, 0.0, 0.0, 0.0, 0.0, 0.0, 0.0, 0.0, 0.0], "ifra_2019": [0.0, 0.0, 0.0, 0.0, 0.0, 0.0, 0.0, 0.0, 0.0, 0.0, 0.0, 0.0, 0.0, 0.0, 0.0, 0.0, 0.0, 0.0, 0.0, 0.0, 0.0, 0.0, 0.0, 0.0, 0.0, 0.0, 0.0, 0.0, 0.0, 0.0], "leffingwell": [0.0, 0.0, 0.0, 0.0, 0.0, 0.0, 0.0, 0.0, 0.0, 0.0, 0.0, 0.0, 0.0, 0.0, 0.0, 0.0, 0.0, 0.0, 0.0, 0.0, 0.0, 0.0, 0.0, 0.0, 0.0, 0.0, 0.0, 0.0, 0.0, 0.0], "sigma_2014": [0.0, 0.0, 0.0, 0.0, 0.0, 0.0, 0.0, 0.0, 0.0, 0.0, 0.0, 0.0, 0.0, 0.0, 0.0, 0.0, 0.0, 0.0, 0.0, 0.0, 0.0, 0.0, 0.0, 0.0, 0.0, 0.0, 0.0, 0.0, 0.0, 0.0]}}