{"train": {"dream_mean": [0.31904494762420654, 0.1868802309036255, 0.15829776227474213, 0.1444397121667862, 0.1333787590265274, 0.1276959925889969, 0.12338552623987198, 0.12168778479099274, 0.1158679649233818, 0.11279375851154327, 0.10827871412038803, 0.10589540749788284, 0.10119940340518951, 0.09789390116930008, 0.10098770260810852, 0.09957953542470932, 0.0945044457912445, 0.09436214715242386, 0.09270394593477249, 0.0893653929233551, 0.08609364181756973, 0.08505919575691223, 0.08240122348070145, 0.08191129565238953, 0.0820140466094017, 0.08115502446889877, 0.08088510483503342, 0.0805523693561554, 0.07747426629066467, 0.07857713103294373], "dream_std": [0.34416669607162476, 0.22198937833309174, 0.19711992144584656, 0.1801196038722992, 0.1707340031862259, 0.16563747823238373, 0.1622195541858673, 0.15998190641403198, 0.155650794506073, 0.15065602958202362, 0.1458764225244522, 0.14587867259979248, 0.1403653472661972, 0.13754026591777802, 0.138833686709404, 0.1399843841791153, 0.13328605890274048, 0.13308443129062653, 0.13147783279418945, 0.1274530440568924, 0.1251196563243866, 0.12471474707126617, 0.12105858325958252, 0.12168233841657639, 0.11987898498773575, 0.1211063340306282, 0.11854395270347595, 0.11904045194387436, 0.11601509153842926, 0.11646023392677307], "arctander": [0.42710748314857483, 0.4000468850135803, 0.38282716274261475, 0.3702278435230255, 0.36727628111839294, 0.3715450167655945, 0.3714967370033264, 0.3736138641834259, 0.37548962235450745, 0.37111055850982666, 0.37572410702705383, 0.3778136372566223, 0.3772067725658417, 0.3807927966117859, 0.3824271857738495, 0.3788480758666992, 0.3821927011013031, 0.38515806198120117, 0.38336506485939026, 0.3851718604564667, 0.3914680480957031, 0.3944747745990753, 0.3951023519039154, 0.3952747583389282, 0.39508163928985596, 0.4016812741756439, 0.4036122262477875, 0.39304038882255554, 0.3992055654525757, 0.4008330702781677], "ifra_2019": [0.38450711965560913, 0.3662109375, 0.3564453125, 0.3518497347831726, 0.3434053361415863, 0.34426701068878174, 0.3447840213775635, 0.34814453125, 0.3497529923915863, 0.3451573848724365, 0.34923598170280457, 0.3519933223724365, 0.35305607318878174, 0.3561580777168274, 0.3551240861415863, 0.3556123673915863, 0.3568761348724365, 0.36009305715560913, 0.3603515625, 0.3636259138584137, 0.36819279193878174, 0.3699735701084137, 0.3748563826084137, 0.36474609375, 0.36931297183036804, 0.37643611431121826, 0.38060086965560913, 0.36911189556121826, 0.37126609683036804, 0.36451631784439087], "leffingwell": [0.4280572533607483, 0.4134679138660431, 0.4104779064655304, 0.409683495759964, 0.41308775544166565, 0.41591450572013855, 0.41946008801460266, 0.42221859097480774, 0.4251330494880676, 0.42930492758750916, 0.4307670295238495, 0.4309570789337158, 0.43373507261276245, 0.43648627400398254, 0.4319903254508972, 0.43488770723342896, 0.43803852796554565, 0.4394567906856537, 0.4394982159137726, 0.4415329694747925, 0.44544166326522827, 0.4460727870464325, 0.44329479336738586, 0.44430607557296753, 0.4475373327732086, 0.4461848735809326, 0.4445595145225525, 0.44484949111938477, 0.44641637802124023, 0.449764609336853], "sigma_2014": [0.40644288063049316, 0.3615083694458008, 0.34540116786956787, 0.3241758346557617, 0.31138038635253906, 0.31331226229667664, 0.3033770024776459, 0.3002910315990448, 0.2973807156085968, 0.29770687222480774, 0.3017963767051697, 0.30104371905326843, 0.3014451265335083, 0.3059862554073334, 0.30274975299835205, 0.30219781398773193, 0.30300065875053406, 0.3092227280139923, 0.31150585412979126, 0.30608659982681274, 0.3134627938270569, 0.31920817494392395, 0.3166240155696869, 0.31391438841819763, 0.3221436142921448, 0.32116514444351196, 0.3259069621562958, 0.3228210210800171, 0.3253048360347748, 0.326032429933548]}, "val": {"DREAM": [1.6122684343680875, 2.213743418659764, 3.135921937880564, 4.198806220602972, 4.783640617063157, 5.811026465429247, 6.343641863330085, 6.78166340701991, 7.040615617836906, 7.267053432775815, 7.504099703281979, 7.693942646372409, 7.964102944736635, 8.164684025956937, 8.289115986235181, 8.503962804323866, 8.68811960951818, 8.819955372631457, 8.973053838028356, 9.012121112254427, 9.169218968989709, 9.290521683509033, 9.287618593554175, 9.309274066729598, 9.284447083168203, 9.460804278072239, 9.525480059061351, 9.547459675033712, 9.541663619942044, 9.522610350231139]}}