{"train": {"dream_mean": [0.19410823285579681, 0.05823785439133644, 0.04603515565395355, 0.042468007653951645, 0.04130904749035835, 0.04063357785344124, 0.041319794952869415, 0.042609572410583496, 0.04153987765312195, 0.041089385747909546, 0.03931426256895065, 0.04158574342727661, 0.03798103332519531, 0.03969716653227806, 0.0430239774286747, 0.04283485934138298, 0.03864585608243942, 0.04089577868580818, 0.04152833670377731, 0.038793884217739105, 0.037345483899116516, 0.04028945416212082, 0.036708422005176544, 0.03894802927970886, 0.04004693031311035, 0.041576821357011795, 0.040251970291137695, 0.04100843518972397, 0.038174115121364594, 0.04089292511343956], "dream_std": [0.21294809877872467, 0.07688358426094055, 0.06000791862607002, 0.05132073536515236, 0.047463808208703995, 0.04666673019528389, 0.04675232246518135, 0.046828728169202805, 0.04558345302939415, 0.04448436573147774, 0.04259885475039482, 0.04659343138337135, 0.04130687192082405, 0.04242655634880066, 0.04395240917801857, 0.045259810984134674, 0.04131096601486206, 0.0429021380841732, 0.042578600347042084, 0.04063995182514191, 0.040160637348890305, 0.04230089113116264, 0.03890085220336914, 0.04045870900154114, 0.03987777605652809, 0.04247051104903221, 0.04008186608552933, 0.04088211804628372, 0.039033178240060806, 0.04012525826692581], "arctander": [0.12844766676425934, 0.058278437703847885, 0.04903744161128998, 0.04510998725891113, 0.042867280542850494, 0.041242815554142, 0.040305569767951965, 0.04017387703061104, 0.03902985528111458, 0.03850993886590004, 0.03779459744691849, 0.037438999861478806, 0.03669433295726776, 0.03583252802491188, 0.0360712856054306, 0.03625153750181198, 0.03545752540230751, 0.034964073449373245, 0.03485728055238724, 0.034238409250974655, 0.03348173573613167, 0.033249638974666595, 0.032441314309835434, 0.03297905996441841, 0.03282119706273079, 0.03200066462159157, 0.031982459127902985, 0.032243408262729645, 0.031982842832803726, 0.031630989164114], "ifra_2019": [0.18586128950119019, 0.08504986763000488, 0.06982384622097015, 0.06188616156578064, 0.05742111802101135, 0.053309813141822815, 0.05257080867886543, 0.0514083169400692, 0.049837347120046616, 0.049612391740083694, 0.04758394509553909, 0.04770611971616745, 0.04642066732048988, 0.044411513954401016, 0.04443533718585968, 0.04589339345693588, 0.04416629672050476, 0.0434223972260952, 0.04428374394774437, 0.041682302951812744, 0.04083426669239998, 0.040595609694719315, 0.0400470532476902, 0.04036908224225044, 0.04018816351890564, 0.03918151929974556, 0.03850366547703743, 0.039993077516555786, 0.04013804718852043, 0.03933333605527878], "leffingwell": [0.09681786596775055, 0.04343362897634506, 0.03746099770069122, 0.035146795213222504, 0.03428341820836067, 0.033168017864227295, 0.032803457230329514, 0.03241879120469093, 0.03185490518808365, 0.03136911615729332, 0.03091350570321083, 0.030739808455109596, 0.030064834281802177, 0.029836401343345642, 0.029949605464935303, 0.03008001483976841, 0.02927115559577942, 0.029074667021632195, 0.028705589473247528, 0.028306802734732628, 0.027749614790081978, 0.027529172599315643, 0.027319438755512238, 0.027055494487285614, 0.027171846479177475, 0.02668270468711853, 0.02662072516977787, 0.02658015862107277, 0.026376381516456604, 0.026194291189312935], "sigma_2014": [0.17055845260620117, 0.07982794940471649, 0.06626379489898682, 0.058905091136693954, 0.05588845536112785, 0.052216287702322006, 0.05120209604501724, 0.050055842846632004, 0.0488307848572731, 0.04794672504067421, 0.047049254179000854, 0.04746432229876518, 0.04570974409580231, 0.045317143201828, 0.04467201605439186, 0.04509495943784714, 0.04448133707046509, 0.04383367672562599, 0.04405881464481354, 0.04324756935238838, 0.04255334660410881, 0.04222646355628967, 0.04271792620420456, 0.041424088180065155, 0.041497163474559784, 0.04090815782546997, 0.04047926887869835, 0.040800027549266815, 0.04053697735071182, 0.04013078287243843]}, "val": {}}