{"lambda_history": {"dream_mean": [0.9858627499795352, 1.0548132899677316, 1.155992756148824, 1.2627177522414055, 1.370760456593367, 1.4738968473892238, 1.5668878041414662, 1.6399789689057678, 1.7204958748108616, 1.8061368591230305, 1.9196335449778317, 1.9970664101092077, 2.1410834166752153, 2.2401110326559737, 2.273273989645044, 2.322476195134114, 2.455221995392822, 2.5267468818877292, 2.583601645603693, 2.697894686639533, 2.850266732399664, 2.9112801144364004, 3.0890492659594675, 3.197359227938645, 3.273138712213474, 3.2789368417531435, 3.318171760877054, 3.3458421932934423, 3.472502818460403, 3.489650218084548], "dream_std": [0.9782663323234695, 0.9768378288221871, 0.9934513235017894, 1.0304335825930302, 1.0803284404826634, 1.121973808658694, 1.1588483054737921, 1.1924239999884494, 1.2281806147183516, 1.2699296025688176, 1.3236646347352323, 1.3378575916867814, 1.3967803915300172, 1.4364863506546324, 1.4624190885228945, 1.478583140456246, 1.5285338131378927, 1.554458113010376, 1.5843281709322783, 1.628320898759578, 1.6686047049660087, 1.6768754347707802, 1.7282790736897067, 1.7563828780450594, 1.7960002436798752, 1.7849908099931076, 1.8055357106864625, 1.8192600403707122, 1.8586357743418036, 1.8754775829447157], "arctander": [1.0297545302808426, 1.0190992443559483, 1.0078805003871836, 0.9959676910629547, 0.9863480492125181, 0.976859344792222, 0.9704279735490214, 0.9634181436126888, 0.9581185179156012, 0.9532380636335758, 0.9479421315014518, 0.9461262687641274, 0.9417414892731653, 0.9400598388876354, 0.9387162464891612, 0.9385221862954669, 0.9360917310866496, 0.9356060711504883, 0.9353372430191482, 0.9333575524513165, 0.9318820094098639, 0.9318823355525341, 0.933138875115629, 0.9313277383455957, 0.9306830640405753, 0.9325557145199188, 0.9323737203131262, 0.9323862423741515, 0.9316702933338804, 0.932290902642475], "ifra_2019": [0.9896726085964229, 0.9524801355880219, 0.9221817558896032, 0.8997063281973217, 0.8842256954205786, 0.8756531530692857, 0.868145576874562, 0.8637491444575628, 0.8610787035159355, 0.8571474196610263, 0.8569393480169274, 0.8571956099389542, 0.8565042127991302, 0.8617097167068541, 0.8679719882187398, 0.8695128737744857, 0.8720469119738632, 0.8766107077741968, 0.8766535102334978, 0.8835007907953834, 0.8899405295324742, 0.8971369258450196, 0.902809229070759, 0.9069941612361698, 0.9119264365812688, 0.9191093360985869, 0.9277390999394854, 0.9293960631161251, 0.9277135294041088, 0.9293864752608156], "leffingwell": [1.0721445365488456, 1.0958814965078882, 1.1091856885477434, 1.1137694452209064, 1.1122022704099717, 1.1083513426332188, 1.1043942907735276, 1.1017786845345015, 1.0976338150557523, 1.0943357434798096, 1.0890176390063506, 1.0869958448340675, 1.082113029438926, 1.0761071408623402, 1.0714668098478717, 1.0685730399914786, 1.064347652175695, 1.0606077205244606, 1.0599505022196236, 1.0560400561176781, 1.0521293958849511, 1.0504180128119625, 1.045792507740202, 1.0446606392587796, 1.0424669349680955, 1.0415174780061913, 1.0387058494304178, 1.038824169696371, 1.0379178631314738, 1.037548721149434], "sigma_2014": [0.9977182098687772, 0.961501300658085, 0.9303748539724217, 0.9067464083242707, 0.8867411792721067, 0.8728714076824462, 0.8614932959468317, 0.8535038431092614, 0.8464821218072573, 0.8409076042893497, 0.8353075052051058, 0.829631892625773, 0.8252520557492515, 0.82067891999447, 0.8199188750061782, 0.8192963255627401, 0.8158122147531264, 0.8140042602360477, 0.811245318061797, 0.8076429130644619, 0.8037355173332186, 0.8012324143772322, 0.7947144789074861, 0.7934564835387443, 0.7920805528325581, 0.7908877456202306, 0.7899550003801893, 0.7892623901456284, 0.7879185026851788, 0.7874076931714928]}, "lambda_history_scaled": {"dream_mean": [666.4432189861658, 713.0537840181865, 781.451103156605, 853.5972005151901, 926.6340686571161, 996.3542688351152, 1059.216155599631, 1108.625782980299, 1163.0552113721424, 1220.9485167671685, 1297.6722764050141, 1350.0168932338245, 1447.3723896724455, 1514.3150580754382, 1536.7332170000495, 1569.9939079106612, 1659.7300688855476, 1708.080892156105, 1746.5147124280966, 1823.7768081683244, 1926.7803111021728, 1968.0253573590066, 2088.1973037886, 2161.414838086524, 2212.6417694563083, 2216.561305025125, 2243.0841103528883, 2261.789322666367, 2347.4119052792325, 2359.0035474251545], "dream_std": [661.3080406506654, 660.3423722837985, 671.5730946872096, 696.5731018328884, 730.3020257662805, 758.4542946532771, 783.3814545002834, 806.0786239921918, 830.2500955496057, 858.4724113365207, 894.7972930810171, 904.3917319802642, 944.2235446742916, 971.0647730425314, 988.5953038414767, 999.5222029484222, 1033.2888576812154, 1050.8136843950142, 1071.00584355022, 1100.7449275614747, 1127.9767805570218, 1133.5677939050474, 1168.3166538142418, 1187.3148255584601, 1214.0961647275956, 1206.6537875553406, 1220.5421404240485, 1229.8197872906014, 1256.4377834550592, 1267.8228460706277], "arctander": [2619.6955250344636, 2592.588477641533, 2564.047992984995, 2533.7418060641567, 2509.269437196646, 2485.1301731514127, 2468.7687647087105, 2450.9357573506804, 2437.4535095772894, 2425.037633883817, 2411.564782539693, 2406.94522773594, 2395.7903487109324, 2391.5122301301444, 2388.094131068426, 2387.6004419356677, 2381.4173638844363, 2380.181845006842, 2379.497946240713, 2374.461613436149, 2370.7078319386937, 2370.7086616456468, 2373.9052982941603, 2369.2977663511956, 2367.6577149192235, 2372.4217377386735, 2371.958744476593, 2371.9906005998414, 2370.1692262413917, 2371.7480563224567], "ifra_2019": [1076.763798152908, 1036.2983875197679, 1003.3337504078883, 978.880485078686, 962.0375566175895, 952.7106305393828, 944.5423876395234, 939.7590691698283, 936.8536294253379, 932.5763925911965, 932.350010642417, 932.6288236135821, 931.8765835254537, 937.5401717770574, 944.3535231819889, 946.0300066666405, 948.7870402275631, 953.7524500583261, 953.7990191340456, 961.248860385377, 968.2552961313319, 976.0849753193813, 982.2564412289858, 986.8096474249528, 992.1759630004204, 999.9909576752625, 1009.3801407341601, 1011.1829166703441, 1009.3523199916704, 1011.1724850837675], "leffingwell": [3928.33758191497, 4015.3098032049024, 4064.056362838932, 4080.851247289401, 4075.109118782136, 4060.9993194081135, 4046.500681394205, 4036.9171001344134, 4021.730298364276, 4009.6461641100223, 3990.1606293192685, 3982.7527754720236, 3964.862139864225, 3942.856564119614, 3925.8543912826017, 3915.2516185287773, 3899.769797571746, 3886.066688001624, 3883.658640132701, 3869.330765615173, 3855.002106522461, 3848.7315989430303, 3831.7837483600997, 3827.6365822441685, 3819.598849723102, 3816.120039414685, 3805.818232313051, 3806.251757767503, 3802.93105051372, 3801.5785142915265], "sigma_2014": [946.8345811654696, 912.4647343245227, 882.9257364198282, 860.5023414997329, 841.5173791292293, 828.3549658906414, 817.5571378535433, 809.9751471106891, 803.3115335950872, 798.0213164705929, 792.7068224396454, 787.3206661018586, 783.1642009060397, 778.824295074752, 778.1030123808631, 777.5122129590404, 774.205791800717, 772.4900429640093, 769.8718068406454, 766.4531244981744, 762.7450059492244, 760.3695612439934, 754.1840404832044, 752.9902028782684, 751.6844446380976, 750.5524705935989, 749.6672953607996, 749.0100082482013, 747.7346590482347, 747.2499008197467]}, "l_hat": [0.16666666666666666, 0.05908453001806584, 0.0492389445967807, 0.04482358349495919, 0.042741646036634565, 0.04095224363790883, 0.040434908528240734, 0.04010423351297767, 0.03912338694194412, 0.03857802504449819, 0.03763789544537053, 0.03797358509032406, 0.03657296998955202, 0.03619046145315479, 0.03657769432569514, 0.036961155726293035, 0.03561216944628138, 0.035528529952441795, 0.03550099192608939, 0.03448037933171994, 0.0337664968590041, 0.03391955617760523, 0.03311988147032116, 0.0333377135137512, 0.03336348883808435, 0.03307725875293437, 0.032667937963840744, 0.0330318474812757, 0.032545517474440865, 0.03251976595710774],