{"train": {"dream_mean": [0.32258838415145874, 0.18783022463321686, 0.1621057093143463, 0.14673775434494019, 0.13436973094940186, 0.1288602203130722, 0.12099561840295792, 0.11721613258123398, 0.11399661004543304, 0.10825552046298981, 0.10292612016201019, 0.10142747312784195, 0.09851746261119843, 0.09733335673809052, 0.09339408576488495, 0.09289266914129257, 0.0936851054430008, 0.08844992518424988, 0.08781956136226654, 0.08742628246545792, 0.08703849464654922, 0.08224964141845703, 0.08296338468790054, 0.0816279724240303, 0.08490906655788422], "dream_std": [0.34146422147750854, 0.2200891226530075, 0.1986110806465149, 0.18517978489398956, 0.17377379536628723, 0.1677667200565338, 0.1608678251504898, 0.15556760132312775, 0.15431751310825348, 0.14731821417808533, 0.142531156539917, 0.14051450788974762, 0.13687975704669952, 0.13583728671073914, 0.13267721235752106, 0.13223350048065186, 0.13240614533424377, 0.12723495066165924, 0.12720637023448944, 0.1272299885749817, 0.12608276307582855, 0.12211135774850845, 0.11975468695163727, 0.1221620962023735, 0.12247606366872787], "arctander": [0.4260351359844208, 0.40451204776763916, 0.38967299461364746, 0.3774912655353546, 0.37240704894065857, 0.36938366293907166, 0.3733425438404083, 0.3732137382030487, 0.37411534786224365, 0.3772065341472626, 0.3798299729824066, 0.382087379693985, 0.38656145334243774, 0.3846972584724426, 0.3858700096607208, 0.38712412118911743, 0.3885883688926697, 0.38891375064849854, 0.3971026837825775, 0.39551642537117004, 0.39498767256736755, 0.39964479207992554, 0.40206485986709595, 0.3968721926212311, 0.39486563205718994], "ifra_2019": [0.385869562625885, 0.3652060627937317, 0.35518568754196167, 0.34952446818351746, 0.3456748127937317, 0.34275928139686584, 0.3442312180995941, 0.34210824966430664, 0.3450803756713867, 0.35017549991607666, 0.3510812819004059, 0.35538384318351746, 0.35292118787765503, 0.3502887189388275, 0.3534590005874634, 0.35838428139686584, 0.3624603748321533, 0.3634794056415558, 0.3637058436870575, 0.3671875, 0.3689141869544983, 0.37273550033569336, 0.3745754063129425, 0.3731034994125366, 0.3753679692745209], "leffingwell": [0.4266512989997864, 0.4151593744754791, 0.4096246063709259, 0.41264641284942627, 0.4132896363735199, 0.41587942838668823, 0.4169834852218628, 0.419693261384964, 0.4219518005847931, 0.4289962649345398, 0.42884504795074463, 0.4319940507411957, 0.4331605136394501, 0.4339309632778168, 0.43480223417282104, 0.4372119903564453, 0.43870487809181213, 0.44101622700691223, 0.44144105911254883, 0.44256433844566345, 0.4421994984149933, 0.44550690054893494, 0.4427875280380249, 0.44479167461395264, 0.4427827298641205], "sigma_2014": [0.40184348821640015, 0.37295103073120117, 0.3451286554336548, 0.33053651452064514, 0.31509315967559814, 0.30001458525657654, 0.29724207520484924, 0.29806897044181824, 0.293958842754364, 0.2957342267036438, 0.30035507678985596, 0.3032248616218567, 0.30093875527381897, 0.30164405703544617, 0.30461111664772034, 0.3078213930130005, 0.31008318066596985, 0.3104479908943176, 0.3091590106487274, 0.31339073181152344, 0.31932488083839417, 0.3195923864841461, 0.3303905725479126, 0.3265722990036011, 0.3210029602050781]}, "val": {"dream_mean": [0.0, 0.0, 0.0, 0.0, 0.0, 0.0, 0.0, 0.0, 0.0, 0.0, 0.0, 0.0, 0.0, 0.0, 0.0, 0.0, 0.0, 0.0, 0.0, 0.0, 0.0, 0.0, 0.0, 0.0, 0.0], "dream_std": [0.0, 0.0, 0.0, 0.0, 0.0, 0.0, 0.0, 0.0, 0.0, 0.0, 0.0, 0.0, 0.0, 0.0, 0.0, 0.0, 0.0, 0.0, 0.0, 0.0, 0.0, 0.0, 0.0, 0.0, 0.0], "arctander": [0.0, 0.0, 0.0, 0.0, 0.0, 0.0, 0.0, 0.0, 0.0, 0.0, 0.0, 0.0, 0.0, 0.0, 0.0, 0.0, 0.0, 0.0, 0.0, 0.0, 0.0, 0.0, 0.0, 0.0, 0.0], "ifra_2019": [0.0, 0.0, 0.0, 0.0, 0.0, 0.0, 0.0, 0.0, 0.0, 0.0, 0.0, 0.0, 0.0, 0.0, 0.0, 0.0, 0.0, 0.0, 0.0, 0.0, 0.0, 0.0, 0.0, 0.0, 0.0], "leffingwell": [0.0, 0.0, 0.0, 0.0, 0.0, 0.0, 0.0, 0.0, 0.0, 0.0, 0.0, 0.0, 0.0, 0.0, 0.0, 0.0, 0.0, 0.0, 0.0, 0.0, 0.0, 0.0, 0.0, 0.0, 0.0], "sigma_2014": [0.0, 0.0, 0.0, 0.0, 0.0, 0.0, 0.0, 0.0, 0.0, 0.0, 0.0, 0.0, 0.0, 0.0, 0.0, 0.0, 0.0, 0.0, 0.0, 0.0, 0.0, 0.0, 0.0, 0.0, 0.0]}}