{"lambda_history": {"dream_mean": [0.9865723217500418, 1.0647259125314956, 1.1547891655067049, 1.252904176031553, 1.366274534419338, 1.4722272398247536, 1.5914082163890209, 1.669567503439124, 1.7647785075931166, 1.9001058631844283, 2.067573448157465, 2.162940345984407, 2.272189819392627, 2.3713810577780565, 2.4764188192851977, 2.5394576202175134, 2.507027845345059, 2.6566211192864966, 2.745359189409184, 2.818587534982402, 2.801196285856364, 2.960546222973225, 3.021998180920814, 3.146287633888698, 3.0855836314032263], "dream_std": [0.9804553820538421, 0.9881141645386333, 1.0016236047926714, 1.023127114365182, 1.0605460044430324, 1.1000423322335795, 1.1482945329211605, 1.1938314144743214, 1.2274309469942755, 1.275731076974659, 1.3379010856318208, 1.3797836917051334, 1.43378992277692, 1.4720963910487919, 1.507393185169699, 1.532011594064208, 1.5443347420950515, 1.5882575348360772, 1.6161393457533824, 1.6358695171332565, 1.6329387313657122, 1.670863798161498, 1.7056525553754716, 1.7238133135467009, 1.7238141358718995], "arctander": [1.029270469567375, 1.017206737689764, 1.0073313803984885, 0.9975553453935267, 0.9871538822775155, 0.9779124569648524, 0.9692228670985723, 0.9642115506376232, 0.9579601340818813, 0.9515036641808009, 0.9451216800496796, 0.941520673426077, 0.9384481032310776, 0.9348290861724994, 0.9334084702867952, 0.9317839197121813, 0.930920947927091, 0.928062368683547, 0.9282327100699876, 0.9279986158110737, 0.9297151222193102, 0.9298227430340641, 0.9289539172968805, 0.9276312787464953, 0.92931395637384], "ifra_2019": [0.992777381832435, 0.9506800888540669, 0.9150700522221117, 0.8894876102448271, 0.870695065575762, 0.8570584522265522, 0.8468739875406958, 0.8405535137377027, 0.8386983942619628, 0.8381983133519567, 0.8376618579598338, 0.8394755204095796, 0.8429920419807165, 0.8446176131457185, 0.8454346877854532, 0.849575845138621, 0.8548238373601894, 0.8600368804957306, 0.8656652980719846, 0.8692792902171129, 0.8740836915036063, 0.8781359253607015, 0.8853672945982127, 0.8870822544098073, 0.893451688251146], "leffingwell": [1.0742197136512555, 1.0930274673955593, 1.1056917309003107, 1.111315316999205, 1.1109932977505048, 1.1080313194422589, 1.1024382079911836, 1.096546055168286, 1.090617395521947, 1.0850457094015966, 1.0783619589563247, 1.0737571120559426, 1.067525645203669, 1.0646164175966408, 1.0612024559746387, 1.0585138589773284, 1.0594547304820137, 1.0553434628778684, 1.0508134563753824, 1.0478320230365732, 1.0467312969454172, 1.0408731286745028, 1.0381773452392768, 1.0369594998754545, 1.0369478065544186], "sigma_2014": [0.9886458033896055, 0.9630462854952713, 0.9407019618623436, 0.9208556037869856, 0.9050711143681495, 0.8938353516194876, 0.8860360942944057, 0.8783428310361928, 0.8735745704066733, 0.8653799560756601, 0.8596314045683778, 0.8543212805085826, 0.8493552241784521, 0.8465596509075413, 0.8433286600443275, 0.841143305038324, 0.8387587634170788, 0.8337321029818949, 0.8304113584285074, 0.8293184300823704, 0.8287273893474316, 0.8259686114675487, 0.822462296730876, 0.821082351250209, 0.8200080410204783]}, "lambda_history_scaled": {"dream_mean": [722.1709395210306, 779.3793679730547, 845.305669150908, 917.1258568550967, 1000.1129591949555, 1077.6703395517195, 1164.9108143967633, 1222.1234125174387, 1291.8178675581614, 1390.8774918510014, 1513.4637640512642, 1583.272333260586, 1663.242947795403, 1735.8509342935374, 1812.7385757167647, 1858.8829779992197, 1835.1443827925834, 1944.6466593177156, 2009.6029266475227, 2063.2060756071182, 2050.4756812468586, 2167.1198352164006, 2212.102668434036, 2303.082548006527, 2258.647218187162], "dream_std": [717.6933396634124, 723.2995684422796, 733.1884787082355, 748.9290477153133, 776.3196752522997, 805.2309871949802, 840.5515980982894, 873.8845953952033, 898.4794531998097, 933.8351483454504, 979.3435946824928, 1010.0016623281576, 1049.5342234727054, 1077.5745582477157, 1103.4118115442195, 1121.4324868550002, 1130.4530312135778, 1162.6045155000086, 1183.0140010914758, 1197.4564865415437, 1195.3111513597014, 1223.0723002542165, 1248.5376705348451, 1261.8313455161851, 1261.8319474582304], "arctander": [2663.7519752403664, 2632.531037141109, 2606.973612471288, 2581.6732338784473, 2554.75424733421, 2530.837438625038, 2508.348780051105, 2495.379493050169, 2479.2008270039087, 2462.4914828999126, 2445.9749079685707, 2436.6555028266876, 2428.703691162029, 2419.3376750144284, 2415.661121102226, 2411.4567842151255, 2409.2234132353115, 2401.8254101530197, 2402.266253661128, 2401.660417719059, 2406.1027363035746, 2406.381258972158, 2404.1327379643267, 2400.70974939593, 2405.064519095498], "ifra_2019": [1096.0262295430082, 1049.5508180948898, 1010.2373376532113, 981.9943217102891, 961.2473523956413, 946.1925312581136, 934.9488822449281, 927.9710791664238, 925.9230272652069, 925.3709379405602, 924.7786911876566, 926.780974532176, 930.663214346711, 932.4578449128732, 933.3598953151403, 937.9317330330376, 943.7255164456491, 949.4807160672865, 955.6944890714709, 959.6843363996927, 964.9883954199814, 969.4620615982145, 977.4454932364268, 979.3388088684272, 986.3706638292651], "leffingwell": [3996.0973347826703, 4066.0621787114806, 4113.173238949155, 4134.0929792370425, 4132.895067631878, 4121.876508325203, 4101.070133727203, 4079.151325226024, 4057.0967113416427, 4036.3700389739392, 4011.506487317528, 3994.3764568481065, 3971.1954001576487, 3960.3730734595038, 3947.673136225656, 3937.671555395662, 3941.171597393091, 3925.8776819056707, 3909.026057716422, 3897.935125696052, 3893.840424636952, 3872.04803866915, 3862.01972429011, 3857.4893395366907, 3857.4458403824374], "sigma_2014": [967.8842415184238, 942.8223134998706, 920.9472206632344, 901.5176361074589, 886.0646209664184, 875.0648092354784, 867.4293363142232, 859.8976315844328, 855.2295044281332, 847.2069769980712, 841.5791450724419, 836.3805336179023, 831.5187644707046, 828.7818982384829, 825.6187581833966, 823.4792956325192, 821.1448293853201, 816.2237288192752, 812.9727199015088, 811.9027430506407, 811.3241141711355, 808.6232706267302, 805.1905884995276, 803.8396218739546, 802.7878721590482]}, "l_hat": [0.16666666666666666, 0.06144316915341406, 0.05114237043925314, 0.04620996381216155, 0.04343451781057573, 0.04197881482182452, 0.04059946310136114, 0.039929948418667205, 0.03915868265368139, 0.03807602867688218, 0.037156379828820196, 0.03693347593957491, 0.0365602602640697, 0.03618309635050947, 0.035476704468768244, 0.03552504632071999, 0.0359576709027946, 0.03452233647646969, 0.03431664924862602, 0.03423037133971064, 0.03439307969265756, 0.033033680156788085, 0.03293243883218274, 0.033265214532099664, 0.03321857308521905], "r": {"dream_mean": [1.0, 0.7067933441733121, 0.6457612524775315, 0.5943844934727812, 0.5421882817482707, 0.5114258715555657, 0.47294148965708627, 0.469051258952706, 0.44085944374387337, 0.40292488284830297, 0.36907975539661153, 0.37080460149849354, 0.35269325527374246, 0.34255889493525976, 0.3294802388351416, 0.33011022728859907, 0.3551700963524296, 0.30448653038563706, 0.3050496241213882, 0.30082362401680224, 0.31805693309583455, 0.27808478225510935, 0.28522732437299264, 0.26884324726296277, 0.29904114754596706], "dream_std": [1.0, 0.849038769494086, 0.8222127959446751, 0.7865881757493982, 0.7315697823534555, 0.7016836860528289, 0.6620274940919562, 0.6405423410735915, 0.6341596234428504, 0.5974504441361554, 0.5611437050540994, 0.5600496705820235, 0.5323568732759661, 0.5293548993299511, 0.5196337005554236, 0.5187032320864924, 0.524040573824681, 0.4901873316340776, 0.49134027138954345, 0.49044020168436175, 0.5056636722948903, 0.47104234144391516, 0.46475498931078685, 0.4677245983311232, 0.47899356020698347],