{"train": {"dream_mean": [0.1925172656774521, 0.058930058032274246, 0.048546597361564636, 0.04402109235525131, 0.04121793061494827, 0.04110823944211006, 0.039801232516765594, 0.041930507868528366, 0.04064598307013512, 0.03834132105112076, 0.037031468003988266, 0.04000414162874222, 0.039504896849393845, 0.03978339582681656, 0.039136242121458054, 0.04086720570921898, 0.04524507001042366, 0.03729042783379555, 0.03916460648179054, 0.039721306413412094, 0.04295970872044563, 0.036356937140226364, 0.039054542779922485, 0.037958208471536636, 0.0433536171913147], "dream_std": [0.20715415477752686, 0.0756998136639595, 0.06172545626759529, 0.054370906203985214, 0.0488683320581913, 0.047108910977840424, 0.044794391840696335, 0.04445834830403328, 0.04498617351055145, 0.04254766181111336, 0.04067523777484894, 0.04207008704543114, 0.040930502116680145, 0.04174249619245529, 0.04122929647564888, 0.04205923154950142, 0.043335601687431335, 0.03979216888546944, 0.04058082774281502, 0.041020527482032776, 0.04265395551919937, 0.03862961009144783, 0.038645386695861816, 0.04010671749711037, 0.040939245373010635], "arctander": [0.12892864644527435, 0.06105496734380722, 0.050623003393411636, 0.045988649129867554, 0.04363803192973137, 0.04216666892170906, 0.040906354784965515, 0.039644982665777206, 0.03921404853463173, 0.03833577409386635, 0.03755325824022293, 0.0367838591337204, 0.036417894065380096, 0.03611036017537117, 0.035068344324827194, 0.03509421646595001, 0.035228654742240906, 0.034445006400346756, 0.033684659749269485, 0.03361596539616585, 0.03330593556165695, 0.03248320147395134, 0.032413024455308914, 0.032820917665958405, 0.03209066018462181], "ifra_2019": [0.1796414852142334, 0.08931435644626617, 0.0736144632101059, 0.06387385725975037, 0.05857892706990242, 0.05548170208930969, 0.0530477873980999, 0.05116864666342735, 0.049046918749809265, 0.04746657982468605, 0.0464397668838501, 0.04537975788116455, 0.044523436576128006, 0.0443994477391243, 0.04369083419442177, 0.042843811213970184, 0.042818792164325714, 0.041392236948013306, 0.040866341441869736, 0.041056279093027115, 0.04074356332421303, 0.03955070301890373, 0.03862593322992325, 0.04000873863697052, 0.03873665630817413], "leffingwell": [0.09566464275121689, 0.04545418545603752, 0.03859255835413933, 0.03571927174925804, 0.034336529672145844, 0.03354354575276375, 0.032837800681591034, 0.032340820878744125, 0.03179575130343437, 0.030984455719590187, 0.030449824407696724, 0.029968177899718285, 0.029911493882536888, 0.02922913245856762, 0.02871645800769329, 0.02863841876387596, 0.028474576771259308, 0.028077982366085052, 0.027894627302885056, 0.027648335322737694, 0.02746189571917057, 0.02708549238741398, 0.02661070041358471, 0.026744231581687927, 0.026394072920084], "sigma_2014": [0.1880141645669937, 0.08301378041505814, 0.06888855993747711, 0.06227292865514755, 0.05798342823982239, 0.05512271448969841, 0.05270346254110336, 0.05196500942111015, 0.05036989599466324, 0.0502045601606369, 0.048584405332803726, 0.04813439026474953, 0.0477512888610363, 0.0466848686337471, 0.045943379402160645, 0.04569853097200394, 0.04612120985984802, 0.045456960797309875, 0.0446951650083065, 0.04398491233587265, 0.04386076703667641, 0.04307276010513306, 0.04305729642510414, 0.04298921301960945, 0.042558543384075165]}, "val": {"dream_mean": [0.0, 0.0, 0.0, 0.0, 0.0, 0.0, 0.0, 0.0, 0.0, 0.0, 0.0, 0.0, 0.0, 0.0, 0.0, 0.0, 0.0, 0.0, 0.0, 0.0, 0.0, 0.0, 0.0, 0.0, 0.0], "dream_std": [0.0, 0.0, 0.0, 0.0, 0.0, 0.0, 0.0, 0.0, 0.0, 0.0, 0.0, 0.0, 0.0, 0.0, 0.0, 0.0, 0.0, 0.0, 0.0, 0.0, 0.0, 0.0, 0.0, 0.0, 0.0], "arctander": [0.0, 0.0, 0.0, 0.0, 0.0, 0.0, 0.0, 0.0, 0.0, 0.0, 0.0, 0.0, 0.0, 0.0, 0.0, 0.0, 0.0, 0.0, 0.0, 0.0, 0.0, 0.0, 0.0, 0.0, 0.0], "ifra_2019": [0.0, 0.0, 0.0, 0.0, 0.0, 0.0, 0.0, 0.0, 0.0, 0.0, 0.0, 0.0, 0.0, 0.0, 0.0, 0.0, 0.0, 0.0, 0.0, 0.0, 0.0, 0.0, 0.0, 0.0, 0.0], "leffingwell": [0.0, 0.0, 0.0, 0.0, 0.0, 0.0, 0.0, 0.0, 0.0, 0.0, 0.0, 0.0, 0.0, 0.0, 0.0, 0.0, 0.0, 0.0, 0.0, 0.0, 0.0, 0.0, 0.0, 0.0, 0.0], "sigma_2014": [0.0, 0.0, 0.0, 0.0, 0.0, 0.0, 0.0, 0.0, 0.0, 0.0, 0.0, 0.0, 0.0, 0.0, 0.0, 0.0, 0.0, 0.0, 0.0, 0.0, 0.0, 0.0, 0.0, 0.0, 0.0]}}