{"train": {"dream_mean": [0.3318084478378296, 0.1945449709892273, 0.16753320395946503, 0.1508629471063614, 0.1353347897529602, 0.1270994395017624, 0.1203952208161354, 0.11415104568004608, 0.10938634723424911, 0.10958568006753922, 0.10317159444093704, 0.10222749412059784, 0.10462333261966705, 0.0991525873541832, 0.09492416679859161, 0.0925825908780098, 0.09599675983190536, 0.09155844151973724, 0.09082081913948059, 0.08580662310123444, 0.08464915305376053, 0.08349552005529404, 0.08941168338060379, 0.08170119673013687, 0.07999622076749802], "dream_std": [0.33453676104545593, 0.21713553369045258, 0.19566380977630615, 0.1831093579530716, 0.16935910284519196, 0.16294196248054504, 0.15592005848884583, 0.15150882303714752, 0.14648529887199402, 0.1460753232240677, 0.139560267329216, 0.13835717737674713, 0.1396111696958542, 0.1365090310573578, 0.132345512509346, 0.13125444948673248, 0.13288971781730652, 0.12899895012378693, 0.12880849838256836, 0.1252054125070572, 0.12320733070373535, 0.12105707824230194, 0.12811161577701569, 0.11957492679357529, 0.11913370341062546], "arctander": [0.4314570128917694, 0.40955090522766113, 0.39484521746635437, 0.38744834065437317, 0.37902188301086426, 0.3755876123905182, 0.37266814708709717, 0.3698164224624634, 0.37570953369140625, 0.37693557143211365, 0.3785003125667572, 0.38087108731269836, 0.3778364956378937, 0.37923187017440796, 0.38744834065437317, 0.3893856406211853, 0.38641875982284546, 0.3849082291126251, 0.3895820677280426, 0.39275214076042175, 0.3938833475112915, 0.3982185125350952, 0.3938901424407959, 0.39773082733154297, 0.3979543447494507], "ifra_2019": [0.3927234709262848, 0.3687329888343811, 0.3547810912132263, 0.3565675914287567, 0.34185004234313965, 0.3469544053077698, 0.34383508563041687, 0.3475782573223114, 0.3504140079021454, 0.34777677059173584, 0.3540721535682678, 0.3514065444469452, 0.35115131735801697, 0.3509811758995056, 0.35818397998809814, 0.3607361614704132, 0.36093467473983765, 0.3569362461566925, 0.36337339878082275, 0.3666628897190094, 0.37071800231933594, 0.3714836537837982, 0.37488657236099243, 0.3736672103404999, 0.3799625635147095], "leffingwell": [0.4232732355594635, 0.4168679416179657, 0.41217362880706787, 0.4121544659137726, 0.4140091836452484, 0.4162592887878418, 0.4218114912509918, 0.4242604970932007, 0.42945805191993713, 0.4295586943626404, 0.4302464425563812, 0.43424585461616516, 0.4349287748336792, 0.43597835302352905, 0.437181293964386, 0.43805593252182007, 0.44217514991760254, 0.4400448501110077, 0.44396039843559265, 0.4460211992263794, 0.4443126618862152, 0.4443533718585968, 0.448367178440094, 0.44826653599739075, 0.4502362608909607], "sigma_2014": [0.39945483207702637, 0.37525931000709534, 0.3552853763103485, 0.3433685600757599, 0.3296666145324707, 0.31917306780815125, 0.3092343211174011, 0.30679789185523987, 0.3032759130001068, 0.3062672019004822, 0.3090413510799408, 0.30059826374053955, 0.2991267442703247, 0.3046026825904846, 0.31051287055015564, 0.31292515993118286, 0.3067013919353485, 0.3074733316898346, 0.30776283144950867, 0.3157716989517212, 0.3095961809158325, 0.3211993873119354, 0.31639888882637024, 0.320355087518692, 0.32788151502609253]}, "val": {"dream_mean": [0.0, 0.0, 0.0, 0.0, 0.0, 0.0, 0.0, 0.0, 0.0, 0.0, 0.0, 0.0, 0.0, 0.0, 0.0, 0.0, 0.0, 0.0, 0.0, 0.0, 0.0, 0.0, 0.0, 0.0, 0.0], "dream_std": [0.0, 0.0, 0.0, 0.0, 0.0, 0.0, 0.0, 0.0, 0.0, 0.0, 0.0, 0.0, 0.0, 0.0, 0.0, 0.0, 0.0, 0.0, 0.0, 0.0, 0.0, 0.0, 0.0, 0.0, 0.0], "arctander": [0.0, 0.0, 0.0, 0.0, 0.0, 0.0, 0.0, 0.0, 0.0, 0.0, 0.0, 0.0, 0.0, 0.0, 0.0, 0.0, 0.0, 0.0, 0.0, 0.0, 0.0, 0.0, 0.0, 0.0, 0.0], "ifra_2019": [0.0, 0.0, 0.0, 0.0, 0.0, 0.0, 0.0, 0.0, 0.0, 0.0, 0.0, 0.0, 0.0, 0.0, 0.0, 0.0, 0.0, 0.0, 0.0, 0.0, 0.0, 0.0, 0.0, 0.0, 0.0], "leffingwell": [0.0, 0.0, 0.0, 0.0, 0.0, 0.0, 0.0, 0.0, 0.0, 0.0, 0.0, 0.0, 0.0, 0.0, 0.0, 0.0, 0.0, 0.0, 0.0, 0.0, 0.0, 0.0, 0.0, 0.0, 0.0], "sigma_2014": [0.0, 0.0, 0.0, 0.0, 0.0, 0.0, 0.0, 0.0, 0.0, 0.0, 0.0, 0.0, 0.0, 0.0, 0.0, 0.0, 0.0, 0.0, 0.0, 0.0, 0.0, 0.0, 0.0, 0.0, 0.0]}}