{"lambda_history": {"dream_mean": [0.9792362605056533, 1.0575669336837539, 1.1545698669153444, 1.2649901563971677, 1.4002712494575027, 1.5305409741097873, 1.6588092754498356, 1.8023289807362086, 1.9340160499381014, 2.0285224111851914, 2.162555692196226, 2.2134691342647175, 2.222476196201127, 2.324175904329084, 2.4653313622579405, 2.6267079114390715, 2.501519813804957, 2.618614581222435, 2.685878139525584, 2.884457253216958, 3.018375020892303, 3.1369407787800454, 3.049438926604068, 3.2234060776864677, 3.348081187235543], "dream_std": [0.9814762765379075, 0.9931226116705957, 1.012286643083685, 1.0356792888356714, 1.0793821823730998, 1.1216847704292865, 1.1709206865493744, 1.2184809263722618, 1.264221455569437, 1.298930946290707, 1.353683864213729, 1.3806065542929873, 1.4080677808489193, 1.4377523853177125, 1.4702148385537672, 1.5065219326534256, 1.4925794910815737, 1.5255146772408534, 1.5368633869207047, 1.5824937187073715, 1.6188544901035145, 1.6547825506455094, 1.6367161915029733, 1.6782636092665242, 1.6933040763256033], "arctander": [1.0231287977281243, 1.013760028948838, 1.004109410638814, 0.9952624273409448, 0.9853866712694952, 0.9779446201997777, 0.9707016269323865, 0.9650722844536929, 0.9602214423279243, 0.9564264354738679, 0.9515464215114807, 0.9498695395881694, 0.9472944369227424, 0.9465495599026661, 0.9440470211157896, 0.9426351237902393, 0.944302050871523, 0.9436999460063061, 0.9437675073775526, 0.9419585668153319, 0.9398059224477027, 0.9392223289762103, 0.9418037538390168, 0.9403134258088669, 0.9405206036636029], "ifra_2019": [0.9937661330499539, 0.950046359408011, 0.9151120603656672, 0.887282989030307, 0.8673432792165067, 0.8532001890284495, 0.8431032924810007, 0.8362777670371125, 0.8319629875680083, 0.8312887205259925, 0.8324677425355432, 0.8323283641333477, 0.8350757429948131, 0.8312928873220589, 0.8340047794747716, 0.8381671107690696, 0.8436393217457346, 0.8427786248782084, 0.8456496345488652, 0.8522128158269188, 0.8577009842490575, 0.8658937260110471, 0.8708653590647889, 0.8772414374825135, 0.8849384614654139], "leffingwell": [1.0715974050637458, 1.0887311271932003, 1.0997673389355476, 1.1058418145210804, 1.104950836663847, 1.1003483085342873, 1.0949876119717483, 1.0883012147791526, 1.0829279816149229, 1.0779408182764825, 1.0720865168299947, 1.069749843516359, 1.0685665377591553, 1.0652800380407135, 1.0609961754582207, 1.0549397905624485, 1.0587277459450277, 1.0553119932289745, 1.0524998154049992, 1.046114590891619, 1.0424996024101834, 1.0369650627073637, 1.038141070844149, 1.032236359423629, 1.0287829230988086], "sigma_2014": [0.9859882035154715, 0.9626366319912802, 0.941080147363208, 0.9226680122687224, 0.9071990826920564, 0.8958798526251122, 0.8866593749277327, 0.8786502493215071, 0.8707656789082964, 0.8652863866620969, 0.8586672724487207, 0.8547795856038158, 0.8519026978192186, 0.8506637692022407, 0.8462415132148572, 0.8424629300102261, 0.8436067953981059, 0.8401182873103563, 0.8378570375656961, 0.8324655906643995, 0.8294057717438115, 0.8271018043238119, 0.8280568824614881, 0.8258953807239737, 0.8218305113990062]}, "lambda_history_scaled": {"dream_mean": [718.7594152111495, 776.2541293238753, 847.4542823158628, 928.5027747955211, 1027.799097101807, 1123.4170749965838, 1217.5660081801793, 1322.9094718603772, 1419.5677806545664, 1488.9354498099306, 1587.3158780720298, 1624.6863445503027, 1631.297528011627, 1705.9451137775477, 1809.5532198973283, 1928.0036069962784, 1836.1155433328383, 1922.0631026172673, 1971.434554411779, 2117.191623861247, 2215.4872653349503, 2302.5145316245535, 2238.288172127386, 2365.980061021867, 2457.4915914308885], "dream_std": [720.4035869788241, 728.9519969662173, 743.0183960234248, 760.1885980053828, 792.2665218618553, 823.3166214950963, 859.4557839272409, 894.3649999572401, 927.9385483879669, 953.4153145773789, 993.603956332877, 1013.3652108510527, 1033.5217511431067, 1055.310250823201, 1079.137691498465, 1105.7870985676143, 1095.553346453875, 1119.7277730947865, 1128.0577259997972, 1161.5503895312106, 1188.2391957359796, 1214.6103921738038, 1201.3496845631823, 1231.8454892016287, 1242.885192022993], "arctander": [2649.903586115842, 2625.63847497749, 2600.6433735545284, 2577.729686813047, 2552.1514785879926, 2532.876566317424, 2514.117213754881, 2499.5372167350647, 2486.973535629324, 2477.1444678773178, 2464.505231714735, 2460.1621075333587, 2453.492591629903, 2451.5633601479053, 2445.0817846898954, 2441.4249706167197, 2445.7423117572444, 2444.182860156333, 2444.357844107861, 2439.6726880517094, 2434.09733913955, 2432.5858320483844, 2439.2717224430535, 2435.411772844965, 2435.9483634887315], "ifra_2019": [1095.1302786210492, 1046.951088067628, 1008.4534905229652, 977.7858539113984, 955.8122936965904, 940.2266083093514, 929.0998283140627, 921.578099274898, 916.8232122999452, 916.0801700196437, 917.3794522741687, 917.2258572749491, 920.253468780284, 916.0847618289089, 919.0732669811982, 923.6601560675147, 929.6905325637996, 928.7420446157856, 931.9058972728494, 939.1385230412645, 945.1864846424613, 954.2148860641739, 959.6936256893973, 966.7200641057299, 975.2021845348861], "leffingwell": [3992.7719312675167, 4056.6121799218645, 4097.733104873851, 4120.366600905546, 4117.046817409494, 4099.897797598755, 4079.923842206734, 4055.0103262671228, 4034.9896594972024, 4016.4074888981736, 3994.59436170856, 3985.887916941954, 3981.4789196906127, 3969.2334217396983, 3953.2717497573303, 3930.705659635683, 3944.8195813911734, 3932.092486771159, 3921.6143121990267, 3897.822965662172, 3884.353518580343, 3863.731823647637, 3868.113629965299, 3846.112675212442, 3833.2451714661606], "sigma_2014": [973.1703568697703, 950.1223557753937, 928.8461054474863, 910.673328109229, 895.4054946170596, 884.2334145409857, 875.1328030536722, 867.2277960803276, 859.4457250824885, 854.0376636354896, 847.5045979068873, 843.6674509909662, 840.8279627475687, 839.6051402026117, 835.240373543064, 831.5109119200931, 832.6399070579305, 829.1967495753216, 826.964896077342, 821.6435379857624, 818.6234967111419, 816.3494808676023, 817.2921429894888, 815.158740774562, 811.1467147508191]}, "l_hat": [0.16666666666666666, 0.0621998676777212, 0.05180437531811627, 0.04651694317320663, 0.04311042575428433, 0.04149264625953672, 0.04009618949166586, 0.03908771647833334, 0.03822075729008855, 0.03819053769820997, 0.03696987544047088, 0.03711223705756342, 0.03743520033591354, 0.03645010631703913, 0.03552519304646338, 0.03537573928410952, 0.036531810936918256, 0.035096506649381326, 0.03484117818901414, 0.03356918794201353, 0.033740738389609275, 0.032953062951172375, 0.03462694178118503, 0.032733646008555536, 0.03229348375754891], "r": {"dream_mean": [1.0, 0.6920184123208287, 0.6234031725488434, 0.5668604041423212, 0.5076558872828205, 0.4727838293604926, 0.44238893963738385, 0.40864986759095195, 0.3884606679382496, 0.38223410797386254, 0.3535594488774985, 0.36522150810749565, 0.3749601305910194, 0.3394625072472435, 0.31678091721946433, 0.2981115185974231, 0.37568839743795507, 0.3053119538185528, 0.3067086322643153, 0.2726903986149087, 0.2698433669847003, 0.26307978154901207, 0.300001996219183, 0.25211110839030826, 0.249295077919108], "dream_std": [1.0, 0.8466137602253659, 0.8123602625989025, 0.7839205133056774, 0.7205716247454941, 0.6946832703455968, 0.6584735814093546, 0.6348342230962628, 0.6146000082389085, 0.6085381896362885, 0.5694003705144914, 0.5806095592620111, 0.5699051291540328, 0.555612094653521, 0.5416435335449771, 0.5267527482322292, 0.5729411224224834, 0.52364834565201, 0.5342129502265343, 0.4983778271194697, 0.49368960830082237, 0.48411864265069077, 0.5237778496213462, 0.47499473667678743, 0.48477973472196023],