{"train": {"dream_mean": [0.2103414088487625, 0.062032584100961685, 0.05047459900379181, 0.04516250267624855, 0.041344236582517624, 0.04113030061125755, 0.04075312986969948, 0.03987089917063713, 0.04025532305240631, 0.042382240295410156, 0.03999084234237671, 0.043853338807821274, 0.046358466148376465, 0.04130345955491066, 0.03937816247344017, 0.03919950872659683, 0.052855007350444794, 0.040208958089351654, 0.04177671670913696, 0.03708057478070259, 0.039407726377248764, 0.03924696892499924, 0.047905731946229935, 0.03781311213970184, 0.03876028582453728], "dream_std": [0.20455852150917053, 0.0739729031920433, 0.06006760895252228, 0.05325372517108917, 0.04672546684741974, 0.045304566621780396, 0.043232835829257965, 0.04251956567168236, 0.041874177753925323, 0.042894162237644196, 0.04010651260614395, 0.042439792305231094, 0.042740125209093094, 0.04165292903780937, 0.04050586372613907, 0.04017047584056854, 0.04495984688401222, 0.04001704975962639, 0.04122496768832207, 0.03771178424358368, 0.03846753016114235, 0.03767019510269165, 0.0429079607129097, 0.03718651458621025, 0.038164157420396805], "arctander": [0.13535961508750916, 0.062233276665210724, 0.05215085297822952, 0.04689353331923485, 0.043942879885435104, 0.04202151671051979, 0.040719348937273026, 0.03954688087105751, 0.03858902305364609, 0.03837919980287552, 0.03748380020260811, 0.03695335239171982, 0.037384290248155594, 0.03626826032996178, 0.03569053113460541, 0.03541875630617142, 0.035485442727804184, 0.03490065038204193, 0.034449122846126556, 0.03367992863059044, 0.03382059186697006, 0.03280401974916458, 0.033581677824258804, 0.03273875266313553, 0.03194759041070938], "ifra_2019": [0.1777471899986267, 0.08968735486268997, 0.07286787778139114, 0.06406637281179428, 0.057561736553907394, 0.054063647985458374, 0.05139012262225151, 0.04940769448876381, 0.04771658033132553, 0.046658795326948166, 0.04480736330151558, 0.045091450214385986, 0.044646020978689194, 0.0453399196267128, 0.0426250584423542, 0.04208356887102127, 0.04235661402344704, 0.04266655445098877, 0.04135516285896301, 0.03924904018640518, 0.03946333006024361, 0.03793139383196831, 0.03992573916912079, 0.03791133314371109, 0.03695932775735855], "leffingwell": [0.0971265658736229, 0.046093862503767014, 0.03917435556650162, 0.035777926445007324, 0.03403126820921898, 0.03322398290038109, 0.032260820269584656, 0.03166980668902397, 0.030851099640130997, 0.03077254444360733, 0.029991542920470238, 0.029612010344862938, 0.029709775000810623, 0.02926800400018692, 0.02868601307272911, 0.028801698237657547, 0.02825014479458332, 0.028219541534781456, 0.027888434007763863, 0.02741490863263607, 0.027215858921408653, 0.026788141578435898, 0.027142129838466644, 0.02670110948383808, 0.02602866291999817], "sigma_2014": [0.19382503628730774, 0.08359258621931076, 0.06990056484937668, 0.06247246265411377, 0.05769044905900955, 0.05471861734986305, 0.05260905250906944, 0.051229000091552734, 0.050243206322193146, 0.0496288537979126, 0.04863513261079788, 0.047959115356206894, 0.048100829124450684, 0.04663621261715889, 0.046413354575634, 0.04618166759610176, 0.045631349086761475, 0.04565823823213577, 0.04493900015950203, 0.044477805495262146, 0.04404423385858536, 0.042870283126831055, 0.04367604851722717, 0.04262367635965347, 0.04246685653924942]}, "val": {"dream_mean": [0.0, 0.0, 0.0, 0.0, 0.0, 0.0, 0.0, 0.0, 0.0, 0.0, 0.0, 0.0, 0.0, 0.0, 0.0, 0.0, 0.0, 0.0, 0.0, 0.0, 0.0, 0.0, 0.0, 0.0, 0.0], "dream_std": [0.0, 0.0, 0.0, 0.0, 0.0, 0.0, 0.0, 0.0, 0.0, 0.0, 0.0, 0.0, 0.0, 0.0, 0.0, 0.0, 0.0, 0.0, 0.0, 0.0, 0.0, 0.0, 0.0, 0.0, 0.0], "arctander": [0.0, 0.0, 0.0, 0.0, 0.0, 0.0, 0.0, 0.0, 0.0, 0.0, 0.0, 0.0, 0.0, 0.0, 0.0, 0.0, 0.0, 0.0, 0.0, 0.0, 0.0, 0.0, 0.0, 0.0, 0.0], "ifra_2019": [0.0, 0.0, 0.0, 0.0, 0.0, 0.0, 0.0, 0.0, 0.0, 0.0, 0.0, 0.0, 0.0, 0.0, 0.0, 0.0, 0.0, 0.0, 0.0, 0.0, 0.0, 0.0, 0.0, 0.0, 0.0], "leffingwell": [0.0, 0.0, 0.0, 0.0, 0.0, 0.0, 0.0, 0.0, 0.0, 0.0, 0.0, 0.0, 0.0, 0.0, 0.0, 0.0, 0.0, 0.0, 0.0, 0.0, 0.0, 0.0, 0.0, 0.0, 0.0], "sigma_2014": [0.0, 0.0, 0.0, 0.0, 0.0, 0.0, 0.0, 0.0, 0.0, 0.0, 0.0, 0.0, 0.0, 0.0, 0.0, 0.0, 0.0, 0.0, 0.0, 0.0, 0.0, 0.0, 0.0, 0.0, 0.0]}}