{"train": {"dream_mean": [0.3266811966896057, 0.19292590022087097, 0.16519278287887573, 0.14843352138996124, 0.13729870319366455, 0.12637139856815338, 0.12184948474168777, 0.11571275442838669, 0.11234315484762192, 0.10721249133348465, 0.1051957830786705, 0.10105010867118835, 0.09837449342012405, 0.09562855213880539, 0.09621652215719223, 0.0900544673204422, 0.08909887075424194, 0.08511646091938019, 0.08549604564905167, 0.084215447306633, 0.08499101549386978, 0.08255437761545181, 0.08009850233793259, 0.07468138635158539, 0.07280025631189346], "dream_std": [0.3472173511981964, 0.22291921079158783, 0.19559432566165924, 0.18128789961338043, 0.17046399414539337, 0.16256244480609894, 0.15767039358615875, 0.15089359879493713, 0.14949581027030945, 0.14367321133613586, 0.14277438819408417, 0.13845837116241455, 0.13556988537311554, 0.13391515612602234, 0.1349475234746933, 0.12915155291557312, 0.12796390056610107, 0.12337397038936615, 0.12374857068061829, 0.12287808954715729, 0.12297568470239639, 0.12124161422252655, 0.11812181770801544, 0.11346067488193512, 0.10985474288463593], "arctander": [0.43118396401405334, 0.40622082352638245, 0.39575132727622986, 0.38641804456710815, 0.3772876560688019, 0.3801417648792267, 0.3739534020423889, 0.372769832611084, 0.3763543367385864, 0.3772267997264862, 0.3768007159233093, 0.3852953612804413, 0.3830837607383728, 0.38650596141815186, 0.3881291449069977, 0.3945406973361969, 0.39778706431388855, 0.40096578001976013, 0.3973136246204376, 0.4024401903152466, 0.4000798165798187, 0.39638030529022217, 0.40517929196357727, 0.4036778509616852, 0.40996766090393066], "ifra_2019": [0.3915072977542877, 0.37093010544776917, 0.3644125759601593, 0.35672813653945923, 0.3479052782058716, 0.34494534134864807, 0.3459984064102173, 0.346766859292984, 0.3483891189098358, 0.3476206660270691, 0.35280054807662964, 0.3561873733997345, 0.35951730608940125, 0.36170879006385803, 0.36119648814201355, 0.36646175384521484, 0.36751478910446167, 0.37132856249809265, 0.3688809275627136, 0.38063523173332214, 0.37138548493385315, 0.3776184022426605, 0.377903014421463, 0.3806067705154419, 0.38678279519081116], "leffingwell": [0.4276502728462219, 0.4172559976577759, 0.41227594017982483, 0.41073107719421387, 0.4153321087360382, 0.4200626611709595, 0.4237089455127716, 0.423600971698761, 0.4290415942668915, 0.4306992292404175, 0.43144527077674866, 0.4344678223133087, 0.43931594491004944, 0.43467894196510315, 0.4362261891365051, 0.4405321776866913, 0.4394766688346863, 0.4443151652812958, 0.4405825436115265, 0.44509240984916687, 0.44265514612197876, 0.4456225633621216, 0.4458504319190979, 0.4479614496231079, 0.4431157410144806], "sigma_2014": [0.40012621879577637, 0.3739381730556488, 0.35789525508880615, 0.343624085187912, 0.33340615034103394, 0.32063978910446167, 0.3111499547958374, 0.3064657151699066, 0.30598029494285583, 0.30304354429244995, 0.3044027090072632, 0.3133828341960907, 0.3077520430088043, 0.31750884652137756, 0.3146449327468872, 0.3188437521457672, 0.3154943883419037, 0.3239648640155792, 0.32299402356147766, 0.3298626244068146, 0.32617348432540894, 0.32813942432403564, 0.33304208517074585, 0.3368525803089142, 0.33889132738113403]}, "val": {"dream_mean": [0.0, 0.0, 0.0, 0.0, 0.0, 0.0, 0.0, 0.0, 0.0, 0.0, 0.0, 0.0, 0.0, 0.0, 0.0, 0.0, 0.0, 0.0, 0.0, 0.0, 0.0, 0.0, 0.0, 0.0, 0.0], "dream_std": [0.0, 0.0, 0.0, 0.0, 0.0, 0.0, 0.0, 0.0, 0.0, 0.0, 0.0, 0.0, 0.0, 0.0, 0.0, 0.0, 0.0, 0.0, 0.0, 0.0, 0.0, 0.0, 0.0, 0.0, 0.0], "arctander": [0.0, 0.0, 0.0, 0.0, 0.0, 0.0, 0.0, 0.0, 0.0, 0.0, 0.0, 0.0, 0.0, 0.0, 0.0, 0.0, 0.0, 0.0, 0.0, 0.0, 0.0, 0.0, 0.0, 0.0, 0.0], "ifra_2019": [0.0, 0.0, 0.0, 0.0, 0.0, 0.0, 0.0, 0.0, 0.0, 0.0, 0.0, 0.0, 0.0, 0.0, 0.0, 0.0, 0.0, 0.0, 0.0, 0.0, 0.0, 0.0, 0.0, 0.0, 0.0], "leffingwell": [0.0, 0.0, 0.0, 0.0, 0.0, 0.0, 0.0, 0.0, 0.0, 0.0, 0.0, 0.0, 0.0, 0.0, 0.0, 0.0, 0.0, 0.0, 0.0, 0.0, 0.0, 0.0, 0.0, 0.0, 0.0], "sigma_2014": [0.0, 0.0, 0.0, 0.0, 0.0, 0.0, 0.0, 0.0, 0.0, 0.0, 0.0, 0.0, 0.0, 0.0, 0.0, 0.0, 0.0, 0.0, 0.0, 0.0, 0.0, 0.0, 0.0, 0.0, 0.0]}}