{"lambda_history": {"dream_mean": [0.9826008662763251, 1.0568598775731222, 1.1563114082350157, 1.271495907932739, 1.3801227328551495, 1.5205881994663866, 1.6235125250123839, 1.7544689928199801, 1.8641533742860115, 2.0026297261720347, 2.0789505186484507, 2.2092141371380905, 2.3464172788685187, 2.4667351240033346, 2.4878532931856236, 2.6844653390173336, 2.767122471624365, 2.9672602210608012, 3.024773266969996, 2.9941788367049504, 3.0772651978667227, 3.226920000421048, 3.3611738811315615, 3.682971361188324, 3.909619998432847], "dream_std": [0.9761149578302839, 0.9925246991673962, 1.0237204383484189, 1.0653980248326738, 1.1141944583629115, 1.1654708864564394, 1.2134161527061256, 1.2702112019933491, 1.3156478245221752, 1.370241499672788, 1.4036052888041475, 1.4517855004741518, 1.5011738941070685, 1.5430109316933769, 1.5491835902234556, 1.5970993847116794, 1.629070864613322, 1.6915980950272653, 1.7211410830745744, 1.719759571033413, 1.743614291660388, 1.786549709609349, 1.8293641216467582, 1.895943279635528, 1.9688299044089317], "arctander": [1.0345872885438667, 1.0166201288306964, 0.9980421740994494, 0.9816801209349899, 0.9685989308599703, 0.9572096399634721, 0.9488107634530669, 0.9407923291544312, 0.9350449853644683, 0.9295886161096815, 0.9251499715331686, 0.9218048819030809, 0.9191906089160855, 0.9170347849795151, 0.9157173148660246, 0.9132060694041904, 0.9136026286613902, 0.9122978674104988, 0.9121950549641339, 0.9129854857441893, 0.9116442677875827, 0.9091093657756492, 0.9079655106878983, 0.9066138330764609, 0.9064084615839679], "ifra_2019": [0.9849423272212048, 0.9514935332215821, 0.9233628673380039, 0.9015492203222328, 0.8855926469837518, 0.8754453660584298, 0.8689817908229275, 0.8646559293269865, 0.8621760592733908, 0.8608026824177484, 0.86431447780281, 0.8670152338247007, 0.8704938658846723, 0.8740239230174445, 0.8775091397958621, 0.881834991124343, 0.8888123878185659, 0.891827348503919, 0.8962867113460598, 0.9080774471566557, 0.9123545222467672, 0.9155913962598458, 0.921488792194502, 0.9300247369144534, 0.9407765707394075], "leffingwell": [1.0721667154108623, 1.0924094045615713, 1.1080226305172318, 1.115778436752368, 1.116902627321256, 1.112566092484834, 1.1082125811914012, 1.1017066354985188, 1.0964767458776814, 1.090840854520034, 1.0868163629035004, 1.080911892661778, 1.0747633065266722, 1.070304612853519, 1.0712967705737158, 1.0663176871406272, 1.061445131946766, 1.0565908901341914, 1.0546147692022612, 1.0539766586619423, 1.051678113831227, 1.0488511307313213, 1.0456492267821147, 1.0393220046557068, 1.0342031331457358], "sigma_2014": [0.9897429182264628, 0.9605134590567344, 0.9337881279791287, 0.912168106957585, 0.8962465485990498, 0.8842385972456746, 0.8743580112494944, 0.8674726788154146, 0.8613336023131279, 0.8552163903190718, 0.8512407022604547, 0.8460018988910576, 0.8416370536311023, 0.8378323485583861, 0.8354239642693121, 0.8303500221942017, 0.8268957984019926, 0.8223924292148519, 0.8205897855784441, 0.8178054066262641, 0.8174904954059466, 0.817100331528053, 0.8147965735137365, 0.8106817821908601, 0.805684676162398]}, "lambda_history_scaled": {"dream_mean": [719.26383411427, 773.6214303835254, 846.4199508280315, 930.735004606765, 1010.2498404499695, 1113.070562009395, 1188.411168309065, 1284.2713027442255, 1364.5602699773603, 1465.9249595579295, 1521.7917796506658, 1617.1447483850823, 1717.5774481317558, 1805.650110770441, 1821.1086106118764, 1965.0286281606882, 2025.533649229035, 2172.0344818165063, 2214.134031422037, 2191.7389084680235, 2252.558124838441, 2362.105440308207, 2460.379280988303, 2695.935036389853, 2861.841838852844], "dream_std": [714.5161491317679, 726.528079790534, 749.3633608710426, 779.8713541775172, 815.5903435216512, 853.1246888861136, 888.2206237808839, 929.7945998591316, 963.0542075502323, 1003.0167777604809, 1027.439071404636, 1062.706986347079, 1098.8592904863742, 1129.484001999552, 1134.0023880435695, 1169.0767496089493, 1192.4798728969517, 1238.2498055599583, 1259.8752728105885, 1258.8640059964584, 1276.3256614954041, 1307.7543874340436, 1339.094537045427, 1387.8304806932065, 1441.183490027338], "arctander": [2683.7194264827904, 2637.1126141868267, 2588.9213996139715, 2546.478233705364, 2512.545626650763, 2483.0018060652465, 2461.2151203972558, 2440.4153018265947, 2425.5066920354307, 2411.352870188514, 2399.8390261570394, 2391.161863656592, 2384.380439528326, 2378.7882322368623, 2375.3707147624677, 2368.8565440344696, 2369.8852187476464, 2366.500668062834, 2366.2339725769634, 2368.2843500204267, 2364.8052306409895, 2358.2296948220337, 2355.2625347244084, 2351.75628300034, 2351.223549348813], "ifra_2019": [1081.466675288883, 1044.7398994772973, 1013.8524283371282, 989.9010439138117, 972.3807263881595, 961.2390119321559, 954.1420063235744, 949.3922104010312, 946.6693130821831, 945.1613452946877, 949.0172966274854, 951.9827267395214, 955.8022647413701, 959.678267473154, 963.5050354958565, 968.2548202545287, 975.9160018247853, 979.226428657303, 984.1228090579737, 997.069036978008, 1001.7652654269504, 1005.3193530933106, 1011.7946938295631, 1021.1671611320699, 1032.9726746718693], "leffingwell": [3990.6045147592295, 4065.9478037781682, 4124.060230785137, 4152.9273415923135, 4157.111578889714, 4140.970996228552, 4124.767227194396, 4100.552097325487, 4081.08644815673, 4060.109660523567, 4045.1305027268286, 4023.154064487138, 4000.269026892274, 3983.6737690407977, 3987.36658007537, 3968.8344315374147, 3950.698781105863, 3932.63129307946, 3925.276170970816, 3922.9011235397493, 3914.345939679827, 3903.823908581978, 3891.906422083031, 3868.3565013285406, 3849.3040615684286], "sigma_2014": [970.9378027801599, 942.2637033346564, 916.0461535475253, 894.8369129253908, 879.2178641756678, 867.4380638980067, 857.745209035754, 850.9906979179217, 844.9682638691785, 838.9672789030094, 835.067128917506, 829.9278628121275, 825.6459496121114, 821.9135339357767, 819.5509089481951, 814.5733717725119, 811.1847782323547, 806.7669730597697, 804.9985796524536, 802.2671039003651, 801.9581759932337, 801.57542522902, 799.3154386169755, 795.2788283292338, 790.3766673153125]}, "l_hat": [0.16666666666666666, 0.06221360849876507, 0.05149254584553663, 0.046367713392766303, 0.04326273094345414, 0.04119988004406358, 0.04039701455543752, 0.03897953691144831, 0.03884524061712124, 0.037761980500130805, 0.0376205197123119, 0.03664457299346517, 0.036308679080164226, 0.03583400682610907, 0.03632899023685425, 0.03456209185425064, 0.03460595095784261, 0.03372974872765948, 0.033975015552617165, 0.03388233475091613, 0.03399074886786562, 0.03371236960228201, 0.03280416884012645, 0.03154566646708969, 0.03095749989325769], "r": {"dream_mean": [1.0, 0.7047688568595842, 0.6279210188942576, 0.5678225502808217, 0.531811119296562, 0.4767291384126496, 0.4642823748363017, 0.4255963608658307, 0.41057277064234027, 0.37967127871968537, 0.38279793005046847, 0.3518283033476006, 0.33364532007579273, 0.32316878164320184, 0.3401086789618934, 0.2918002921496539, 0.2995780023040317, 0.2692632584707239, 0.2815997020286009, 0.29768180239199665, 0.2745158567722371, 0.2569445067208208, 0.2500801213927678, 0.2197014313204596, 0.2152147779886084], "dream_std": [1.0, 0.8106785643503203, 0.7568334741076415, 0.7105772306901412, 0.6707075574266409, 0.6383483755466267, 0.6173767184426241, 0.5832109644860806, 0.5729717816668932, 0.5448077043901794, 0.5475420009747886, 0.5203076208773504, 0.5038068171167707, 0.4956471304332731, 0.5165533049645767, 0.4767113333614447, 0.47711744634050923, 0.4468467478744922, 0.4553386648148588, 0.4718537514511296, 0.4523796035292795, 0.43403665560549537, 0.4251802748186626, 0.4028590122839835, 0.3888789610383601],