{"train": {"dream_mean": [0.2017735093832016, 0.06157159432768822, 0.049087148159742355, 0.04397173225879669, 0.0424271896481514, 0.0395483523607254, 0.041588976979255676, 0.03947353735566139, 0.040949929505586624, 0.03924433887004852, 0.04215078428387642, 0.0393664576113224, 0.03932834789156914, 0.03983902558684349, 0.04419149458408356, 0.03690212965011597, 0.04062172770500183, 0.03693690523505211, 0.041265517473220825, 0.043978117406368256, 0.04061109572649002, 0.038916897028684616, 0.03859514743089676, 0.03426393121480942, 0.03591904044151306], "dream_std": [0.2189670354127884, 0.0763520672917366, 0.06029782071709633, 0.052868060767650604, 0.04865545779466629, 0.04639512300491333, 0.04599924385547638, 0.04387352615594864, 0.044899456202983856, 0.04313056170940399, 0.044767677783966064, 0.04265512153506279, 0.042351026087999344, 0.042422108352184296, 0.04556141421198845, 0.040739331394433975, 0.041769810020923615, 0.039162300527095795, 0.04128057882189751, 0.04304572194814682, 0.04171429201960564, 0.0404227040708065, 0.039424676448106766, 0.03710916265845299, 0.036258403211832047], "arctander": [0.12383536994457245, 0.061506036669015884, 0.05151820182800293, 0.046360645443201065, 0.042933396995067596, 0.04088577255606651, 0.03965716063976288, 0.03842027857899666, 0.03793637081980705, 0.03697150573134422, 0.03661470487713814, 0.0356314592063427, 0.03522877395153046, 0.0346723347902298, 0.03479887545108795, 0.033602092415094376, 0.033045630902051926, 0.03260750696063042, 0.032449960708618164, 0.03206228092312813, 0.03265492990612984, 0.03268072381615639, 0.03158106282353401, 0.030574148520827293, 0.02976151742041111], "ifra_2019": [0.1962115615606308, 0.09004774689674377, 0.07386825978755951, 0.0652545616030693, 0.059603311121463776, 0.055465519428253174, 0.053469959646463394, 0.05126827210187912, 0.05060951039195061, 0.049042630940675735, 0.04746732488274574, 0.0465124137699604, 0.04586876556277275, 0.04514078050851822, 0.04541592299938202, 0.04334414377808571, 0.04258854687213898, 0.04240768402814865, 0.04209631308913231, 0.04034041613340378, 0.04195964336395264, 0.04187959060072899, 0.04019032418727875, 0.03835410997271538, 0.03711926192045212], "leffingwell": [0.0968053936958313, 0.04591880738735199, 0.0386200025677681, 0.03569833189249039, 0.0340719036757946, 0.033148907124996185, 0.03251466900110245, 0.03172166272997856, 0.03147595748305321, 0.030727919191122055, 0.030381450429558754, 0.02989812195301056, 0.029689226299524307, 0.02911227196455002, 0.028775759041309357, 0.02820168063044548, 0.02812228910624981, 0.027546096593141556, 0.027294429019093513, 0.026960967108607292, 0.027351245284080505, 0.027262751013040543, 0.02655639499425888, 0.0259977076202631, 0.025352749973535538], "sigma_2014": [0.1857156753540039, 0.08468395471572876, 0.07044444233179092, 0.06266497820615768, 0.057314448058605194, 0.05396526679396629, 0.05255790054798126, 0.05022060126066208, 0.049952879548072815, 0.0488019660115242, 0.0480111762881279, 0.04735943302512169, 0.04681684076786041, 0.04608749598264694, 0.04610605910420418, 0.04504766687750816, 0.04456239938735962, 0.04399887099862099, 0.04337321221828461, 0.04335620254278183, 0.043091434985399246, 0.04287881404161453, 0.042214713990688324, 0.0413639135658741, 0.04083062335848808]}, "val": {"dream_mean": [0.0, 0.0, 0.0, 0.0, 0.0, 0.0, 0.0, 0.0, 0.0, 0.0, 0.0, 0.0, 0.0, 0.0, 0.0, 0.0, 0.0, 0.0, 0.0, 0.0, 0.0, 0.0, 0.0, 0.0, 0.0], "dream_std": [0.0, 0.0, 0.0, 0.0, 0.0, 0.0, 0.0, 0.0, 0.0, 0.0, 0.0, 0.0, 0.0, 0.0, 0.0, 0.0, 0.0, 0.0, 0.0, 0.0, 0.0, 0.0, 0.0, 0.0, 0.0], "arctander": [0.0, 0.0, 0.0, 0.0, 0.0, 0.0, 0.0, 0.0, 0.0, 0.0, 0.0, 0.0, 0.0, 0.0, 0.0, 0.0, 0.0, 0.0, 0.0, 0.0, 0.0, 0.0, 0.0, 0.0, 0.0], "ifra_2019": [0.0, 0.0, 0.0, 0.0, 0.0, 0.0, 0.0, 0.0, 0.0, 0.0, 0.0, 0.0, 0.0, 0.0, 0.0, 0.0, 0.0, 0.0, 0.0, 0.0, 0.0, 0.0, 0.0, 0.0, 0.0], "leffingwell": [0.0, 0.0, 0.0, 0.0, 0.0, 0.0, 0.0, 0.0, 0.0, 0.0, 0.0, 0.0, 0.0, 0.0, 0.0, 0.0, 0.0, 0.0, 0.0, 0.0, 0.0, 0.0, 0.0, 0.0, 0.0], "sigma_2014": [0.0, 0.0, 0.0, 0.0, 0.0, 0.0, 0.0, 0.0, 0.0, 0.0, 0.0, 0.0, 0.0, 0.0, 0.0, 0.0, 0.0, 0.0, 0.0, 0.0, 0.0, 0.0, 0.0, 0.0, 0.0]}}