{"train": {"dream_mean": [0.30748450756073, 0.18747588992118835, 0.15733702480793, 0.14287526905536652, 0.1311146318912506, 0.12240969389677048, 0.11705174297094345, 0.11356960982084274, 0.1079963892698288, 0.10780470818281174, 0.10504047572612762, 0.0992853119969368, 0.09596232324838638, 0.09657653421163559, 0.09275238960981369, 0.09239498525857925, 0.08913130313158035, 0.08795560151338577, 0.0858321338891983, 0.08457708358764648, 0.08205026388168335, 0.08184826374053955, 0.08017377555370331, 0.07732726633548737, 0.07811649888753891], "dream_std": [0.34201931953430176, 0.22405780851840973, 0.19561009109020233, 0.1781470626592636, 0.1688433438539505, 0.16055454313755035, 0.15526419878005981, 0.15207472443580627, 0.1468016803264618, 0.14641931653022766, 0.14209231734275818, 0.13735315203666687, 0.13475540280342102, 0.13675300776958466, 0.13109955191612244, 0.13127444684505463, 0.12812620401382446, 0.12599919736385345, 0.12462790310382843, 0.1245279535651207, 0.1214383915066719, 0.11967359483242035, 0.11847742646932602, 0.11633095890283585, 0.11616764217615128], "arctander": [0.4291331171989441, 0.40394261479377747, 0.3869885206222534, 0.3784402906894684, 0.3727460205554962, 0.37122753262519836, 0.37465766072273254, 0.3786707818508148, 0.37827083468437195, 0.3815111517906189, 0.3839447796344757, 0.3855852782726288, 0.3898153305053711, 0.38956451416015625, 0.3918015658855438, 0.3886290192604065, 0.39563167095184326, 0.39507579803466797, 0.3975636661052704, 0.3976856768131256, 0.4005531668663025, 0.4043019115924835, 0.4107351005077362, 0.408213347196579, 0.4066270887851715], "ifra_2019": [0.3874604403972626, 0.3697163164615631, 0.35660600662231445, 0.34883588552474976, 0.34643423557281494, 0.3441455662250519, 0.34626469016075134, 0.35055944323539734, 0.34959876537323, 0.3469710648059845, 0.3524242639541626, 0.3560126721858978, 0.35380876064300537, 0.35493898391723633, 0.3659018874168396, 0.36584538221359253, 0.3702249228954315, 0.3670603632926941, 0.36737117171287537, 0.37338945269584656, 0.37570637464523315, 0.3792382478713989, 0.38090530037879944, 0.3875734508037567, 0.3904554843902588], "leffingwell": [0.42518603801727295, 0.4149627983570099, 0.41003575921058655, 0.41122737526893616, 0.4169312119483948, 0.4202110767364502, 0.4229658842086792, 0.42582860589027405, 0.4289334714412689, 0.43323230743408203, 0.43533259630203247, 0.43425849080085754, 0.4382072985172272, 0.4385213553905487, 0.44138407707214355, 0.44432350993156433, 0.44285857677459717, 0.4436785578727722, 0.4442659616470337, 0.44410771131515503, 0.4486127495765686, 0.4451770484447479, 0.4466371536254883, 0.44895321130752563, 0.44826990365982056], "sigma_2014": [0.40212178230285645, 0.37138497829437256, 0.34261009097099304, 0.3320980370044708, 0.3150462508201599, 0.31129196286201477, 0.3048975467681885, 0.3088698387145996, 0.30802208185195923, 0.3098629117012024, 0.3035653829574585, 0.30654460191726685, 0.31291478872299194, 0.3053092956542969, 0.31199437379837036, 0.3141016364097595, 0.31930920481681824, 0.319454550743103, 0.31826770305633545, 0.3212711215019226, 0.321368008852005, 0.32509809732437134, 0.3348108232021332, 0.33183160424232483, 0.3338419795036316]}, "val": {"dream_mean": [0.0, 0.0, 0.0, 0.0, 0.0, 0.0, 0.0, 0.0, 0.0, 0.0, 0.0, 0.0, 0.0, 0.0, 0.0, 0.0, 0.0, 0.0, 0.0, 0.0, 0.0, 0.0, 0.0, 0.0, 0.0], "dream_std": [0.0, 0.0, 0.0, 0.0, 0.0, 0.0, 0.0, 0.0, 0.0, 0.0, 0.0, 0.0, 0.0, 0.0, 0.0, 0.0, 0.0, 0.0, 0.0, 0.0, 0.0, 0.0, 0.0, 0.0, 0.0], "arctander": [0.0, 0.0, 0.0, 0.0, 0.0, 0.0, 0.0, 0.0, 0.0, 0.0, 0.0, 0.0, 0.0, 0.0, 0.0, 0.0, 0.0, 0.0, 0.0, 0.0, 0.0, 0.0, 0.0, 0.0, 0.0], "ifra_2019": [0.0, 0.0, 0.0, 0.0, 0.0, 0.0, 0.0, 0.0, 0.0, 0.0, 0.0, 0.0, 0.0, 0.0, 0.0, 0.0, 0.0, 0.0, 0.0, 0.0, 0.0, 0.0, 0.0, 0.0, 0.0], "leffingwell": [0.0, 0.0, 0.0, 0.0, 0.0, 0.0, 0.0, 0.0, 0.0, 0.0, 0.0, 0.0, 0.0, 0.0, 0.0, 0.0, 0.0, 0.0, 0.0, 0.0, 0.0, 0.0, 0.0, 0.0, 0.0], "sigma_2014": [0.0, 0.0, 0.0, 0.0, 0.0, 0.0, 0.0, 0.0, 0.0, 0.0, 0.0, 0.0, 0.0, 0.0, 0.0, 0.0, 0.0, 0.0, 0.0, 0.0, 0.0, 0.0, 0.0, 0.0, 0.0]}}