{"train": {"dream_mean": [0.17533659934997559, 0.05873987823724747, 0.045286327600479126, 0.0407734215259552, 0.037960685789585114, 0.03696267306804657, 0.037529028952121735, 0.037671998143196106, 0.03661919757723808, 0.039968669414520264, 0.038716599345207214, 0.036075569689273834, 0.0360693596303463, 0.038930315524339676, 0.0373225137591362, 0.039585765451192856, 0.03653538599610329, 0.03625092655420303, 0.03635581210255623, 0.03731045499444008, 0.035948868840932846, 0.038606591522693634, 0.03543420508503914, 0.03347291797399521, 0.03878001123666763], "dream_std": [0.20805701613426208, 0.07776551693677902, 0.05949334800243378, 0.05039238929748535, 0.047012947499752045, 0.04441887512803078, 0.04417034238576889, 0.04390367865562439, 0.04246419668197632, 0.04427894949913025, 0.04290781170129776, 0.04114478826522827, 0.04166354238986969, 0.04400336369872093, 0.04065437614917755, 0.042698152363300323, 0.0406758189201355, 0.03979486599564552, 0.04073716327548027, 0.04176029562950134, 0.03916327282786369, 0.0401180200278759, 0.039522986859083176, 0.037540532648563385, 0.03954179212450981], "arctander": [0.12807908654212952, 0.06020237132906914, 0.05021316558122635, 0.045417845249176025, 0.04326723888516426, 0.041369494050741196, 0.040222588926553726, 0.03925655782222748, 0.03834191709756851, 0.037943147122859955, 0.03721908852458, 0.03653473034501076, 0.03582465276122093, 0.0357707254588604, 0.03490094095468521, 0.03504132106900215, 0.03441089391708374, 0.03371411934494972, 0.0332733616232872, 0.03318265825510025, 0.03261788189411163, 0.03191336616873741, 0.03146012872457504, 0.03133999928832054, 0.030800968408584595], "ifra_2019": [0.1917790174484253, 0.08852804452180862, 0.07201734185218811, 0.0636511892080307, 0.058286476880311966, 0.055122729390859604, 0.05267084762454033, 0.05102591961622238, 0.049369972199201584, 0.04873288795351982, 0.047483038157224655, 0.04658156633377075, 0.045053835958242416, 0.04563125967979431, 0.043748270720243454, 0.04298403114080429, 0.04287882149219513, 0.042492132633924484, 0.04185169190168381, 0.0412776805460453, 0.04078109189867973, 0.039935946464538574, 0.03884907811880112, 0.0382147878408432, 0.03834778442978859], "leffingwell": [0.09303983300924301, 0.044501591473817825, 0.03764929249882698, 0.03484804928302765, 0.03373381122946739, 0.032749250531196594, 0.032072268426418304, 0.03144282102584839, 0.030941735953092575, 0.030538786202669144, 0.029836248606443405, 0.029437977820634842, 0.028906850144267082, 0.029057325795292854, 0.028321221470832825, 0.02809070609509945, 0.027953341603279114, 0.027463363483548164, 0.027170853689312935, 0.02708929218351841, 0.02686491422355175, 0.026248561218380928, 0.02597908489406109, 0.025730911642313004, 0.02535705454647541], "sigma_2014": [0.1713317483663559, 0.0833602026104927, 0.06743460148572922, 0.0598578117787838, 0.055842313915491104, 0.053191523998975754, 0.051835253834724426, 0.04990188404917717, 0.04889758676290512, 0.047964125871658325, 0.04707605391740799, 0.04632435739040375, 0.045322805643081665, 0.04524865373969078, 0.044442351907491684, 0.0441032275557518, 0.043480705469846725, 0.04316690191626549, 0.042728617787361145, 0.04269880801439285, 0.04195792227983475, 0.04148246720433235, 0.04081692546606064, 0.04041396081447601, 0.040139760822057724]}, "val": {"dream_mean": [0.0, 0.0, 0.0, 0.0, 0.0, 0.0, 0.0, 0.0, 0.0, 0.0, 0.0, 0.0, 0.0, 0.0, 0.0, 0.0, 0.0, 0.0, 0.0, 0.0, 0.0, 0.0, 0.0, 0.0, 0.0], "dream_std": [0.0, 0.0, 0.0, 0.0, 0.0, 0.0, 0.0, 0.0, 0.0, 0.0, 0.0, 0.0, 0.0, 0.0, 0.0, 0.0, 0.0, 0.0, 0.0, 0.0, 0.0, 0.0, 0.0, 0.0, 0.0], "arctander": [0.0, 0.0, 0.0, 0.0, 0.0, 0.0, 0.0, 0.0, 0.0, 0.0, 0.0, 0.0, 0.0, 0.0, 0.0, 0.0, 0.0, 0.0, 0.0, 0.0, 0.0, 0.0, 0.0, 0.0, 0.0], "ifra_2019": [0.0, 0.0, 0.0, 0.0, 0.0, 0.0, 0.0, 0.0, 0.0, 0.0, 0.0, 0.0, 0.0, 0.0, 0.0, 0.0, 0.0, 0.0, 0.0, 0.0, 0.0, 0.0, 0.0, 0.0, 0.0], "leffingwell": [0.0, 0.0, 0.0, 0.0, 0.0, 0.0, 0.0, 0.0, 0.0, 0.0, 0.0, 0.0, 0.0, 0.0, 0.0, 0.0, 0.0, 0.0, 0.0, 0.0, 0.0, 0.0, 0.0, 0.0, 0.0], "sigma_2014": [0.0, 0.0, 0.0, 0.0, 0.0, 0.0, 0.0, 0.0, 0.0, 0.0, 0.0, 0.0, 0.0, 0.0, 0.0, 0.0, 0.0, 0.0, 0.0, 0.0, 0.0, 0.0, 0.0, 0.0, 0.0]}}