{"lambda_history": {"dream_mean": [0.9950552635813339, 1.0517843334721186, 1.1409533344409333, 1.2401168518215895, 1.3626713466102354, 1.4919534610719642, 1.608289056717539, 1.717403863273665, 1.8455557335027004, 1.9058800183952167, 1.9790325746951407, 2.109119244420204, 2.2355817535291664, 2.3029809127269267, 2.38900563362832, 2.4193946199561625, 2.5244650808137665, 2.630461820006755, 2.731397628076292, 2.8063506559411406, 2.9159333900428135, 2.921201816594131, 3.0166904305090663, 3.191777443029002, 3.163050891062974], "dream_std": [0.9801062467218671, 0.9816668530233026, 1.002895428717423, 1.0449361362670864, 1.0944342424591842, 1.152923391685821, 1.2062281849967582, 1.2543854551730522, 1.3105850339038163, 1.3457321019006931, 1.3867541298791484, 1.441854119138347, 1.481888546038319, 1.4983973071586778, 1.543380485886913, 1.5614483965379795, 1.5997139394435693, 1.6436055865297137, 1.6680500065572703, 1.6770450742760008, 1.7168108808696112, 1.732575034516747, 1.7465660482906522, 1.7872747734349823, 1.7927471906650858], "arctander": [1.0301279320194436, 1.0204128213620003, 1.008280999845616, 0.99666958049351, 0.9850904463380513, 0.9754673705108782, 0.9677255148169644, 0.9611337463190962, 0.9554988239666339, 0.9516558246687282, 0.9474676275392581, 0.943312510568826, 0.9398004260631142, 0.9390003584935704, 0.9370512190734669, 0.9345564065327239, 0.9327716577303874, 0.932101441653753, 0.9322939347375876, 0.932829351823466, 0.9333591854597187, 0.9355792177903928, 0.9367850857637303, 0.9358374071949552, 0.9385209723929158], "ifra_2019": [0.9869055796010051, 0.9526298323778084, 0.9237936476933755, 0.9012625019807521, 0.8866522852752046, 0.8760425200834534, 0.8702521921390811, 0.8667381687033551, 0.8656084092705898, 0.8662259202177766, 0.8675395713654981, 0.8686672104467605, 0.872664610976938, 0.8758784715862388, 0.8812567698359897, 0.8901511603746821, 0.89577159290754, 0.8996574565756517, 0.9045358444480642, 0.9118906678007661, 0.917756324454271, 0.9248588141541703, 0.9337498572550428, 0.9429619711180637, 0.9506434276885634], "leffingwell": [1.079134743986599, 1.0993994472948876, 1.1103059799144475, 1.1131718019103387, 1.1100208931751903, 1.1040953738674715, 1.0979855987240112, 1.091710875805449, 1.0843044548083838, 1.0798188303189449, 1.0758932715430929, 1.0704211876974734, 1.0652988165360207, 1.0617449066581695, 1.05713558480715, 1.0551969036398146, 1.0504735001575822, 1.0464894012446193, 1.0430581315193923, 1.0402971830267922, 1.0353930017631523, 1.033123865466708, 1.0288997827437225, 1.023941967139634, 1.0226881764117515], "sigma_2014": [0.9972771644810896, 0.9607342578392237, 0.9307705608125343, 0.9065824953065744, 0.8875080418498342, 0.871689338031736, 0.8579058908320704, 0.8479622174923361, 0.8388163003663816, 0.8328597527852312, 0.8269350951726231, 0.8210164139101482, 0.8162332609216705, 0.8136364874983365, 0.8094598366482181, 0.8069217698143645, 0.8044138750047538, 0.8008979429727876, 0.7978316223166739, 0.7949943979391308, 0.7924870596567539, 0.7898478082358914, 0.7871625329822582, 0.7842625635762522, 0.7824183455096692]}, "lambda_history_scaled": {"dream_mean": [730.3705634686991, 772.009700768535, 837.459747479645, 910.2457692370467, 1000.2007684119128, 1095.0938404268218, 1180.4841676306737, 1260.5744356428702, 1354.6379083909821, 1398.915933502089, 1452.6099098262332, 1548.0935254044296, 1640.917007090408, 1690.3879899415642, 1753.530135083187, 1775.8356510478231, 1852.9573693173047, 1930.758975884958, 2004.8458590079983, 2059.861381460797, 2140.295108291425, 2144.162133380092, 2214.2507759936548, 2342.7646431832873, 2321.679354040223], "dream_std": [719.3979850938505, 720.5434701191041, 736.1252446785885, 766.9831240200414, 803.3147339650412, 846.2457694973926, 885.3714877876205, 920.7189240970204, 961.9694148854012, 987.7673627951087, 1017.8775313312949, 1058.3209234475466, 1087.7061927921263, 1099.8236234544695, 1132.841276640994, 1146.103123058877, 1174.19003155158, 1206.4065005128098, 1224.3487048130364, 1230.9510845185846, 1260.1391865582946, 1271.7100753352922, 1281.9794794453387, 1311.859683701277, 1315.876437948173], "arctander": [2665.97108806632, 2640.8283816848566, 2609.431227600454, 2579.380874317204, 2549.414075122877, 2524.5095548821528, 2504.473632346304, 2487.414135473821, 2472.8309564256483, 2462.885274242669, 2452.0462200715997, 2441.292777352122, 2432.2035026513395, 2430.13292778136, 2425.088554962132, 2418.6319801066893, 2414.0130502062425, 2412.2785309999126, 2412.7767031008766, 2414.16236251913, 2415.5335719697523, 2421.2790156415363, 2424.3998019565342, 2421.9472098205442, 2428.892276552866], "ifra_2019": [1091.5175710387116, 1053.608594609856, 1021.7157743488733, 996.7963271907118, 980.6374275143762, 968.9030272122994, 962.4989245058238, 958.6124145859108, 957.3629006532723, 958.0458677608609, 959.4987659302409, 960.7459347541171, 965.1670597404934, 968.7215895743801, 974.6699874386046, 984.5071833743984, 990.7233817557393, 995.0211469726707, 1000.416643959559, 1008.5510785876473, 1015.0384948464238, 1022.8938484545123, 1032.7273421240773, 1042.9159400565784, 1051.411631023551], "leffingwell": [4018.6977866060947, 4094.1635417261614, 4134.779469201402, 4145.451790314101, 4133.717806184409, 4111.651172282463, 4088.898369648218, 4065.531301499492, 4037.949789706421, 4021.2453241077505, 4006.626543226478, 3986.248502985391, 3967.1727927801408, 3953.938032395023, 3936.7729178218265, 3929.5532691546696, 3911.963314586836, 3897.1265302349625, 3884.348481778217, 3874.0667095917743, 3855.803538565979, 3847.353274998021, 3831.6227909376225, 3813.1598856279966, 3808.4907689573624], "sigma_2014": [980.3234526849111, 944.4017754559569, 914.9474612787212, 891.1705928863627, 872.4204051383871, 856.8706192851964, 843.3214906879251, 833.5468597949664, 824.5564232601531, 818.7011369878823, 812.8771985546884, 807.0591348736757, 802.357295486002, 799.8046672108647, 795.6990194251983, 793.2040997275203, 790.738839129673, 787.2826779422502, 784.2684847372905, 781.4794931741657, 779.0147796425891, 776.4203954958813, 773.7807699215599, 770.930099995456, 769.1172336360048]}, "l_hat": [0.16666666666666666, 0.06095629953522125, 0.04995494103063891, 0.04493562351017268, 0.04248949357546539, 0.040734575210730456, 0.03979213074437027, 0.038915169017165005, 0.03801526340706658, 0.037978353091879004, 0.03709975780959018, 0.03626656297045839, 0.035647089054929, 0.036133857445627346, 0.034968013018792446, 0.03511874913665006, 0.03445051900332055, 0.033921641654256915, 0.033658138157441043, 0.0336833739563957, 0.033026735853316606, 0.03273601383642713, 0.03204718029224856, 0.03151749769011122, 0.031766219019862645], "r": {"dream_mean": [1.0, 0.7628808153046456, 0.6736093278296955, 0.6170785387600957, 0.5551838524688221, 0.5108632629684432, 0.4841700250400249, 0.4603065374989072, 0.42732360586807, 0.43654674435367485, 0.41819465141763357, 0.38193987973684906, 0.36493883180140596, 0.36874296663810635, 0.35305363048494154, 0.3614861593403951, 0.3337941926940615, 0.3225178116534349, 0.3136569669008563, 0.31071985579974576, 0.295872198510641, 0.311190589276089, 0.2897975749757471, 0.2680633865913209, 0.29562126933664146], "dream_std": [1.0, 0.8641218215651177, 0.799028338538955, 0.7311907343762571, 0.6876751503143652, 0.6441700409884558, 0.6214502629758613, 0.6027736321426784, 0.5717453127707343, 0.5739321404529171, 0.5531523906353222, 0.5238902657022698, 0.5196463287291297, 0.5298914673524776, 0.49811619746730157, 0.508623112951992, 0.48525572721258803, 0.47084600691240086, 0.47401979623325446, 0.4799191735659878, 0.4545538295784811, 0.4628602020333095, 0.4592842301090947, 0.4376030119759133, 0.4536444317900068],