{"train": {"dream_mean": [0.30729034543037415, 0.18048372864723206, 0.15920819342136383, 0.14260874688625336, 0.13283264636993408, 0.12314551323652267, 0.11738870292901993, 0.11578402668237686, 0.11021030694246292, 0.10552366822957993, 0.10082822293043137, 0.10513639450073242, 0.10014064610004425, 0.09878731518983841, 0.09566377848386765, 0.09413217008113861, 0.09311645478010178, 0.08962857723236084, 0.09150117635726929, 0.08597686886787415, 0.08332167565822601, 0.08459052443504333, 0.08223853260278702, 0.08115046471357346, 0.07942073792219162], "dream_std": [0.3262762129306793, 0.21445056796073914, 0.1933760941028595, 0.17511525750160217, 0.16916581988334656, 0.16062605381011963, 0.15366415679454803, 0.15253227949142456, 0.14734189212322235, 0.14335055649280548, 0.13857431709766388, 0.14417769014835358, 0.1381145417690277, 0.13755010068416595, 0.13509613275527954, 0.1329897940158844, 0.13292065262794495, 0.12885811924934387, 0.1325654536485672, 0.12599873542785645, 0.12205152958631516, 0.12365856766700745, 0.12093760073184967, 0.12079153209924698, 0.11831866949796677], "arctander": [0.4237610995769501, 0.4015556871891022, 0.3920351564884186, 0.3833380937576294, 0.37714534997940063, 0.3762062191963196, 0.3735794126987457, 0.3788534700870514, 0.3752671182155609, 0.38112640380859375, 0.3822968900203705, 0.37495407462120056, 0.37468186020851135, 0.37503573298454285, 0.38013964891433716, 0.3839505612850189, 0.3834674060344696, 0.3866318166255951, 0.38562464714050293, 0.3889932334423065, 0.3908238410949707, 0.39414477348327637, 0.39605024456977844, 0.3952336311340332, 0.40057572722435], "ifra_2019": [0.3858216404914856, 0.36381101608276367, 0.3576514422893524, 0.3475644290447235, 0.3470558226108551, 0.34287410974502563, 0.3465754985809326, 0.3483838140964508, 0.3521699905395508, 0.3483838140964508, 0.35256555676460266, 0.343156635761261, 0.348638117313385, 0.3519156873226166, 0.3577927350997925, 0.35214173793792725, 0.35702982544898987, 0.35892292857170105, 0.3618331849575043, 0.3621722459793091, 0.3640653192996979, 0.3671451210975647, 0.3746891915798187, 0.37282437086105347, 0.37678006291389465], "leffingwell": [0.42640170454978943, 0.4141417145729065, 0.4115687310695648, 0.4140144884586334, 0.41617223620414734, 0.4178667366504669, 0.42181020975112915, 0.42592644691467285, 0.4295842945575714, 0.43219804763793945, 0.43340054154396057, 0.43193405866622925, 0.4374159872531891, 0.43727198243141174, 0.4408554136753082, 0.44237712025642395, 0.4444124400615692, 0.446848601102829, 0.44681739807128906, 0.44601815938949585, 0.4501440227031708, 0.44554051756858826, 0.4497503936290741, 0.44771504402160645, 0.4513776898384094], "sigma_2014": [0.404664009809494, 0.3695982098579407, 0.35048696398735046, 0.33524200320243835, 0.3186756670475006, 0.3132432699203491, 0.3018646240234375, 0.30680760741233826, 0.307297021150589, 0.3065873980522156, 0.3101355731487274, 0.307297021150589, 0.300127238035202, 0.30208486318588257, 0.3050946891307831, 0.3048744797706604, 0.3026476800441742, 0.3095972239971161, 0.30913227796554565, 0.309376984834671, 0.3148583173751831, 0.30604904890060425, 0.3211961090564728, 0.32207703590393066, 0.32826799154281616]}, "val": {"dream_mean": [0.0, 0.0, 0.0, 0.0, 0.0, 0.0, 0.0, 0.0, 0.0, 0.0, 0.0, 0.0, 0.0, 0.0, 0.0, 0.0, 0.0, 0.0, 0.0, 0.0, 0.0, 0.0, 0.0, 0.0, 0.0], "dream_std": [0.0, 0.0, 0.0, 0.0, 0.0, 0.0, 0.0, 0.0, 0.0, 0.0, 0.0, 0.0, 0.0, 0.0, 0.0, 0.0, 0.0, 0.0, 0.0, 0.0, 0.0, 0.0, 0.0, 0.0, 0.0], "arctander": [0.0, 0.0, 0.0, 0.0, 0.0, 0.0, 0.0, 0.0, 0.0, 0.0, 0.0, 0.0, 0.0, 0.0, 0.0, 0.0, 0.0, 0.0, 0.0, 0.0, 0.0, 0.0, 0.0, 0.0, 0.0], "ifra_2019": [0.0, 0.0, 0.0, 0.0, 0.0, 0.0, 0.0, 0.0, 0.0, 0.0, 0.0, 0.0, 0.0, 0.0, 0.0, 0.0, 0.0, 0.0, 0.0, 0.0, 0.0, 0.0, 0.0, 0.0, 0.0], "leffingwell": [0.0, 0.0, 0.0, 0.0, 0.0, 0.0, 0.0, 0.0, 0.0, 0.0, 0.0, 0.0, 0.0, 0.0, 0.0, 0.0, 0.0, 0.0, 0.0, 0.0, 0.0, 0.0, 0.0, 0.0, 0.0], "sigma_2014": [0.0, 0.0, 0.0, 0.0, 0.0, 0.0, 0.0, 0.0, 0.0, 0.0, 0.0, 0.0, 0.0, 0.0, 0.0, 0.0, 0.0, 0.0, 0.0, 0.0, 0.0, 0.0, 0.0, 0.0, 0.0]}}