{"train": {"dream_mean": [0.17526376247406006, 0.05457979068160057, 0.04693927243351936, 0.04223170131444931, 0.04129989445209503, 0.03844152390956879, 0.03785498067736626, 0.04087923467159271, 0.03863281384110451, 0.03853696957230568, 0.03663400933146477, 0.0432867668569088, 0.03985731676220894, 0.04135175049304962, 0.04010750353336334, 0.03991560637950897, 0.04094085842370987, 0.0386093370616436, 0.04146059229969978, 0.03719934821128845, 0.037497613579034805, 0.041089970618486404, 0.03870481252670288, 0.03926558420062065, 0.03951730206608772], "dream_std": [0.19318310916423798, 0.07156067341566086, 0.05943300575017929, 0.0496872253715992, 0.04788609966635704, 0.04458985477685928, 0.04351338744163513, 0.0453362837433815, 0.04259192571043968, 0.04262050986289978, 0.040655963122844696, 0.046057358384132385, 0.04258819669485092, 0.04346606880426407, 0.042379043996334076, 0.042464885860681534, 0.04341466352343559, 0.04067385569214821, 0.043781232088804245, 0.03997703641653061, 0.03896124288439751, 0.041050080209970474, 0.03961189463734627, 0.04114622622728348, 0.039525218307971954], "arctander": [0.12242090702056885, 0.06002560257911682, 0.050526212900877, 0.04575733467936516, 0.04326990246772766, 0.041662875562906265, 0.04045899584889412, 0.03940679505467415, 0.03886599838733673, 0.038053564727306366, 0.03770736977458, 0.03781219944357872, 0.037290457636117935, 0.03680906072258949, 0.036044031381607056, 0.03596115857362747, 0.03557947650551796, 0.03541124239563942, 0.03518497943878174, 0.03452880308032036, 0.03375152498483658, 0.03355376049876213, 0.03301452845335007, 0.03291802108287811, 0.03240800276398659], "ifra_2019": [0.18232253193855286, 0.08617690205574036, 0.07200292497873306, 0.06357334554195404, 0.05845806375145912, 0.055189311504364014, 0.05285109952092171, 0.050965238362550735, 0.04967738315463066, 0.04920361563563347, 0.04807521402835846, 0.048059720546007156, 0.0476338267326355, 0.04683263599872589, 0.04641379788517952, 0.04568043351173401, 0.04457901418209076, 0.04491448402404785, 0.04410925880074501, 0.04369693994522095, 0.04224908724427223, 0.04208032041788101, 0.041630666702985764, 0.041548144072294235, 0.03997659683227539], "leffingwell": [0.08564690500497818, 0.04433133825659752, 0.03781842067837715, 0.03477484732866287, 0.03360948711633682, 0.032660938799381256, 0.031648773699998856, 0.031189190223813057, 0.03072553128004074, 0.03015993721783161, 0.029752470552921295, 0.029960086569190025, 0.02929564006626606, 0.028980987146496773, 0.02866397239267826, 0.028633203357458115, 0.028139665722846985, 0.027936846017837524, 0.0280032716691494, 0.02751447632908821, 0.0270464476197958, 0.026920180767774582, 0.026597248390316963, 0.026699751615524292, 0.02595336176455021], "sigma_2014": [0.1765996217727661, 0.08075252175331116, 0.06842911243438721, 0.06095857173204422, 0.057624783366918564, 0.05445661023259163, 0.052353572100400925, 0.0511920303106308, 0.05016087368130684, 0.04960073530673981, 0.04884639382362366, 0.04872022569179535, 0.048156995326280594, 0.04748215153813362, 0.04670265316963196, 0.04669618234038353, 0.04649486392736435, 0.04586804658174515, 0.04548278823494911, 0.04502364248037338, 0.04457535594701767, 0.04407753050327301, 0.043801501393318176, 0.04367195442318916, 0.04321462661027908]}, "val": {"dream_mean": [0.0, 0.0, 0.0, 0.0, 0.0, 0.0, 0.0, 0.0, 0.0, 0.0, 0.0, 0.0, 0.0, 0.0, 0.0, 0.0, 0.0, 0.0, 0.0, 0.0, 0.0, 0.0, 0.0, 0.0, 0.0], "dream_std": [0.0, 0.0, 0.0, 0.0, 0.0, 0.0, 0.0, 0.0, 0.0, 0.0, 0.0, 0.0, 0.0, 0.0, 0.0, 0.0, 0.0, 0.0, 0.0, 0.0, 0.0, 0.0, 0.0, 0.0, 0.0], "arctander": [0.0, 0.0, 0.0, 0.0, 0.0, 0.0, 0.0, 0.0, 0.0, 0.0, 0.0, 0.0, 0.0, 0.0, 0.0, 0.0, 0.0, 0.0, 0.0, 0.0, 0.0, 0.0, 0.0, 0.0, 0.0], "ifra_2019": [0.0, 0.0, 0.0, 0.0, 0.0, 0.0, 0.0, 0.0, 0.0, 0.0, 0.0, 0.0, 0.0, 0.0, 0.0, 0.0, 0.0, 0.0, 0.0, 0.0, 0.0, 0.0, 0.0, 0.0, 0.0], "leffingwell": [0.0, 0.0, 0.0, 0.0, 0.0, 0.0, 0.0, 0.0, 0.0, 0.0, 0.0, 0.0, 0.0, 0.0, 0.0, 0.0, 0.0, 0.0, 0.0, 0.0, 0.0, 0.0, 0.0, 0.0, 0.0], "sigma_2014": [0.0, 0.0, 0.0, 0.0, 0.0, 0.0, 0.0, 0.0, 0.0, 0.0, 0.0, 0.0, 0.0, 0.0, 0.0, 0.0, 0.0, 0.0, 0.0, 0.0, 0.0, 0.0, 0.0, 0.0, 0.0]}}