{"lambda_history": {"dream_mean": [0.9950947670607803, 1.086026756663066, 1.1774958986513335, 1.279142714200575, 1.375808606429012, 1.5047670559350592, 1.639002589050956, 1.7163033132722947, 1.8311401302066916, 1.9481880081992584, 2.1165443332092213, 2.151557735119613, 2.247473618098495, 2.3046571159537033, 2.3819054675765288, 2.467956289141663, 2.5203960505854166, 2.6344546827418234, 2.674986522986347, 2.8297335990606958, 2.963250401325578, 2.9841146903425737, 3.0659641488520633, 3.1381187186000923, 3.1735341132128987], "dream_std": [0.9862739332583017, 0.9992111988727892, 1.0175048056580316, 1.0608225886458094, 1.1010990290015417, 1.1547692355181305, 1.207890236504796, 1.2387662203505319, 1.290118096309893, 1.336003374314012, 1.4007774833861562, 1.4118019231663732, 1.4515857960575815, 1.476917636053258, 1.5081962463674659, 1.5375215104169087, 1.5492005086242628, 1.5930260252262807, 1.5963898670020904, 1.6399069707882648, 1.6900350927739138, 1.7086027209686465, 1.7406831923795179, 1.7503349440936433, 1.7715458023851283], "arctander": [1.036142323009144, 1.0218013953837033, 1.0099221180317812, 0.997928544561795, 0.9887442517252816, 0.9794474160327509, 0.9705685956227078, 0.9654135226714571, 0.9592052036127797, 0.9549123511424751, 0.9492888987349678, 0.9475326719352534, 0.943912505124251, 0.9415670116088635, 0.9404996183160681, 0.9393391243016918, 0.9383135669379267, 0.9359387228596721, 0.9358444476242942, 0.9345011140418462, 0.9340051074363144, 0.9352391569518246, 0.9363953478678516, 0.9387441347847436, 0.9392907178307389], "ifra_2019": [0.9914130935406478, 0.9571115530974795, 0.9285443064849872, 0.9062095347391717, 0.8919869230191342, 0.8817970635834302, 0.8747057978992833, 0.8724859301009771, 0.8714340843584341, 0.8696250063212825, 0.8691584671600123, 0.8723529396989856, 0.872656937388513, 0.8746076648089749, 0.8751312935226708, 0.8780924351684745, 0.8836555750493849, 0.8851149262687213, 0.8908213541225166, 0.8930652991212963, 0.8981391085441403, 0.9041716250832323, 0.9086840791008828, 0.9139545986429988, 0.9223852293118546], "leffingwell": [1.0945974190859311, 1.1015873758664918, 1.1062522640662873, 1.1049022099502777, 1.0998277971945534, 1.0914597144445175, 1.0838408546967966, 1.077302415391862, 1.0696840278998827, 1.0636318443676671, 1.0570831662963178, 1.054073203763417, 1.051056395934431, 1.0488962102685122, 1.0455543221886883, 1.0418559832634244, 1.0401922370126047, 1.0375267739035532, 1.0352827549303467, 1.0313204425698446, 1.0270322858893786, 1.0246526211324594, 1.021329288006763, 1.0178965453989466, 1.0159663208007677], "sigma_2014": [0.9943754380635762, 0.9675789369546524, 0.9432340235121714, 0.9232880230700868, 0.9067347381625687, 0.8942926753243464, 0.8844888837506236, 0.8773035894046592, 0.8707492845167492, 0.8642371393376057, 0.8580610430302958, 0.8560587526353817, 0.85227424392021, 0.8498075551942533, 0.8476695724238958, 0.8452168473319782, 0.8419600793376436, 0.8393461270456253, 0.838930158017174, 0.8361501109203969, 0.832130598485068, 0.8305574993526419, 0.8275272714341589, 0.825658363719229, 0.8219839051027943]}, "lambda_history_scaled": {"dream_mean": [728.4093694884912, 794.9715858773643, 861.9269978127761, 936.3324667948208, 1007.0918999060368, 1101.4894849444634, 1199.7498951853, 1256.3340253153196, 1340.3945753112982, 1426.073622001857, 1549.31045190915, 1574.940262107557, 1645.1506884480982, 1687.0090088781108, 1743.5548022660191, 1806.5440036516975, 1844.929909028525, 1928.4208277670148, 1958.090134826006, 2071.3649945124293, 2169.099293770323, 2184.371953330764, 2244.2857569597104, 2297.102902015268, 2323.026970871842], "dream_std": [721.9525191450768, 731.4225975748817, 744.8135177416791, 776.5221348887325, 806.0044892291285, 845.2910803992716, 884.1756531215108, 906.7768732965893, 944.3664464988417, 977.9544699978568, 1025.3691178386664, 1033.4390077577852, 1062.5608027141498, 1081.1037095909849, 1103.999652340985, 1125.465745625177, 1134.0147723129603, 1166.0950504656375, 1168.5573826455302, 1200.41190261701, 1237.105687910505, 1250.6971917490494, 1274.180096821807, 1281.245179076547, 1296.771527345914], "arctander": [2671.174908717573, 2634.203997299187, 2603.579220285932, 2572.6597878803077, 2548.982680947776, 2525.0154385324317, 2502.125839515341, 2488.836061447016, 2472.831014913746, 2461.7640412453006, 2447.266780938747, 2442.739228249083, 2433.406438210319, 2427.35975592765, 2424.6080160188235, 2421.6162624497615, 2418.9723755659747, 2412.8500275322344, 2412.6069859754302, 2409.1438719998796, 2407.8651669708183, 2411.046546621804, 2414.0272068033214, 2420.082379475069, 2421.491470567645], "ifra_2019": [1096.5028814559564, 1058.5653777258124, 1026.9700029723958, 1002.2677454215238, 986.5375368591624, 975.2675523232739, 967.4246124766073, 964.9694386916807, 963.8060973004281, 961.8052569913384, 961.2892646789736, 964.8223513070781, 965.1585727516954, 967.3160772787262, 967.8952106360739, 971.1702332963328, 977.3230660046197, 978.9371084532058, 985.2484176595034, 987.7302208281537, 993.3418540498191, 1000.013817342055, 1005.0045914855764, 1010.8337860991567, 1020.1580636189112], "leffingwell": [4071.9023989996635, 4097.90503822335, 4115.2584223265885, 4110.236221015033, 4091.3594055637386, 4060.2301377336053, 4031.8879794720833, 4007.5649852577267, 3979.2245837875635, 3956.7104610477218, 3932.349378622302, 3921.1523179999117, 3909.9297928760834, 3901.8939021988654, 3889.46207854192, 3875.704257739939, 3869.5151216868894, 3859.599598921218, 3851.25184834089, 3836.512046359822, 3820.5601035084883, 3811.707750612749, 3799.3449513851583, 3786.5751488840815, 3779.3947133788556], "sigma_2014": [967.5273012358597, 941.4543056568767, 917.7667048773428, 898.3592464471946, 882.2529002321793, 870.146773090589, 860.6076838893567, 853.6163924907335, 847.2390538347969, 840.9027365754904, 834.8933948684779, 832.9451663142264, 829.2628393343643, 826.8627512040085, 824.7824939684507, 822.3959924540148, 819.2271571955272, 816.6837816153934, 816.2790437507102, 813.5740579255462, 809.6630723259711, 808.1324468701206, 805.1840351054367, 803.3655878988097, 799.7903396650188]}, "l_hat": [0.16666666666666666, 0.059534321595602256, 0.050302039512003745, 0.045141175253012596, 0.04294124388318335, 0.04102329184162933, 0.039730892861435156, 0.0393152793297958, 0.03838042327171721, 0.037840163155204574, 0.037106369015144726, 0.038094716228165404, 0.03709018041883502, 0.03686482098512673, 0.03624702621576517, 0.03612273635743789, 0.035839404661339745, 0.03531709946476218, 0.03559756693842389, 0.03454923682000358, 0.033908282828614446, 0.03416313949702486, 0.03353759030972466, 0.03368481237601427, 0.032945372380021744], "r": {"dream_mean": [1.0, 0.6908695626777905, 0.6412881995204338, 0.587866879750754, 0.5534978165357893, 0.4974962254958952, 0.46111622844041844, 0.4631728444343764, 0.425371220035583, 0.4033752822837605, 0.3657094581188371, 0.3921845943506516, 0.36258207345092675, 0.3635617707347734, 0.3490837363953989, 0.33707515303948415, 0.33772187081992805, 0.31470109043047106, 0.32313447479990687, 0.2916259798479016, 0.2833737415455209, 0.29706140352567145, 0.28198288334084404, 0.2779749008721605, 0.2798846191494381], "dream_std": [1.0, 0.8291411682377658, 0.8006649201518167, 0.7261579129536057, 0.7020623075871695, 0.6541538076522011, 0.6266244267926765, 0.6323556426658482, 0.5894767815666319, 0.5744674891039723, 0.5369357048286779, 0.5720257813241363, 0.5356606398076934, 0.5367963400948623, 0.5221895352477758, 0.5138112572775798, 0.5215283526902855, 0.4893339917350523, 0.5119488981749732, 0.47643876628337434, 0.46093331252049735, 0.4720847989041936, 0.4572785080398338, 0.4654723046017735, 0.45534147371562766],