{"train": {"dream_mean": [0.310472309589386, 0.18485243618488312, 0.15790696442127228, 0.1427524983882904, 0.1304769217967987, 0.12654662132263184, 0.12044543027877808, 0.11867500096559525, 0.11411101371049881, 0.10963547229766846, 0.10842864215373993, 0.10343378782272339, 0.1017376109957695, 0.09803430736064911, 0.09932101517915726, 0.0934281125664711, 0.08981607854366302, 0.08992685377597809, 0.08727768808603287, 0.08377879858016968, 0.08422627300024033, 0.08509121835231781, 0.08227551728487015, 0.08308766782283783, 0.08068857342004776, 0.07746250927448273, 0.07696546614170074, 0.0759156346321106, 0.07362665235996246, 0.07146881520748138], "dream_std": [0.3331950008869171, 0.21370066702365875, 0.19233381748199463, 0.17636539041996002, 0.16604049503803253, 0.16435116529464722, 0.1577378213405609, 0.15460841357707977, 0.15061214566230774, 0.1474079042673111, 0.14388643205165863, 0.14135634899139404, 0.1392534077167511, 0.13571622967720032, 0.1381007879972458, 0.13321931660175323, 0.12885230779647827, 0.1281479299068451, 0.12574982643127441, 0.12328901141881943, 0.12339196354150772, 0.12396718561649323, 0.1217929944396019, 0.12095662951469421, 0.12008638679981232, 0.11620577424764633, 0.11628760397434235, 0.11353696882724762, 0.11311729997396469, 0.10924364626407623], "arctander": [0.42991968989372253, 0.4074361026287079, 0.3914618194103241, 0.3804612159729004, 0.37635722756385803, 0.3729938566684723, 0.36829873919487, 0.3699090778827667, 0.3693111538887024, 0.3717368543148041, 0.3752633035182953, 0.37302783131599426, 0.37823936343193054, 0.37722015380859375, 0.3767377436161041, 0.3819968104362488, 0.38684141635894775, 0.38162991404533386, 0.3871471881866455, 0.38874393701553345, 0.3910948932170868, 0.3927595913410187, 0.39534837007522583, 0.39737996459007263, 0.3940097987651825, 0.39938440918922424, 0.40155190229415894, 0.4032573699951172, 0.4071371257305145, 0.4112207293510437], "ifra_2019": [0.3875451982021332, 0.3631611764431, 0.35711461305618286, 0.3489489257335663, 0.35180267691612244, 0.34544530510902405, 0.3432696759700775, 0.3395117521286011, 0.3440890610218048, 0.3451344966888428, 0.3482990562915802, 0.3521134853363037, 0.35496723651885986, 0.34626469016075134, 0.35637998580932617, 0.357736200094223, 0.3564082384109497, 0.3509267568588257, 0.3586968779563904, 0.35849910974502563, 0.36643874645233154, 0.3670886158943176, 0.3680492639541626, 0.36960330605506897, 0.3729373812675476, 0.375593364238739, 0.37884268164634705, 0.38240280747413635, 0.3837025463581085, 0.385736882686615], "leffingwell": [0.4245293438434601, 0.4155048131942749, 0.4120888411998749, 0.41185614466667175, 0.4154304563999176, 0.4189711809158325, 0.4212956726551056, 0.4225766658782959, 0.4233802855014801, 0.4257599711418152, 0.43036338686943054, 0.4338585138320923, 0.4355689287185669, 0.43583038449287415, 0.4350171685218811, 0.4403042793273926, 0.4418659210205078, 0.43981730937957764, 0.44401052594184875, 0.4443679451942444, 0.4454978108406067, 0.444271981716156, 0.4455433785915375, 0.45157894492149353, 0.45100560784339905, 0.4503962993621826, 0.4507993161678314, 0.4530518352985382, 0.45188120007514954, 0.45155733823776245], "sigma_2014": [0.40915489196777344, 0.3673122525215149, 0.3552497327327728, 0.33488667011260986, 0.3211009204387665, 0.3125333786010742, 0.30061647295951843, 0.299475759267807, 0.2926314175128937, 0.2924858033657074, 0.29733994603157043, 0.30158731341362, 0.3045240640640259, 0.30246105790138245, 0.3005194067955017, 0.3094024658203125, 0.30374738574028015, 0.3082374632358551, 0.3086015284061432, 0.3156885504722595, 0.3174603283405304, 0.3236736059188843, 0.3203485310077667, 0.31530022621154785, 0.3216591477394104, 0.3289888799190521, 0.3290374279022217, 0.3329692780971527, 0.3326052129268646, 0.3340614438056946]}, "val": {"dream_mean": [0.0, 0.0, 0.0, 0.0, 0.0, 0.0, 0.0, 0.0, 0.0, 0.0, 0.0, 0.0, 0.0, 0.0, 0.0, 0.0, 0.0, 0.0, 0.0, 0.0, 0.0, 0.0, 0.0, 0.0, 0.0, 0.0, 0.0, 0.0, 0.0, 0.0], "dream_std": [0.0, 0.0, 0.0, 0.0, 0.0, 0.0, 0.0, 0.0, 0.0, 0.0, 0.0, 0.0, 0.0, 0.0, 0.0, 0.0, 0.0, 0.0, 0.0, 0.0, 0.0, 0.0, 0.0, 0.0, 0.0, 0.0, 0.0, 0.0, 0.0, 0.0], "arctander": [0.0, 0.0, 0.0, 0.0, 0.0, 0.0, 0.0, 0.0, 0.0, 0.0, 0.0, 0.0, 0.0, 0.0, 0.0, 0.0, 0.0, 0.0, 0.0, 0.0, 0.0, 0.0, 0.0, 0.0, 0.0, 0.0, 0.0, 0.0, 0.0, 0.0], "ifra_2019": [0.0, 0.0, 0.0, 0.0, 0.0, 0.0, 0.0, 0.0, 0.0, 0.0, 0.0, 0.0, 0.0, 0.0, 0.0, 0.0, 0.0, 0.0, 0.0, 0.0, 0.0, 0.0, 0.0, 0.0, 0.0, 0.0, 0.0, 0.0, 0.0, 0.0], "leffingwell": [0.0, 0.0, 0.0, 0.0, 0.0, 0.0, 0.0, 0.0, 0.0, 0.0, 0.0, 0.0, 0.0, 0.0, 0.0, 0.0, 0.0, 0.0, 0.0, 0.0, 0.0, 0.0, 0.0, 0.0, 0.0, 0.0, 0.0, 0.0, 0.0, 0.0], "sigma_2014": [0.0, 0.0, 0.0, 0.0, 0.0, 0.0, 0.0, 0.0, 0.0, 0.0, 0.0, 0.0, 0.0, 0.0, 0.0, 0.0, 0.0, 0.0, 0.0, 0.0, 0.0, 0.0, 0.0, 0.0, 0.0, 0.0, 0.0, 0.0, 0.0, 0.0]}}