{"train": {"dream_mean": [0.17902426421642303, 0.05696221813559532, 0.04528999701142311, 0.0420745350420475, 0.03894905000925064, 0.04097259044647217, 0.03981969133019447, 0.04120238497853279, 0.04018843546509743, 0.03925357013940811, 0.0406954362988472, 0.03861159831285477, 0.039831966161727905, 0.0391828715801239, 0.041530318558216095, 0.03693640977144241, 0.03663169965147972, 0.038079116493463516, 0.037930458784103394, 0.03644019737839699, 0.03969511762261391, 0.040254827588796616, 0.038544729351997375, 0.041168347001075745, 0.03689975291490555, 0.0352444127202034, 0.03703507035970688, 0.03782179206609726, 0.03496124595403671, 0.034797873347997665], "dream_std": [0.2013685554265976, 0.07100704312324524, 0.05851953476667404, 0.0508425310254097, 0.04666972905397415, 0.04836207628250122, 0.04543458670377731, 0.04475157707929611, 0.04431791976094246, 0.043912969529628754, 0.04336320981383324, 0.04336772486567497, 0.04324020445346832, 0.042598042637109756, 0.044907573610544205, 0.041432250291109085, 0.039854224771261215, 0.040420543402433395, 0.04058017209172249, 0.039886873215436935, 0.04116717353463173, 0.041128747165203094, 0.04088686779141426, 0.04053875803947449, 0.039908695966005325, 0.03802194446325302, 0.03889709338545799, 0.03782787546515465, 0.03781207278370857, 0.035718608647584915], "arctander": [0.12675219774246216, 0.06051497906446457, 0.0508563332259655, 0.04616495594382286, 0.04358262941241264, 0.04208476096391678, 0.040979452431201935, 0.03978831321001053, 0.039302803575992584, 0.03878309205174446, 0.03798669949173927, 0.03731934353709221, 0.03709939122200012, 0.03655840829014778, 0.03645038604736328, 0.0358535572886467, 0.03520755097270012, 0.03547310084104538, 0.03456610068678856, 0.033808063715696335, 0.03367006778717041, 0.03344234824180603, 0.03287883475422859, 0.032905176281929016, 0.03263073414564133, 0.03202562406659126, 0.03155653551220894, 0.031189976260066032, 0.03086709789931774, 0.030041798949241638], "ifra_2019": [0.17484471201896667, 0.08699460327625275, 0.07154720276594162, 0.06266511231660843, 0.05771024897694588, 0.05476967990398407, 0.051899343729019165, 0.0501369871199131, 0.049369968473911285, 0.04887042194604874, 0.04653816670179367, 0.04652458801865578, 0.04523760452866554, 0.04459216073155403, 0.04542245715856552, 0.04441423341631889, 0.04263193905353546, 0.043845534324645996, 0.042033400386571884, 0.04111103713512421, 0.04076341539621353, 0.04045228287577629, 0.0391400121152401, 0.03920124098658562, 0.03962031751871109, 0.03762378171086311, 0.03781972825527191, 0.0380411334335804, 0.03637028858065605, 0.034647006541490555], "leffingwell": [0.09180828928947449, 0.04519490525126457, 0.03838127478957176, 0.035251814872026443, 0.03383970260620117, 0.03339960798621178, 0.03254026919603348, 0.03206005319952965, 0.03159007430076599, 0.03102615475654602, 0.030597442761063576, 0.03008543886244297, 0.02974054403603077, 0.02933516725897789, 0.029508164152503014, 0.028925050050020218, 0.028465302661061287, 0.028443021699786186, 0.02782278321683407, 0.027512310072779655, 0.02738671749830246, 0.027443902567029, 0.02685626782476902, 0.026781626045703888, 0.026504477486014366, 0.025979500263929367, 0.025916393846273422, 0.02563350275158882, 0.025351962074637413, 0.02496274746954441], "sigma_2014": [0.17672210931777954, 0.08157289773225784, 0.06958742439746857, 0.06121101602911949, 0.05730403587222099, 0.054769035428762436, 0.0527351014316082, 0.05123632028698921, 0.05032338201999664, 0.049562398344278336, 0.04840437322854996, 0.04800558090209961, 0.04718506336212158, 0.046544697135686874, 0.04679299145936966, 0.04583282396197319, 0.045441433787345886, 0.044974274933338165, 0.04449939355254173, 0.04394718259572983, 0.043714772909879684, 0.0436210036277771, 0.04309779778122902, 0.04273483529686928, 0.04243331030011177, 0.041734423488378525, 0.041546933352947235, 0.04101952537894249, 0.04081234708428383, 0.03995055705308914]}, "val": {"dream_mean": [0.0, 0.0, 0.0, 0.0, 0.0, 0.0, 0.0, 0.0, 0.0, 0.0, 0.0, 0.0, 0.0, 0.0, 0.0, 0.0, 0.0, 0.0, 0.0, 0.0, 0.0, 0.0, 0.0, 0.0, 0.0, 0.0, 0.0, 0.0, 0.0, 0.0], "dream_std": [0.0, 0.0, 0.0, 0.0, 0.0, 0.0, 0.0, 0.0, 0.0, 0.0, 0.0, 0.0, 0.0, 0.0, 0.0, 0.0, 0.0, 0.0, 0.0, 0.0, 0.0, 0.0, 0.0, 0.0, 0.0, 0.0, 0.0, 0.0, 0.0, 0.0], "arctander": [0.0, 0.0, 0.0, 0.0, 0.0, 0.0, 0.0, 0.0, 0.0, 0.0, 0.0, 0.0, 0.0, 0.0, 0.0, 0.0, 0.0, 0.0, 0.0, 0.0, 0.0, 0.0, 0.0, 0.0, 0.0, 0.0, 0.0, 0.0, 0.0, 0.0], "ifra_2019": [0.0, 0.0, 0.0, 0.0, 0.0, 0.0, 0.0, 0.0, 0.0, 0.0, 0.0, 0.0, 0.0, 0.0, 0.0, 0.0, 0.0, 0.0, 0.0, 0.0, 0.0, 0.0, 0.0, 0.0, 0.0, 0.0, 0.0, 0.0, 0.0, 0.0], "leffingwell": [0.0, 0.0, 0.0, 0.0, 0.0, 0.0, 0.0, 0.0, 0.0, 0.0, 0.0, 0.0, 0.0, 0.0, 0.0, 0.0, 0.0, 0.0, 0.0, 0.0, 0.0, 0.0, 0.0, 0.0, 0.0, 0.0, 0.0, 0.0, 0.0, 0.0], "sigma_2014": [0.0, 0.0, 0.0, 0.0, 0.0, 0.0, 0.0, 0.0, 0.0, 0.0, 0.0, 0.0, 0.0, 0.0, 0.0, 0.0, 0.0, 0.0, 0.0, 0.0, 0.0, 0.0, 0.0, 0.0, 0.0, 0.0, 0.0, 0.0, 0.0, 0.0]}}