{"lambda_history": {"dream_mean": [0.9930972499153427, 1.0683158520735403, 1.1769141423822238, 1.2809536926533112, 1.4104880113620752, 1.504846329126193, 1.6059307251940564, 1.6762424542529493, 1.7609611449843365, 1.8616098642710937, 1.9241354488511944, 2.0268175398439263, 2.099696575551162, 2.1811043407370585, 2.2221414621192745, 2.3630652270471737, 2.507654475678602, 2.628098628795829, 2.7375365503916096, 2.8917149697650633, 2.9422149472309407, 2.975312996209064, 3.041294889027842, 3.025910439193369, 3.144573588284817, 3.310426270722588, 3.408872210710297, 3.4674166266152393, 3.6404678900695506, 3.795971382007009], "dream_std": [0.9827669773533334, 1.0038837319988883, 1.0303731583017754, 1.0700588815601264, 1.121636800846247, 1.1518138999593015, 1.1949582204403661, 1.2375093329359954, 1.2796111949571178, 1.3206620432678702, 1.3601785143667282, 1.3936466258477846, 1.4244525270254347, 1.4566538347814284, 1.4673420287893713, 1.5070080374310093, 1.560111610149907, 1.6113057986612276, 1.6478720122159771, 1.6857284529064689, 1.7049483217255799, 1.724061190795861, 1.73399054552088, 1.7502621032007126, 1.7693364103971743, 1.8048514084437564, 1.8244822005277883, 1.8585606215615469, 1.8818325168828767, 1.9309229326138795], "arctander": [1.031490159251758, 1.0194310312534127, 1.0079209946247492, 0.9959805336177556, 0.9848991462876097, 0.9777958338424466, 0.9699595499549405, 0.9649201251898529, 0.9599591782481773, 0.9551621650179801, 0.9512221935980179, 0.9483505757443814, 0.9448253597451868, 0.9416925317173857, 0.9417048685405853, 0.9392935394065166, 0.9366991675958315, 0.9341177978829764, 0.9324963228315937, 0.9319512321864785, 0.9325534131564402, 0.9341792469476555, 0.9348479193419943, 0.9354923227011778, 0.9352719022231204, 0.9335178521311486, 0.9347421282507694, 0.9364890793958103, 0.9367037348756828, 0.9373447578641351], "ifra_2019": [0.9953226807617648, 0.9546631929461427, 0.9215035533710035, 0.8963437189185345, 0.8774810704111055, 0.8653605005131254, 0.85784138077156, 0.8535207192864547, 0.8499019447603503, 0.8459454514434713, 0.8475476255693839, 0.8466459358906967, 0.8490205872108684, 0.8513052864701146, 0.8520182290317135, 0.8517625084013024, 0.8553433803110184, 0.8548208993865353, 0.8579613964220532, 0.8617390395906159, 0.8670936244641988, 0.8732311169940349, 0.8814483677757297, 0.8890493973475126, 0.8915100736555368, 0.8991819649987985, 0.9049875454507823, 0.9073152925422032, 0.9155685342455112, 0.9288869338888811], "leffingwell": [1.0815377107628716, 1.094625380393545, 1.10374900146989, 1.1072796069352098, 1.1056811155832673, 1.1019945522223447, 1.0967451036015856, 1.090519893488558, 1.0849752961039045, 1.0808082943517536, 1.0756263421357044, 1.0714898969420763, 1.0680309180018954, 1.0646764261373636, 1.0627769126612416, 1.0588563091971381, 1.0541162923601421, 1.051639265670709, 1.0492463593396386, 1.04525789007822, 1.0429584221111545, 1.039699296859411, 1.0367894190308058, 1.0349809006047503, 1.0327957016710843, 1.029185561088675, 1.0259985740140634, 1.0234800061484688, 1.0196013065680805, 1.0135417563120472], "sigma_2014": [0.9943100256725482, 0.9650482859353884, 0.935995252329381, 0.9140342357502765, 0.8955612338099785, 0.8828506619146707, 0.8722344305615599, 0.8641503232841297, 0.8575237370069604, 0.8516651229616339, 0.8471946687125766, 0.842178144620896, 0.8387990363697071, 0.8356650088454507, 0.8336501074797492, 0.8306933546296558, 0.8262410339655186, 0.8248608622238057, 0.8217846956190004, 0.8181936075672852, 0.8158912863980319, 0.8138212458885162, 0.8106006033302159, 0.8090676894625493, 0.8069068221875837, 0.8035738241698649, 0.8009836771603165, 0.7991802219830988, 0.7958439392846919, 0.7922965633732991]}, "lambda_history_scaled": {"dream_mean": [728.9333814378615, 784.1438354219786, 863.8549805085522, 940.2200104075304, 1035.2982003397633, 1104.5572055786258, 1178.7531522924373, 1230.3619614216648, 1292.545480418503, 1366.4216403749826, 1412.3154194567767, 1487.684074245442, 1541.177286454553, 1600.930586101001, 1631.0518331955475, 1734.4898766526255, 1840.6183851480937, 1929.0243935361384, 2009.3518279874415, 2122.5187878075562, 2159.5857712675106, 2183.879739217453, 2232.310448546436, 2221.018262367933, 2308.1170138010557, 2429.8528827103796, 2502.112202661358, 2545.083803935586, 2672.1034313110504, 2786.2429943931447], "dream_std": [721.3509613773467, 736.8506592871839, 756.2938981935032, 785.4232190651328, 823.2814118211453, 845.4314025701273, 877.0993338032288, 908.3318503750206, 939.2346170985245, 969.3659397586167, 998.3710295451785, 1022.936623372274, 1045.548154836669, 1069.1839147295684, 1077.0290491313986, 1106.1438994743608, 1145.1219218500319, 1182.6984562173411, 1209.5380569665272, 1237.3246844333482, 1251.4320681465756, 1265.4609140441619, 1272.749060412326, 1284.692383749323, 1298.6929252315258, 1324.7609337977171, 1339.1699351873967, 1364.1834962261755, 1381.2650673920314, 1417.2974325385876], "arctander": [2663.307591188039, 2632.1709226963117, 2602.452008121102, 2571.621737801045, 2543.009595714608, 2524.668842981197, 2504.4355579836565, 2491.4237632402, 2478.614598236794, 2466.2287100764247, 2456.055703870082, 2448.641186571993, 2439.539078862072, 2431.4501168942897, 2431.4819705717914, 2425.255918747626, 2418.557250732437, 2411.892154133845, 2407.705505551175, 2406.2980815054875, 2407.852912769929, 2412.0508156188466, 2413.7773277410292, 2415.441177214441, 2414.872051540097, 2410.3430942026257, 2413.5041751434865, 2418.0148029999823, 2418.569043449013, 2420.224164805197], "ifra_2019": [1100.826884922512, 1055.8574913984337, 1019.1829300283299, 991.3561531238992, 970.4940638746826, 957.0887135675167, 948.7725671333454, 943.9939155308189, 939.9915509049474, 935.6156692964793, 937.3876738797386, 936.3904050951105, 939.0167694552205, 941.5436468359468, 942.3321613090752, 942.0493342918404, 946.0097786239863, 945.4319147215081, 948.9053044427908, 953.0833777872213, 959.0055486574039, 965.7936153954025, 974.881894759957, 983.288633466349, 986.0101414630237, 994.4952532886712, 1000.9162252685652, 1003.4907135516768, 1012.6187988755354, 1027.3489488811026], "leffingwell": [4025.4833594594083, 4074.1956658247746, 4108.153783470931, 4121.2946970128505, 4115.345112200921, 4101.6237233715665, 4082.0852756051017, 4058.915043564413, 4038.2780520987326, 4022.768471577227, 4003.481245429092, 3988.085396418408, 3975.2110768030548, 3962.7256580832673, 3955.6556689251415, 3941.0631828317482, 3923.420840164449, 3914.201346826379, 3905.294949462135, 3890.4498668711344, 3881.891247097717, 3869.760782910728, 3858.930217632659, 3852.1989120508806, 3844.0656016197754, 3830.628658372049, 3818.766692480344, 3809.392582884601, 3794.9560630463957, 3772.4024169934396], "sigma_2014": [975.4181351847698, 946.712368502616, 918.2113425351228, 896.6675852710213, 878.545570367589, 866.0764993382919, 855.6619763808902, 847.7314671417312, 841.2307860038281, 835.4834856253628, 831.0979700070377, 826.176759873099, 822.8618546786827, 819.7873736773871, 817.8107554376339, 814.9101808916923, 810.5424543201738, 809.1885058415534, 806.1707864022394, 802.6479290235068, 800.3893519564692, 798.3586422166344, 795.1991918669418, 793.6954033627608, 791.5755925660196, 788.3059215106374, 785.7649872942704, 783.9957977654199, 780.7229044382827, 777.2429286692064]}, "l_hat": [0.16666666666666666, 0.060313783847502155, 0.05048775971948478, 0.04543685146981253, 0.042739496970756484, 0.04187559882767037, 0.04043354060966002, 0.039645551153616315, 0.03905631230452782, 0.03847580193190065, 0.037794937498777575, 0.037230859203308514, 0.03689839172693075, 0.036371414082334345, 0.03687299511520371, 0.03568715489973813, 0.03496535072328535, 0.03526606635302109, 0.03454465159466403, 0.033907932003098315, 0.034099901502929124, 0.03405642781252853, 0.033342404453323246, 0.0334612879966738, 0.032937090052305926, 0.03202320108624148, 0.032078320503791065, 0.031826850581917594, 0.031213806393268276, 0.030403636723533103],