{"train": {"dream_mean": [0.311505526304245, 0.18837811052799225, 0.16093479096889496, 0.14554426074028015, 0.13241901993751526, 0.1301182359457016, 0.1235428899526596, 0.12099083513021469, 0.11609882116317749, 0.11311604082584381, 0.10990563035011292, 0.1070849597454071, 0.10173554718494415, 0.09943398088216782, 0.10623247921466827, 0.10395501554012299, 0.09623187780380249, 0.09525798261165619, 0.09270130097866058, 0.09294328093528748, 0.09108278155326843, 0.09056013077497482, 0.08464027941226959, 0.08602336794137955, 0.08478238433599472, 0.08400184661149979, 0.08483003824949265, 0.08164611458778381, 0.07926143705844879, 0.07961046695709229], "dream_std": [0.3492460250854492, 0.22596709430217743, 0.19928491115570068, 0.18059112131595612, 0.16917000710964203, 0.16829952597618103, 0.16220252215862274, 0.15786752104759216, 0.15377403795719147, 0.1503090262413025, 0.1466413140296936, 0.1449114829301834, 0.14102184772491455, 0.1374838799238205, 0.1432924121618271, 0.14270266890525818, 0.13411524891853333, 0.13238587975502014, 0.12869864702224731, 0.13078412413597107, 0.12838557362556458, 0.12860515713691711, 0.1228155866265297, 0.12467001378536224, 0.12333279848098755, 0.12173163890838623, 0.12232561409473419, 0.11833415180444717, 0.11522681266069412, 0.11585627496242523], "arctander": [0.4277419149875641, 0.40332257747650146, 0.387461394071579, 0.37208291888237, 0.36880722641944885, 0.36527639627456665, 0.36717283725738525, 0.37271738052368164, 0.37325528264045715, 0.3715381324291229, 0.37398627400398254, 0.37509655952453613, 0.37496551871299744, 0.37851014733314514, 0.38126862049102783, 0.37842050194740295, 0.37874463200569153, 0.38184788823127747, 0.3873096704483032, 0.39145427942276, 0.3890199065208435, 0.396157443523407, 0.39814355969429016, 0.3978745937347412, 0.3929576277732849, 0.39722636342048645, 0.4037225544452667, 0.4061362147331238, 0.408349871635437, 0.40962567925453186], "ifra_2019": [0.3848230838775635, 0.3699161410331726, 0.35739314556121826, 0.35167738795280457, 0.3459041714668274, 0.34245750308036804, 0.34426701068878174, 0.34504249691963196, 0.3385799527168274, 0.3436925411224365, 0.3449276089668274, 0.3450137972831726, 0.3508731722831726, 0.3485466539859772, 0.3485753536224365, 0.3480870723724365, 0.35633042454719543, 0.35641658306121826, 0.3588005602359772, 0.36437270045280457, 0.36583754420280457, 0.3722713589668274, 0.37255859375, 0.36750343441963196, 0.3695427477359772, 0.3783605098724365, 0.38347312808036804, 0.3797391951084137, 0.38640281558036804, 0.38019874691963196], "leffingwell": [0.4285227060317993, 0.41528090834617615, 0.411823034286499, 0.41133812069892883, 0.4142720699310303, 0.4148569107055664, 0.41704031825065613, 0.4214314818382263, 0.4228716790676117, 0.4255887269973755, 0.430720716714859, 0.42910996079444885, 0.43217307329177856, 0.43281152844429016, 0.4317661225795746, 0.43329644203186035, 0.43847230076789856, 0.43848204612731934, 0.44078242778778076, 0.4450005888938904, 0.4432363212108612, 0.4462311863899231, 0.4442841410636902, 0.44143548607826233, 0.44529300928115845, 0.44405996799468994, 0.4458778500556946, 0.44812947511672974, 0.44656503200531006, 0.4455220699310303], "sigma_2014": [0.4074464440345764, 0.3679060637950897, 0.350469172000885, 0.3273370563983917, 0.31240904331207275, 0.3089718520641327, 0.3004164695739746, 0.2963520586490631, 0.29667821526527405, 0.29650259017944336, 0.3037533164024353, 0.30189672112464905, 0.30274975299835205, 0.3032013773918152, 0.29825881123542786, 0.29557427763938904, 0.3058858811855316, 0.31622257828712463, 0.3108535408973694, 0.30869588255882263, 0.30292537808418274, 0.32066336274147034, 0.31878167390823364, 0.31617242097854614, 0.32262030243873596, 0.3249535858631134, 0.3254302740097046, 0.3277384638786316, 0.33506447076797485, 0.3402077257633209]}, "val": {"DREAM": [2.2927680581788548, 2.902768701953216, 3.9995922973373665, 5.029670171993179, 5.652906719396225, 6.101029006053364, 6.4893349035097145, 6.864697609063622, 7.194475342308348, 7.503816298014161, 7.642467538939329, 7.8247322484966375, 8.100207847543945, 8.402722781079055, 8.671367162261744, 8.782231613873241, 8.872922865240051, 8.90792270334685, 9.055315331778985, 9.034607877753409, 9.044466064391093, 9.028043300752971, 8.991498173690117, 8.974155757892696, 9.00810521949971, 8.899033535466614, 8.938078447358048, 8.873722788341667, 8.818612967453383, 8.832100423645771]}}