{"lambda_history": {"dream_mean": [1.6, 1.6, 1.6, 1.6, 1.6, 1.6, 1.6, 1.6, 1.6, 1.6, 1.6, 1.6, 1.6, 1.6, 1.6, 1.6, 1.6, 1.6, 1.6, 1.6, 1.6, 1.6, 1.6, 1.6, 1.6, 1.6, 1.6, 1.6, 1.6, 1.6], "dream_std": [1.13, 1.13, 1.13, 1.13, 1.13, 1.13, 1.13, 1.13, 1.13, 1.13, 1.13, 1.13, 1.13, 1.13, 1.13, 1.13, 1.13, 1.13, 1.13, 1.13, 1.13, 1.13, 1.13, 1.13, 1.13, 1.13, 1.13, 1.13, 1.13, 1.13], "arctander": [0.78, 0.78, 0.78, 0.78, 0.78, 0.78, 0.78, 0.78, 0.78, 0.78, 0.78, 0.78, 0.78, 0.78, 0.78, 0.78, 0.78, 0.78, 0.78, 0.78, 0.78, 0.78, 0.78, 0.78, 0.78, 0.78, 0.78, 0.78, 0.78, 0.78], "ifra_2019": [0.72, 0.72, 0.72, 0.72, 0.72, 0.72, 0.72, 0.72, 0.72, 0.72, 0.72, 0.72, 0.72, 0.72, 0.72, 0.72, 0.72, 0.72, 0.72, 0.72, 0.72, 0.72, 0.72, 0.72, 0.72, 0.72, 0.72, 0.72, 0.72, 0.72], "leffingwell": [1.14, 1.14, 1.14, 1.14, 1.14, 1.14, 1.14, 1.14, 1.14, 1.14, 1.14, 1.14, 1.14, 1.14, 1.14, 1.14, 1.14, 1.14, 1.14, 1.14, 1.14, 1.14, 1.14, 1.14, 1.14, 1.14, 1.14, 1.14, 1.14, 1.14], "sigma_2014": [0.63, 0.63, 0.63, 0.63, 0.63, 0.63, 0.63, 0.63, 0.63, 0.63, 0.63, 0.63, 0.63, 0.63, 0.63, 0.63, 0.63, 0.63, 0.63, 0.63, 0.63, 0.63, 0.63, 0.63, 0.63, 0.63, 0.63, 0.63, 0.63, 0.63]}, "lambda_history_scaled": {"dream_mean": [1081.6000000000001, 1081.6000000000001, 1081.6000000000001, 1081.6000000000001, 1081.6000000000001, 1081.6000000000001, 1081.6000000000001, 1081.6000000000001, 1081.6000000000001, 1081.6000000000001, 1081.6000000000001, 1081.6000000000001, 1081.6000000000001, 1081.6000000000001, 1081.6000000000001, 1081.6000000000001, 1081.6000000000001, 1081.6000000000001, 1081.6000000000001, 1081.6000000000001, 1081.6000000000001, 1081.6000000000001, 1081.6000000000001, 1081.6000000000001, 1081.6000000000001, 1081.6000000000001, 1081.6000000000001, 1081.6000000000001, 1081.6000000000001, 1081.6000000000001], "dream_std": [763.8799999999999, 763.8799999999999, 763.8799999999999, 763.8799999999999, 763.8799999999999, 763.8799999999999, 763.8799999999999, 763.8799999999999, 763.8799999999999, 763.8799999999999, 763.8799999999999, 763.8799999999999, 763.8799999999999, 763.8799999999999, 763.8799999999999, 763.8799999999999, 763.8799999999999, 763.8799999999999, 763.8799999999999, 763.8799999999999, 763.8799999999999, 763.8799999999999, 763.8799999999999, 763.8799999999999, 763.8799999999999, 763.8799999999999, 763.8799999999999, 763.8799999999999, 763.8799999999999, 763.8799999999999], "arctander": [1984.3200000000002, 1984.3200000000002, 1984.3200000000002, 1984.3200000000002, 1984.3200000000002, 1984.3200000000002, 1984.3200000000002, 1984.3200000000002, 1984.3200000000002, 1984.3200000000002, 1984.3200000000002, 1984.3200000000002, 1984.3200000000002, 1984.3200000000002, 1984.3200000000002, 1984.3200000000002, 1984.3200000000002, 1984.3200000000002, 1984.3200000000002, 1984.3200000000002, 1984.3200000000002, 1984.3200000000002, 1984.3200000000002, 1984.3200000000002, 1984.3200000000002, 1984.3200000000002, 1984.3200000000002, 1984.3200000000002, 1984.3200000000002, 1984.3200000000002], "ifra_2019": [783.36, 783.36, 783.36, 783.36, 783.36, 783.36, 783.36, 783.36, 783.36, 783.36, 783.36, 783.36, 783.36, 783.36, 783.36, 783.36, 783.36, 783.36, 783.36, 783.36, 783.36, 783.36, 783.36, 783.36, 783.36, 783.36, 783.36, 783.36, 783.36, 783.36], "leffingwell": [4176.96, 4176.96, 4176.96, 4176.96, 4176.96, 4176.96, 4176.96, 4176.96, 4176.96, 4176.96, 4176.96, 4176.96, 4176.96, 4176.96, 4176.96, 4176.96, 4176.96, 4176.96, 4176.96, 4176.96, 4176.96, 4176.96, 4176.96, 4176.96, 4176.96, 4176.96, 4176.96, 4176.96, 4176.96, 4176.96], "sigma_2014": [597.87, 597.87, 597.87, 597.87, 597.87, 597.87, 597.87, 597.87, 597.87, 597.87, 597.87, 597.87, 597.87, 597.87, 597.87, 597.87, 597.87, 597.87, 597.87, 597.87, 597.87, 597.87, 597.87, 597.87, 597.87, 597.87, 597.87, 597.87, 597.87, 597.87]}, "l_hat": [0.16666666666666666, 0.05586683622249789, 0.04611714462215631, 0.0412921975726316, 0.03873636285218644, 0.0378003486643592, 0.03666314144008505, 0.03600508946996437, 0.03526887127455539, 0.03461819783286327, 0.03402745267621823, 0.03353157633758528, 0.03279521924983005, 0.03219748038526462, 0.03289865391076425, 0.032803770009926285, 0.03141909574891262, 0.030841612508502043, 0.030242185789703193, 0.030351223436692637, 0.0298374221644961, 0.02964190869740897, 0.028547553175347445, 0.028775127825667934, 0.028469855221805687, 0.02810294912774587, 0.027868605942866248, 0.027026326694366918, 0.02654212611385145, 0.02608984622398248], "r": {"dream_mean": [1.0, 0.7411118513891686, 0.6657100040735809, 0.6166543960081603, 0.5479558925944207, 0.5423871621127432, 0.515523202739244, 0.4961650033604795, 0.47271083191387675, 0.45296417033809183, 0.44222058395684705, 0.42049041350988564, 0.3932735639519814, 0.37768250457964214, 0.42094800707425434, 0.4079328630032633, 0.35726258542778566, 0.3560190962523174, 0.3430725757085059, 0.3474290774632248, 0.3379084923805641, 0.3577236351359456, 0.29852058786663005, 0.31034366322417556, 0.29909357748415966, 0.30573690341780124, 0.3133141953754006, 0.2941212126962224, 0.2812133869785067, 0.29456501599781615], "dream_std": [1.0, 0.8524995926481739, 0.7939581813315123, 0.7248459577968789, 0.666435980415546, 0.6741421575153439, 0.6483302741733179, 0.6159376404340337, 0.5953536697100316, 0.5813273136882571, 0.5609200982640569, 0.554080044625988, 0.5397785291938935, 0.5165864578657045, 0.5485792125779315, 0.5500856070290483, 0.4994066539002212, 0.4938704366266713, 0.4810753738321892, 0.4931353292730889, 0.4778311595607151, 0.49900331331415565, 0.4509928756274618, 0.4623731620119815, 0.459274469818922, 0.4567117122199, 0.4640531407561753, 0.44456583318305287, 0.4296416695809679, 0.44587962487913585], "arctander": [1.0, 1.034243391797571, 1.048384131269782, 1.0603137640971352, 1.07012411569487, 1.0690285107691693, 1.0787128970691018, 1.0850866002230788, 1.088963844404321, 1.0891496806867558, 1.09005966185431, 1.0964621210469412, 1.1029160062147347, 1.104528042146518, 1.100633449789343, 1.103545360566109, 1.1112292588981636, 1.1081719678222695, 1.112345883574061, 1.1123167835994714, 1.1097677522034004, 1.0981636915623587, 1.111813418406553, 1.1081863006525141, 1.1115236798233958, 1.1047174728998423, 1.0999690560277198, 1.1027914847910898, 1.0997920645438088, 1.0866993261406948], "ifra_2019": [1.0, 1.0698804880273178, 1.0897992390882336, 1.0918260921715415, 1.0884149752231382, 1.0725485042405611, 1.076777999630317, 1.0694028773758857, 1.0702764541132725, 1.0745635309278923, 1.067008634052907, 1.0552549237446738, 1.0515890710687361, 1.040097662296154, 1.0288256423075768, 1.026463382743003, 1.0343541885957095, 1.0188311781726578, 0.9931821796641968, 0.9848633007495045, 0.988350798895941, 0.9716814789796077, 0.9739946961981525, 0.9708762417500177, 0.9639597395968309, 0.9536875292413962, 0.9370796133406383, 0.9169372480537559, 0.9200902819003144, 0.9194712516870012], "leffingwell": [1.0, 1.0061645086419504, 1.0100814757168224, 1.020359996230106, 1.0331943562387553, 1.0414537648982136, 1.0438872419837135, 1.0489408840038104, 1.053785264830257, 1.0560947736145718, 1.060598311177175, 1.0627986496003359, 1.065213185153681, 1.0741378862827005, 1.068193463888282, 1.069761805461188, 1.0751648137481344, 1.0791060258528733, 1.0848463385195075, 1.0862234327646574, 1.0892498725789843, 1.094774617096837, 1.100033659365829, 1.1001363605041306, 1.1007247425686595, 1.1045097440150293, 1.1095275527601083, 1.1150182730756637, 1.1199411468188036, 1.1206009571945834],