{"train": {"dream_mean": [0.2972642779350281, 0.09508874267339706, 0.07134821265935898, 0.05979926884174347, 0.050446972250938416, 0.048746779561042786, 0.045158762484788895, 0.042891643941402435, 0.040195293724536896, 0.03792327269911766, 0.03650052845478058, 0.03431416302919388, 0.03152308613061905, 0.029837148264050484, 0.03374220058321953, 0.032650310546159744, 0.027648279443383217, 0.027071235701441765, 0.025661954656243324, 0.026049669831991196, 0.024960288777947426, 0.026156101375818253, 0.02124442346394062, 0.022212883457541466, 0.02121734991669655, 0.02140137366950512, 0.021725907921791077, 0.019863823428750038, 0.018698755651712418, 0.019194958731532097], "dream_std": [0.2474001795053482, 0.09103257209062576, 0.07081951200962067, 0.05850015953183174, 0.051062870770692825, 0.050424929708242416, 0.04726584255695343, 0.04431396350264549, 0.04213199019432068, 0.04050605744123459, 0.03853172808885574, 0.037631116807460785, 0.03600865229964256, 0.03396493196487427, 0.036596670746803284, 0.036642592400312424, 0.032165639102458954, 0.031253963708877563, 0.029948435723781586, 0.030772265046834946, 0.029375296086072922, 0.030365895479917526, 0.026711460202932358, 0.027543045580387115, 0.02711525186896324, 0.026606835424900055, 0.026780758053064346, 0.024987906217575073, 0.023776087909936905, 0.024181371554732323], "arctander": [0.10252518206834793, 0.045767366886138916, 0.03875308483839035, 0.03546306490898132, 0.03397906944155693, 0.03313703462481499, 0.03259023651480675, 0.03235182538628578, 0.031936030834913254, 0.03144976124167442, 0.031031180173158646, 0.03086020238697529, 0.03049047850072384, 0.030095046386122704, 0.030428145080804825, 0.03046327829360962, 0.029660062864422798, 0.029062286019325256, 0.028696663677692413, 0.028764205053448677, 0.028272904455661774, 0.027693655341863632, 0.027289174497127533, 0.02735663391649723, 0.027195096015930176, 0.026670603081583977, 0.02630668692290783, 0.025687256827950478, 0.025221744552254677, 0.02442323789000511], "ifra_2019": [0.138652503490448, 0.06402736157178879, 0.054479047656059265, 0.0493847094476223, 0.046737879514694214, 0.04496125876903534, 0.043995168060064316, 0.04311941936612129, 0.04244833067059517, 0.04196227714419365, 0.0410783626139164, 0.04016610234975815, 0.039315611124038696, 0.03832565248012543, 0.038465529680252075, 0.038320139050483704, 0.03733660653233528, 0.036134496331214905, 0.034651149064302444, 0.034442685544490814, 0.03405231237411499, 0.03313861042261124, 0.03233048692345619, 0.03241237998008728, 0.03189539164304733, 0.031137581914663315, 0.03030814416706562, 0.028884250670671463, 0.028535937890410423, 0.027946611866354942], "leffingwell": [0.10987637937068939, 0.04771731048822403, 0.04001437500119209, 0.03657371550798416, 0.03515872731804848, 0.03459697589278221, 0.03379940241575241, 0.0335165411233902, 0.033120233565568924, 0.03268183767795563, 0.03235733509063721, 0.032057520002126694, 0.031559646129608154, 0.031365491449832916, 0.03164874389767647, 0.03164807707071304, 0.03075510635972023, 0.03032916970551014, 0.029993943870067596, 0.030103489756584167, 0.02973990887403488, 0.02958773449063301, 0.028935983777046204, 0.0291051734238863, 0.028861865401268005, 0.028577547520399094, 0.0284379031509161, 0.02783428691327572, 0.027525393292307854, 0.0269909780472517], "sigma_2014": [0.1102767288684845, 0.05206095054745674, 0.04426462948322296, 0.040417399257421494, 0.03900640457868576, 0.037669215351343155, 0.036627840250730515, 0.03642600029706955, 0.03586989641189575, 0.0356198251247406, 0.035453952848911285, 0.03530000150203705, 0.03488573059439659, 0.03444230183959007, 0.03472983092069626, 0.03459044545888901, 0.03406819328665733, 0.03391386196017265, 0.03376086428761482, 0.03363550826907158, 0.033379003405570984, 0.03303224593400955, 0.03259432688355446, 0.03268555551767349, 0.03257742524147034, 0.032470617443323135, 0.03221133351325989, 0.03192056342959404, 0.031556934118270874, 0.03122052736580372]}, "val": {}}