{"train": {"dream_mean": [0.2952808141708374, 0.18198373913764954, 0.15603862702846527, 0.1422870010137558, 0.13201698660850525, 0.12156938016414642, 0.11875489354133606, 0.11462043970823288, 0.11190678924322128, 0.10753007233142853, 0.10485941916704178, 0.10074830055236816, 0.09576316177845001, 0.09693536907434464, 0.09601583331823349, 0.09433118999004364, 0.09202253818511963, 0.08698690682649612, 0.08473300188779831, 0.0834525004029274, 0.08427970856428146, 0.08332360535860062, 0.08364333212375641, 0.08016489446163177, 0.07749653607606888, 0.07698763161897659, 0.07426216453313828, 0.074538953602314, 0.07215408980846405, 0.07245650887489319], "dream_std": [0.3215048313140869, 0.2143213301897049, 0.19038459658622742, 0.1777929663658142, 0.1681584119796753, 0.1594303995370865, 0.15853849053382874, 0.1534101366996765, 0.14785628020763397, 0.1447320580482483, 0.14409984648227692, 0.1398436278104782, 0.1350899189710617, 0.13605841994285583, 0.1353379338979721, 0.13434092700481415, 0.1311110258102417, 0.1266503930091858, 0.12386612594127655, 0.12266190350055695, 0.12321420758962631, 0.12276654690504074, 0.12287046760320663, 0.11996522545814514, 0.11679147183895111, 0.11522352695465088, 0.11374548822641373, 0.11329980194568634, 0.1111014112830162, 0.10962724685668945], "arctander": [0.42289650440216064, 0.401088684797287, 0.3875783085823059, 0.37584397196769714, 0.37286123633384705, 0.3697632849216461, 0.36829903721809387, 0.37234604358673096, 0.37645408511161804, 0.3779250979423523, 0.3821144700050354, 0.3792537748813629, 0.38476502895355225, 0.3790368437767029, 0.3844803273677826, 0.383287250995636, 0.39145582914352417, 0.3935098648071289, 0.39782804250717163, 0.3951368033885956, 0.3935505449771881, 0.3980924189090729, 0.39913636445999146, 0.4024851620197296, 0.404837429523468, 0.4059017300605774, 0.402505487203598, 0.4088234603404999, 0.410762220621109, 0.41274845600128174], "ifra_2019": [0.3856431245803833, 0.3645550310611725, 0.3561480939388275, 0.3485620617866516, 0.3404947817325592, 0.34295743703842163, 0.34103259444236755, 0.3444293439388275, 0.3478260934352875, 0.3469485938549042, 0.3472033441066742, 0.35382699966430664, 0.35561028122901917, 0.35147759318351746, 0.3578747808933258, 0.35603487491607666, 0.3594316244125366, 0.3650079369544983, 0.368291437625885, 0.3645833432674408, 0.3723392188549042, 0.37185803055763245, 0.3729902505874634, 0.37836843729019165, 0.37890625, 0.3810575306415558, 0.3824445307254791, 0.38728487491607666, 0.38920968770980835, 0.3877660632133484], "leffingwell": [0.4238647222518921, 0.41400009393692017, 0.41078630089759827, 0.4103686511516571, 0.41429051756858826, 0.4157138168811798, 0.42199259996414185, 0.42446237802505493, 0.4300547242164612, 0.4297187030315399, 0.43283170461654663, 0.4366983473300934, 0.43530145287513733, 0.43682315945625305, 0.4447076618671417, 0.4416786730289459, 0.4404521882534027, 0.4398089349269867, 0.44344037771224976, 0.4415130615234375, 0.441057026386261, 0.4443788528442383, 0.44548532366752625, 0.4448108673095703, 0.4460085332393646, 0.4443500339984894, 0.44705742597579956, 0.445636510848999, 0.44578292965888977, 0.4444292485713959], "sigma_2014": [0.39860889315605164, 0.3674060106277466, 0.3465878665447235, 0.33046355843544006, 0.316114604473114, 0.3049272894859314, 0.30974268913269043, 0.3043922483921051, 0.303759902715683, 0.3079186677932739, 0.305170476436615, 0.3059730529785156, 0.3089401125907898, 0.31285569071769714, 0.31042367219924927, 0.30553528666496277, 0.3148985803127289, 0.31791430711746216, 0.3225351572036743, 0.32499149441719055, 0.32209739089012146, 0.3239457309246063, 0.3261345326900482, 0.32752078771591187, 0.32876113057136536, 0.3364706337451935, 0.3282747268676758, 0.3369327187538147, 0.34250205755233765, 0.3473418056964874]}, "val": {"dream_mean": [0.0, 0.0, 0.0, 0.0, 0.0, 0.0, 0.0, 0.0, 0.0, 0.0, 0.0, 0.0, 0.0, 0.0, 0.0, 0.0, 0.0, 0.0, 0.0, 0.0, 0.0, 0.0, 0.0, 0.0, 0.0, 0.0, 0.0, 0.0, 0.0, 0.0], "dream_std": [0.0, 0.0, 0.0, 0.0, 0.0, 0.0, 0.0, 0.0, 0.0, 0.0, 0.0, 0.0, 0.0, 0.0, 0.0, 0.0, 0.0, 0.0, 0.0, 0.0, 0.0, 0.0, 0.0, 0.0, 0.0, 0.0, 0.0, 0.0, 0.0, 0.0], "arctander": [0.0, 0.0, 0.0, 0.0, 0.0, 0.0, 0.0, 0.0, 0.0, 0.0, 0.0, 0.0, 0.0, 0.0, 0.0, 0.0, 0.0, 0.0, 0.0, 0.0, 0.0, 0.0, 0.0, 0.0, 0.0, 0.0, 0.0, 0.0, 0.0, 0.0], "ifra_2019": [0.0, 0.0, 0.0, 0.0, 0.0, 0.0, 0.0, 0.0, 0.0, 0.0, 0.0, 0.0, 0.0, 0.0, 0.0, 0.0, 0.0, 0.0, 0.0, 0.0, 0.0, 0.0, 0.0, 0.0, 0.0, 0.0, 0.0, 0.0, 0.0, 0.0], "leffingwell": [0.0, 0.0, 0.0, 0.0, 0.0, 0.0, 0.0, 0.0, 0.0, 0.0, 0.0, 0.0, 0.0, 0.0, 0.0, 0.0, 0.0, 0.0, 0.0, 0.0, 0.0, 0.0, 0.0, 0.0, 0.0, 0.0, 0.0, 0.0, 0.0, 0.0], "sigma_2014": [0.0, 0.0, 0.0, 0.0, 0.0, 0.0, 0.0, 0.0, 0.0, 0.0, 0.0, 0.0, 0.0, 0.0, 0.0, 0.0, 0.0, 0.0, 0.0, 0.0, 0.0, 0.0, 0.0, 0.0, 0.0, 0.0, 0.0, 0.0, 0.0, 0.0]}}