{"train": {"dream_mean": [0.16269786655902863, 0.0562262237071991, 0.04433894157409668, 0.04144883155822754, 0.03893611207604408, 0.036140598356723785, 0.037833504378795624, 0.03777683153748512, 0.03824171423912048, 0.03789859637618065, 0.036718931049108505, 0.035819604992866516, 0.03414813429117203, 0.03824899345636368, 0.038196153938770294, 0.03778218850493431, 0.03700600937008858, 0.03446383401751518, 0.033520784229040146, 0.03508329764008522, 0.03716066852211952, 0.036973193287849426, 0.037760958075523376, 0.03543531894683838, 0.033366329967975616, 0.035243723541498184, 0.03199831768870354, 0.03518347069621086, 0.03304341435432434, 0.034405723214149475], "dream_std": [0.1861860156059265, 0.07223104685544968, 0.05719399079680443, 0.05043138191103935, 0.04681019112467766, 0.043519821017980576, 0.044974930584430695, 0.04300506040453911, 0.04161277785897255, 0.041799552738666534, 0.042540255934000015, 0.040451522916555405, 0.038672782480716705, 0.04116605967283249, 0.04161087051033974, 0.04134650155901909, 0.039720356464385986, 0.03818163648247719, 0.037004295736551285, 0.03776898235082626, 0.03895009681582451, 0.038780052214860916, 0.03925907239317894, 0.03754810243844986, 0.036164797842502594, 0.03605601191520691, 0.03538881242275238, 0.036180298775434494, 0.03472204506397247, 0.03454537317156792], "arctander": [0.12360914796590805, 0.05987983196973801, 0.05055481940507889, 0.04599067568778992, 0.04334980249404907, 0.041952088475227356, 0.040723398327827454, 0.03960457071661949, 0.03885592892765999, 0.037816356867551804, 0.037233833223581314, 0.03690970689058304, 0.03583443537354469, 0.03619299456477165, 0.03547846898436546, 0.03504911810159683, 0.03430841863155365, 0.034071825444698334, 0.033532287925481796, 0.03279367461800575, 0.03269774466753006, 0.03272906690835953, 0.03234385699033737, 0.03199572488665581, 0.03129170089960098, 0.030689416453242302, 0.03057217411696911, 0.029941078275442123, 0.029585937038064003, 0.02887810952961445], "ifra_2019": [0.17059075832366943, 0.08506942540407181, 0.07094272971153259, 0.06254011392593384, 0.058388758450746536, 0.05402904003858566, 0.05220915749669075, 0.04976702108979225, 0.048224952071905136, 0.04720739647746086, 0.04650121182203293, 0.04554123431444168, 0.04370814934372902, 0.04498489946126938, 0.04381711035966873, 0.04269687831401825, 0.04272989183664322, 0.041155148297548294, 0.04205777496099472, 0.03959495946764946, 0.03875630348920822, 0.03929842263460159, 0.039367400109767914, 0.03831055387854576, 0.03732861950993538, 0.03638223931193352, 0.036487843841314316, 0.035471003502607346, 0.034958839416503906, 0.03454824909567833], "leffingwell": [0.09102290123701096, 0.044762689620256424, 0.03816016763448715, 0.03539743274450302, 0.034170981496572495, 0.03344111144542694, 0.03254092112183571, 0.03183036670088768, 0.03131277486681938, 0.030559642240405083, 0.030225129798054695, 0.029737982898950577, 0.029296768829226494, 0.029242556542158127, 0.028910741209983826, 0.028611082583665848, 0.02827341854572296, 0.027795584872364998, 0.02743077650666237, 0.027123091742396355, 0.02678040973842144, 0.026846081018447876, 0.02671748585999012, 0.026399550959467888, 0.025868194177746773, 0.025481630116701126, 0.025319218635559082, 0.02512829750776291, 0.024579588323831558, 0.024188237264752388], "sigma_2014": [0.17422360181808472, 0.0809716060757637, 0.06820973008871078, 0.06133994460105896, 0.0572144016623497, 0.05400889739394188, 0.05277422070503235, 0.05137396231293678, 0.05023492872714996, 0.04888080805540085, 0.04819464683532715, 0.04754692688584328, 0.04637094587087631, 0.046589773148298264, 0.04586884751915932, 0.04522131010890007, 0.0449276901781559, 0.04422623664140701, 0.043767984956502914, 0.04294435679912567, 0.043038032948970795, 0.04272362217307091, 0.04228483512997627, 0.04196585342288017, 0.041336070746183395, 0.04052632674574852, 0.04107742756605148, 0.040016625076532364, 0.039191365242004395, 0.0387299582362175]}, "val": {"dream_mean": [0.0, 0.0, 0.0, 0.0, 0.0, 0.0, 0.0, 0.0, 0.0, 0.0, 0.0, 0.0, 0.0, 0.0, 0.0, 0.0, 0.0, 0.0, 0.0, 0.0, 0.0, 0.0, 0.0, 0.0, 0.0, 0.0, 0.0, 0.0, 0.0, 0.0], "dream_std": [0.0, 0.0, 0.0, 0.0, 0.0, 0.0, 0.0, 0.0, 0.0, 0.0, 0.0, 0.0, 0.0, 0.0, 0.0, 0.0, 0.0, 0.0, 0.0, 0.0, 0.0, 0.0, 0.0, 0.0, 0.0, 0.0, 0.0, 0.0, 0.0, 0.0], "arctander": [0.0, 0.0, 0.0, 0.0, 0.0, 0.0, 0.0, 0.0, 0.0, 0.0, 0.0, 0.0, 0.0, 0.0, 0.0, 0.0, 0.0, 0.0, 0.0, 0.0, 0.0, 0.0, 0.0, 0.0, 0.0, 0.0, 0.0, 0.0, 0.0, 0.0], "ifra_2019": [0.0, 0.0, 0.0, 0.0, 0.0, 0.0, 0.0, 0.0, 0.0, 0.0, 0.0, 0.0, 0.0, 0.0, 0.0, 0.0, 0.0, 0.0, 0.0, 0.0, 0.0, 0.0, 0.0, 0.0, 0.0, 0.0, 0.0, 0.0, 0.0, 0.0], "leffingwell": [0.0, 0.0, 0.0, 0.0, 0.0, 0.0, 0.0, 0.0, 0.0, 0.0, 0.0, 0.0, 0.0, 0.0, 0.0, 0.0, 0.0, 0.0, 0.0, 0.0, 0.0, 0.0, 0.0, 0.0, 0.0, 0.0, 0.0, 0.0, 0.0, 0.0], "sigma_2014": [0.0, 0.0, 0.0, 0.0, 0.0, 0.0, 0.0, 0.0, 0.0, 0.0, 0.0, 0.0, 0.0, 0.0, 0.0, 0.0, 0.0, 0.0, 0.0, 0.0, 0.0, 0.0, 0.0, 0.0, 0.0, 0.0, 0.0, 0.0, 0.0, 0.0]}}