{"lambda_history": {"dream_mean": [1.0024393682545296, 1.0611404487323333, 1.1516184869243216, 1.2363686421063695, 1.334273330696777, 1.4665396128451813, 1.5662126836785373, 1.6567469402184312, 1.7318379537361879, 1.8029994260136817, 1.8970682922077415, 2.0087759533793466, 2.1566223524984762, 2.2171024073485386, 2.2691527034374173, 2.322691608055317, 2.387017062773553, 2.516873411453692, 2.686568952611211, 2.789209641174101, 2.8217141345735754, 2.8643153300523236, 2.8777554972544257, 2.9518213073546495, 3.086959309688459, 3.132420986778593, 3.325939405173381, 3.366805512522785, 3.4780747539358874, 3.509539928127478], "dream_std": [0.9895162110453163, 0.9937881569680531, 1.0140405106451824, 1.044456874884321, 1.0826186242587683, 1.1342891928304946, 1.16577382329629, 1.205327138499272, 1.2527322916827832, 1.2893775115372232, 1.3132511256982062, 1.354080701251675, 1.4064413938965397, 1.4353568041862577, 1.4518749827732471, 1.4652301597456858, 1.4925713474951294, 1.5317248018690006, 1.5855094391537214, 1.61762246047435, 1.6298102808175878, 1.6456393155612432, 1.6517362614361242, 1.6745279638729316, 1.7071300135194862, 1.7333785007520564, 1.768771364761578, 1.7833423072013135, 1.812122512161457, 1.8354872070234807], "arctander": [1.0348336020507432, 1.0223339704071985, 1.009311507938423, 0.9975589797326495, 0.9880145321458378, 0.9773541275653068, 0.9696967852209802, 0.9628409736122754, 0.9566694230238162, 0.9521370262008849, 0.9487583747172439, 0.9439979264063081, 0.9402252354555278, 0.9379329302234437, 0.937009297953231, 0.9359722617655557, 0.9365604262317215, 0.9342005026268299, 0.9331049512011834, 0.9331272331393011, 0.9330204900496365, 0.9329956248810777, 0.9345676387895516, 0.9346020853051116, 0.9343250143916033, 0.9351766597715178, 0.9353098255422063, 0.9378367794673834, 0.9381356735452531, 0.9406388989614609], "ifra_2019": [0.9976997044297339, 0.9584295326977834, 0.9244338048445542, 0.8989328865514322, 0.8784074472036179, 0.8655035009130516, 0.8561538252852159, 0.851095380305307, 0.8487112430094801, 0.8465081595816498, 0.8450801653893891, 0.8445631517658501, 0.8466492626655941, 0.8462968705414741, 0.848080299110276, 0.852074144552143, 0.8530694310468652, 0.8571232334123389, 0.8550428983987539, 0.8609568811250747, 0.8700423362889771, 0.8760432910138052, 0.8804121539835728, 0.8864903118087514, 0.8926816844164606, 0.9009384757932576, 0.9066253187432731, 0.9160415661410977, 0.9234445000810996, 0.9299153135863731], "leffingwell": [1.083104102815499, 1.0987775843449652, 1.1090878636865777, 1.1134757507710682, 1.1123075114539542, 1.1055255984964463, 1.101376341986933, 1.096126816260262, 1.090649952350239, 1.0862541555239758, 1.081900891001854, 1.0777599471313273, 1.0706593199652992, 1.0687422592947269, 1.066115663439757, 1.0629031542827245, 1.0592056635400056, 1.0547734201830357, 1.0512171693398262, 1.0462074960586667, 1.043878129069934, 1.0413536361152598, 1.0390192667783607, 1.0353673592819732, 1.0310350649340878, 1.0271099708928464, 1.0232624655780675, 1.0190051004146472, 1.015163249767968, 1.0119782620539433], "sigma_2014": [0.9956625077931125, 0.9666912194440497, 0.9398916900544101, 0.9178689047832538, 0.9006903725146481, 0.8878895927986252, 0.8768637715073482, 0.8668748748451172, 0.8584848782818487, 0.8517890681215461, 0.8460924008498527, 0.8404651583904816, 0.835120203322109, 0.8319876520895535, 0.8293361747245335, 0.8271098528233942, 0.8238692017311657, 0.8201939581884921, 0.816797006861006, 0.8139444947239489, 0.8104944170681643, 0.8086446193626541, 0.807833756311045, 0.8056142624809808, 0.8023436695689592, 0.8001642228792379, 0.7952984641881813, 0.793159214888103, 0.7911504748585713, 0.7889929107800802]}, "lambda_history_scaled": {"dream_mean": [733.7856175623157, 776.7548084720679, 842.9847324286034, 905.0218460218625, 976.6880780700407, 1073.5069966026726, 1146.4676844526894, 1212.7387602398917, 1267.7053821348895, 1319.795579842015, 1388.6539898960668, 1470.4239978736816, 1578.6475620288845, 1622.9189621791302, 1661.0197789161894, 1700.2102570964921, 1747.296489950241, 1842.3513371841025, 1966.5684733114065, 2041.701457339442, 2065.494746507857, 2096.678821598301, 2106.5170239902395, 2160.7331969836036, 2259.654214691952, 2292.93216232193, 2434.587644586915, 2464.5016351666786, 2545.9507198810697, 2568.983227389314], "dream_std": [724.3258664851716, 727.4529309006149, 742.2776537922736, 764.542432415323, 792.4768329574184, 830.299689151922, 853.3464386528842, 882.2994653814671, 917.0000375117974, 943.8243384452475, 961.2998240110869, 991.187073316226, 1029.5151003322671, 1050.6811806643407, 1062.772487390017, 1072.548476933842, 1092.5622263664347, 1121.2225549681084, 1160.5929094605242, 1184.0996410672242, 1193.0211255584743, 1204.6079789908301, 1209.070943371243, 1225.754469554986, 1249.6191698962639, 1268.8330625505052, 1294.740639005475, 1305.4065688713615, 1326.4736789021865, 1343.576635541188], "arctander": [2678.149362107323, 2645.8003154138296, 2612.098182544639, 2581.682639548097, 2556.981609193428, 2529.392482139014, 2509.575280151897, 2491.8324397085685, 2475.860466785636, 2464.13062380789, 2455.3866737682274, 2443.0666335395254, 2433.302909358906, 2427.3704234182724, 2424.9800631029616, 2422.296213449258, 2423.818383087695, 2417.710900798236, 2414.8756137086625, 2414.9332793645112, 2414.657028248459, 2414.592677192229, 2418.66104918736, 2418.750196769629, 2418.0331372454693, 2420.237195488688, 2420.58182850323, 2427.1215852615883, 2427.8951231351148, 2434.373470512261], "ifra_2019": [1101.4604736904262, 1058.106204098353, 1020.5749205483878, 992.4219067527812, 969.7618217127941, 955.515865008009, 945.1938231148783, 939.6092998570589, 936.977212282466, 934.5450081781414, 932.9685025898856, 932.3977195494984, 934.7007859828159, 934.3117450777874, 936.2806502177448, 940.6898555855659, 941.7886518757391, 946.2640496872222, 943.9673598322244, 950.4963967620826, 960.5267392630307, 967.1517932792409, 971.9750179978644, 978.6853042368615, 985.5205795957725, 994.6360772757564, 1000.9143518925736, 1011.3098890197718, 1019.4827280895339, 1026.6265061993558], "leffingwell": [4029.1472624736566, 4087.4526137632706, 4125.806852914069, 4142.129792868373, 4137.783942608709, 4112.55522640678, 4097.11999219139, 4077.5917564881747, 4057.2178227428894, 4040.86545854919, 4024.671314526897, 4009.2670033285376, 3982.8526702709128, 3975.721204576384, 3965.9502679958964, 3953.999733931735, 3940.2450683688207, 3923.7571230808926, 3910.5278699441537, 3891.89188533824, 3883.2266401401544, 3873.8355263487665, 3865.1516724155017, 3851.5665765289405, 3835.4504415548067, 3820.8490917213885, 3806.536371950411, 3790.6989735424877, 3776.4072891368405, 3764.559134840669], "sigma_2014": [974.7535951294572, 946.3907038357246, 920.1539645632674, 898.5936577828055, 881.7758746918405, 869.2439113498541, 858.4496323056939, 848.6705024733697, 840.4566958379299, 833.9014976909937, 828.3244604320058, 822.8153900642815, 817.5826790523447, 814.5159113956729, 811.9201150553183, 809.740545914103, 806.5679484948113, 802.9698850665337, 799.6442697169249, 796.851660334746, 793.4740343097328, 791.6630823560383, 790.8692474285131, 788.6963629688802, 785.494452508011, 783.3607741987739, 778.5971964402295, 776.5028713754529, 774.5363148865413, 772.4240596536985]}, "l_hat": [0.16666666666666666, 0.059736659621629905, 0.049945398485491205, 0.04536323960301599, 0.04287627828735074, 0.04097484903951576, 0.04021968825827511, 0.039094453417653066, 0.03834769123251337, 0.03753028134520074, 0.03707115831621888, 0.03640832547448057, 0.035380960198025724, 0.036109215228661014, 0.035623000353907405, 0.03515693173417278, 0.034631051595276956, 0.033839341834043864, 0.03345804658752901, 0.032963080741257186, 0.032965921964789334, 0.033001877925061505, 0.032910408412651145, 0.032249066667968646, 0.03143462192046043, 0.03107544863053169, 0.030759314091177777, 0.030597597196932554, 0.02989058297322161, 0.02955321042686474],